=> xbps-src: updating repositories for host (x86_64)...
[*] Updating repository `https://repo-default.voidlinux.org/current/bootstrap/x86_64-repodata' ...
[*] Updating repository `https://repo-default.voidlinux.org/current/x86_64-repodata' ...
[*] Updating repository `https://repo-default.voidlinux.org/current/nonfree/x86_64-repodata' ...
[*] Updating repository `https://repo-default.voidlinux.org/current/debug/x86_64-repodata' ...
[*] Updating repository `https://repo-default.voidlinux.org/current/multilib/bootstrap/x86_64-repodata' ...
[*] Updating repository `https://repo-default.voidlinux.org/current/multilib/x86_64-repodata' ...
[*] Updating repository `https://repo-default.voidlinux.org/current/multilib/nonfree/x86_64-repodata' ...
=> xbps-src: updating software in / masterdir...
=> xbps-src: cleaning up / masterdir...
=> rocm-llvm-7.2.3_1: removing autodeps, please wait...
=> rocm-llvm-7.2.3_1: building with [cmake] for x86_64...
   [host] cmake-4.2.2_2: found (https://repo-default.voidlinux.org/current)
   [host] ninja-1.13.2_2: found (https://repo-default.voidlinux.org/current)
   [host] python3-3.14.5_1: found (https://repo-default.voidlinux.org/current)
   [host] perl-5.42.2_1: found (https://repo-default.voidlinux.org/current)
   [host] cmake-bootstrap-4.1.2_1: found (https://repo-default.voidlinux.org/current/bootstrap)
   [host] ninja-1.13.2_2: found (https://repo-default.voidlinux.org/current)
=> rocm-llvm-7.2.3_1: installing host dependencies: cmake-4.2.2_2 ninja-1.13.2_2 python3-3.14.5_1 perl-5.42.2_1 cmake-bootstrap-4.1.2_1 ninja-1.13.2_2 ...
=> rocm-llvm-7.2.3_1: running do-fetch hook: 00-distfiles ...
=> rocm-llvm-7.2.3_1: running do-extract hook: 00-distfiles ...
=> rocm-llvm-7.2.3_1: extracting distfile(s), please wait...
=> rocm-llvm-7.2.3_1: running do-patch hook: 00-patches ...
=> rocm-llvm-7.2.3_1: running pre-configure hook: 00-gnu-configure-asneeded ...
=> rocm-llvm-7.2.3_1: running pre-configure hook: 01-override-config ...
=> rocm-llvm-7.2.3_1: running pre-configure hook: 02-script-wrapper ...
=> rocm-llvm-7.2.3_1: running do_configure ...
-- The C compiler identification is GNU 14.2.1
-- The CXX compiler identification is GNU 14.2.1
-- The ASM compiler identification is GNU
-- Found assembler: /usr/bin/cc
-- Detecting C compiler ABI info
-- Detecting C compiler ABI info - done
-- Check for working C compiler: /usr/bin/cc - skipped
-- Detecting C compile features
-- Detecting C compile features - done
-- Detecting CXX compiler ABI info
-- Detecting CXX compiler ABI info - done
-- Check for working CXX compiler: /usr/bin/g++ - skipped
-- Detecting CXX compile features
-- Detecting CXX compile features - done
-- bolt project is disabled
-- clang project is enabled
-- clang-tools-extra project is disabled
-- compiler-rt project is disabled
-- cross-project-tests project is disabled
-- libclc project is disabled
-- lld project is enabled
-- lldb project is disabled
-- mlir project is disabled
-- openmp project is disabled
-- polly project is disabled
-- flang project is disabled
-- libc project is disabled
-- Found Python3: /usr/bin/python3.14 (found suitable version "3.14.5", minimum required is "3.0") found components: Interpreter
-- Looking for __GLIBC__
-- Looking for __GLIBC__ - found
-- Looking for valgrind/valgrind.h
-- Looking for valgrind/valgrind.h - not found
-- Looking for FE_ALL_EXCEPT
-- Looking for FE_ALL_EXCEPT - found
-- Looking for FE_INEXACT
-- Looking for FE_INEXACT - found
-- Performing Test HAVE_BUILTIN_THREAD_POINTER
-- Performing Test HAVE_BUILTIN_THREAD_POINTER - Success
-- Looking for CrashReporterClient.h
-- Looking for CrashReporterClient.h - not found
-- Looking for linux/magic.h
-- Looking for linux/magic.h - found
-- Looking for pthread_create in pthread
-- Looking for pthread_create in pthread - found
-- Looking for pthread_rwlock_init in pthread
-- Looking for pthread_rwlock_init in pthread - found
-- Looking for pthread_mutex_lock in pthread
-- Looking for pthread_mutex_lock in pthread - found
-- Looking for dlopen in dl
-- Looking for dlopen in dl - found
-- Looking for shm_open in rt
-- Looking for shm_open in rt - found
-- Looking for pfm_initialize in pfm
-- Looking for pfm_initialize in pfm - not found
-- Performing Test CMAKE_HAVE_LIBC_PTHREAD
-- Performing Test CMAKE_HAVE_LIBC_PTHREAD - Success
-- Found Threads: TRUE
-- Could NOT find ZLIB (missing: ZLIB_LIBRARY ZLIB_INCLUDE_DIR) 
-- Could NOT find LibXml2 (missing: LIBXML2_LIBRARY LIBXML2_INCLUDE_DIR) 
-- Could NOT find LibEdit (missing: LibEdit_INCLUDE_DIRS LibEdit_LIBRARIES) 
-- Looking for arc4random
-- Looking for arc4random - found
-- Looking for backtrace
-- Looking for backtrace - found
-- backtrace facility detected in default set of libraries
-- Found Backtrace: /usr/include
-- Performing Test C_SUPPORTS_WERROR_UNGUARDED_AVAILABILITY_NEW
-- Performing Test C_SUPPORTS_WERROR_UNGUARDED_AVAILABILITY_NEW - Failed
-- Looking for __register_frame
-- Looking for __register_frame - found
-- Looking for __deregister_frame
-- Looking for __deregister_frame - found
-- Looking for __unw_add_dynamic_fde
-- Looking for __unw_add_dynamic_fde - not found
-- Looking for _Unwind_Backtrace
-- Looking for _Unwind_Backtrace - found
-- Looking for getpagesize
-- Looking for getpagesize - found
-- Looking for sysconf
-- Looking for sysconf - found
-- Looking for getrusage
-- Looking for getrusage - found
-- Looking for isatty
-- Looking for isatty - found
-- Looking for futimens
-- Looking for futimens - found
-- Looking for futimes
-- Looking for futimes - found
-- Looking for getauxval
-- Looking for getauxval - found
-- Looking for sigaltstack
-- Looking for sigaltstack - found
-- Looking for mallctl
-- Looking for mallctl - not found
-- Looking for mallinfo
-- Looking for mallinfo - found
-- Looking for mallinfo2
-- Looking for mallinfo2 - found
-- Looking for malloc_zone_statistics
-- Looking for malloc_zone_statistics - not found
-- Looking for posix_spawn
-- Looking for posix_spawn - found
-- Looking for pread
-- Looking for pread - found
-- Looking for sbrk
-- Looking for sbrk - found
-- Looking for strerror_r
-- Looking for strerror_r - found
-- Looking for strerror_s
-- Looking for strerror_s - not found
-- Looking for setenv
-- Looking for setenv - found
-- Performing Test HAVE_STRUCT_STAT_ST_MTIMESPEC_TV_NSEC
-- Performing Test HAVE_STRUCT_STAT_ST_MTIMESPEC_TV_NSEC - Failed
-- Performing Test HAVE_STRUCT_STAT_ST_MTIM_TV_NSEC
-- Performing Test HAVE_STRUCT_STAT_ST_MTIM_TV_NSEC - Success
-- Looking for pthread_getname_np
-- Looking for pthread_getname_np - found
-- Looking for pthread_setname_np
-- Looking for pthread_setname_np - found
-- Looking for pthread_get_name_np
-- Looking for pthread_get_name_np - not found
-- Looking for pthread_set_name_np
-- Looking for pthread_set_name_np - not found
-- Looking for dlopen
-- Looking for dlopen - found
-- Looking for proc_pid_rusage
-- Looking for proc_pid_rusage - not found
-- Performing Test HAVE_CXX_ATOMICS_WITHOUT_LIB
-- Performing Test HAVE_CXX_ATOMICS_WITHOUT_LIB - Success
-- Performing Test HAVE_CXX_ATOMICS64_WITHOUT_LIB
-- Performing Test HAVE_CXX_ATOMICS64_WITHOUT_LIB - Success
-- Performing Test LLVM_HAS_ATOMICS
-- Performing Test LLVM_HAS_ATOMICS - Success
-- LLVM host triple: x86_64-unknown-linux-gnu
-- Native target architecture is X86
-- Threads enabled.
-- Doxygen disabled.
-- Ninja version: 1.13.2
-- Could NOT find OCaml (missing: OCAMLFIND OCAML_VERSION OCAML_STDLIB_PATH) 
-- Could NOT find OCaml (missing: OCAMLFIND OCAML_VERSION OCAML_STDLIB_PATH) 
-- OCaml bindings disabled.
-- Could NOT find Python module pygments
-- Could NOT find Python module pygments.lexers.c_cpp
-- Could NOT find Python module yaml
-- LLVM default target triple: x86_64-unknown-linux-gnu
-- Performing Test LLVM_USES_LIBSTDCXX
-- Performing Test LLVM_USES_LIBSTDCXX - Success
-- Performing Test LLVM_DEFAULT_TO_GLIBCXX_USE_CXX11_ABI
-- Performing Test LLVM_DEFAULT_TO_GLIBCXX_USE_CXX11_ABI - Success
-- Performing Test C_SUPPORTS_FPIC
-- Performing Test C_SUPPORTS_FPIC - Success
-- Performing Test CXX_SUPPORTS_FPIC
-- Performing Test CXX_SUPPORTS_FPIC - Success
-- Building with -fPIC
-- Performing Test C_SUPPORTS_FNO_SEMANTIC_INTERPOSITION
-- Performing Test C_SUPPORTS_FNO_SEMANTIC_INTERPOSITION - Success
-- Performing Test CXX_SUPPORTS_FNO_SEMANTIC_INTERPOSITION
-- Performing Test CXX_SUPPORTS_FNO_SEMANTIC_INTERPOSITION - Success
-- Performing Test SUPPORTS_FVISIBILITY_INLINES_HIDDEN_FLAG
-- Performing Test SUPPORTS_FVISIBILITY_INLINES_HIDDEN_FLAG - Success
-- Performing Test C_SUPPORTS_CXX98_COMPAT_EXTRA_SEMI_FLAG
-- Performing Test C_SUPPORTS_CXX98_COMPAT_EXTRA_SEMI_FLAG - Failed
-- Performing Test CXX_SUPPORTS_CXX98_COMPAT_EXTRA_SEMI_FLAG
-- Performing Test CXX_SUPPORTS_CXX98_COMPAT_EXTRA_SEMI_FLAG - Failed
-- Performing Test CXX_SUPPORTS_SUGGEST_OVERRIDE_FLAG
-- Performing Test CXX_SUPPORTS_SUGGEST_OVERRIDE_FLAG - Success
-- Performing Test CXX_WSUGGEST_OVERRIDE_ALLOWS_ONLY_FINAL
-- Performing Test CXX_WSUGGEST_OVERRIDE_ALLOWS_ONLY_FINAL - Success
-- Performing Test C_WCOMMENT_ALLOWS_LINE_WRAP
-- Performing Test C_WCOMMENT_ALLOWS_LINE_WRAP - Failed
-- Performing Test C_SUPPORTS_CTAD_MAYBE_UNSPPORTED_FLAG
-- Performing Test C_SUPPORTS_CTAD_MAYBE_UNSPPORTED_FLAG - Failed
-- Performing Test CXX_SUPPORTS_CTAD_MAYBE_UNSPPORTED_FLAG
-- Performing Test CXX_SUPPORTS_CTAD_MAYBE_UNSPPORTED_FLAG - Success
-- Performing Test LINKER_SUPPORTS_COLOR_DIAGNOSTICS
-- Performing Test LINKER_SUPPORTS_COLOR_DIAGNOSTICS - Failed
-- Looking for os_signpost_interval_begin
-- Looking for os_signpost_interval_begin - not found
-- Looking for flock
-- Looking for flock - found
-- Linker detection: GNU ld
-- Performing Test LLVM_LINKER_SUPPORTS_B_SYMBOLIC_FUNCTIONS
-- Performing Test LLVM_LINKER_SUPPORTS_B_SYMBOLIC_FUNCTIONS - Success
-- Performing Test HAS_WERROR_GLOBAL_CTORS
-- Performing Test HAS_WERROR_GLOBAL_CTORS - Failed
-- Looking for __x86_64__
-- Looking for __x86_64__ - found
-- Could NOT find Git (missing: GIT_EXECUTABLE) 
-- Looking for logf128
-- Looking for logf128 - found
-- Targeting AMDGPU
-- Targeting X86
-- LLD version: 22.0.0
-- Could NOT find Git (missing: GIT_EXECUTABLE) 
-- Could NOT find Git (missing: GIT_EXECUTABLE) 
-- Looking for sys/resource.h
-- Looking for sys/resource.h - found
-- Looking for dlfcn.h
-- Looking for dlfcn.h - found
-- Looking for dladdr
-- Looking for dladdr - found
-- Clang version: 22.0.0git
-- Could NOT find Git (missing: GIT_EXECUTABLE) 
-- Could NOT find Git (missing: GIT_EXECUTABLE) 
-- Looking for include file sys/inotify.h
-- Looking for include file sys/inotify.h - found
-- Performing Test HAVE_LINKER_FLAG_LONG_PLT
-- Performing Test HAVE_LINKER_FLAG_LONG_PLT - Failed
-- Not building llvm-mt because libxml2 is not available
-- Configuring done (4.4s)
-- Generating done (0.9s)
-- Build files have been written to: /builddir/rocm-llvm-7.2.3/llvm/build
=> rocm-llvm-7.2.3_1: running pre-build hook: 02-script-wrapper ...
=> rocm-llvm-7.2.3_1: running do_build ...
[1/4503] Building CXX object lib/Support/CMakeFiles/LLVMSupport.dir/ABIBreak.cpp.o
[2/4503] Building CXX object lib/Demangle/CMakeFiles/LLVMDemangle.dir/Demangle.cpp.o
[3/4503] Building CXX object lib/Demangle/CMakeFiles/LLVMDemangle.dir/DLangDemangle.cpp.o
[4/4503] Building CXX object lib/Support/CMakeFiles/LLVMSupport.dir/AutoConvert.cpp.o
[5/4503] Building CXX object lib/Support/CMakeFiles/LLVMSupport.dir/AArch64BuildAttributes.cpp.o
[6/4503] Building CXX object lib/Support/CMakeFiles/LLVMSupport.dir/ARMWinEH.cpp.o
[7/4503] Building CXX object lib/Support/CMakeFiles/LLVMSupport.dir/ARMBuildAttributes.cpp.o
[8/4503] Building CXX object lib/Support/CMakeFiles/LLVMSupport.dir/APSInt.cpp.o
[9/4503] Building CXX object lib/Support/CMakeFiles/LLVMSupport.dir/AArch64AttributeParser.cpp.o
[10/4503] Building CXX object lib/Support/CMakeFiles/LLVMSupport.dir/Allocator.cpp.o
[11/4503] Building CXX object lib/Demangle/CMakeFiles/LLVMDemangle.dir/RustDemangle.cpp.o
[12/4503] Building CXX object lib/Support/CMakeFiles/LLVMSupport.dir/Base64.cpp.o
[13/4503] Building CXX object lib/Demangle/CMakeFiles/LLVMDemangle.dir/MicrosoftDemangleNodes.cpp.o
[14/4503] Building CXX object lib/Support/CMakeFiles/LLVMSupport.dir/BuryPointer.cpp.o
[15/4503] Building CXX object lib/Support/CMakeFiles/LLVMSupport.dir/BinaryStreamError.cpp.o
[16/4503] Building CXX object lib/Support/CMakeFiles/LLVMSupport.dir/BlockFrequency.cpp.o
[17/4503] Building CXX object lib/Support/CMakeFiles/LLVMSupport.dir/BinaryStreamRef.cpp.o
[18/4503] Building CXX object lib/Support/CMakeFiles/LLVMSupport.dir/COM.cpp.o
[19/4503] Building CXX object lib/Support/CMakeFiles/LLVMSupport.dir/ARMAttributeParser.cpp.o
[20/4503] Building CXX object lib/Demangle/CMakeFiles/LLVMDemangle.dir/MicrosoftDemangle.cpp.o
[21/4503] Building CXX object lib/Support/CMakeFiles/LLVMSupport.dir/APFixedPoint.cpp.o
[22/4503] Building CXX object lib/Support/CMakeFiles/LLVMSupport.dir/BranchProbability.cpp.o
[23/4503] Building CXX object lib/Support/CMakeFiles/LLVMSupport.dir/BinaryStreamWriter.cpp.o
[24/4503] Building CXX object lib/Support/CMakeFiles/LLVMSupport.dir/BinaryStreamReader.cpp.o
[25/4503] Building CXX object lib/Support/CMakeFiles/LLVMSupport.dir/AMDGPUMetadata.cpp.o
[26/4503] Building CXX object lib/Support/CMakeFiles/LLVMSupport.dir/circular_raw_ostream.cpp.o
[27/4503] Building CXX object lib/Support/CMakeFiles/LLVMSupport.dir/Chrono.cpp.o
[28/4503] Building CXX object lib/Support/CMakeFiles/LLVMSupport.dir/ConvertUTF.cpp.o
[29/4503] Building CXX object lib/Support/CMakeFiles/LLVMSupport.dir/CRC.cpp.o
[30/4503] Building CXX object lib/Support/CMakeFiles/LLVMSupport.dir/ConvertEBCDIC.cpp.o
[31/4503] Building CXX object lib/Support/CMakeFiles/LLVMSupport.dir/CrashRecoveryContext.cpp.o
[32/4503] Building CXX object lib/Support/CMakeFiles/LLVMSupport.dir/Compression.cpp.o
[33/4503] Building CXX object lib/Support/CMakeFiles/LLVMSupport.dir/CSKYAttributes.cpp.o
[34/4503] Building CXX object lib/Support/CMakeFiles/LLVMSupport.dir/ConvertUTFWrapper.cpp.o
[35/4503] Building CXX object lib/Support/CMakeFiles/LLVMSupport.dir/CachePruning.cpp.o
[36/4503] Building CXX object lib/Support/CMakeFiles/LLVMSupport.dir/DeltaTree.cpp.o
[37/4503] Building CXX object lib/Support/CMakeFiles/LLVMSupport.dir/DivisionByConstantInfo.cpp.o
[38/4503] Building CXX object lib/Support/CMakeFiles/LLVMSupport.dir/Caching.cpp.o
[39/4503] Building CXX object lib/Support/CMakeFiles/LLVMSupport.dir/DXILABI.cpp.o
[40/4503] Building CXX object lib/Support/CMakeFiles/LLVMSupport.dir/APInt.cpp.o
[41/4503] Building CXX object lib/Support/CMakeFiles/LLVMSupport.dir/DeltaAlgorithm.cpp.o
[42/4503] Building CXX object lib/Support/CMakeFiles/LLVMSupport.dir/CSKYAttributeParser.cpp.o
[43/4503] Building CXX object lib/Support/CMakeFiles/LLVMSupport.dir/DJB.cpp.o
[44/4503] Building CXX object lib/Support/CMakeFiles/LLVMSupport.dir/CodeGenCoverage.cpp.o
[45/4503] Building CXX object lib/Support/CMakeFiles/LLVMSupport.dir/ExtensibleRTTI.cpp.o
[46/4503] Building CXX object lib/Support/CMakeFiles/LLVMSupport.dir/DataExtractor.cpp.o
[47/4503] Building CXX object lib/Demangle/CMakeFiles/LLVMDemangle.dir/ItaniumDemangle.cpp.o
[48/4503] Building CXX object lib/Support/CMakeFiles/LLVMSupport.dir/DynamicAPInt.cpp.o
[49/4503] Linking CXX static library lib/libLLVMDemangle.a
[50/4503] Building CXX object lib/Support/CMakeFiles/LLVMSupport.dir/Debug.cpp.o
[51/4503] Building CXX object lib/Support/CMakeFiles/LLVMSupport.dir/ELFAttributes.cpp.o
[52/4503] Building CXX object lib/Support/CMakeFiles/LLVMSupport.dir/DebugCounter.cpp.o
[53/4503] Building CXX object lib/Support/CMakeFiles/LLVMSupport.dir/APFloat.cpp.o
[54/4503] Building CXX object lib/Support/CMakeFiles/LLVMSupport.dir/DAGDeltaAlgorithm.cpp.o
[55/4503] Building CXX object lib/Support/CMakeFiles/LLVMSupport.dir/ErrorHandling.cpp.o
[56/4503] Building CXX object lib/Support/CMakeFiles/LLVMSupport.dir/ExponentialBackoff.cpp.o
[57/4503] Building CXX object lib/Support/CMakeFiles/LLVMSupport.dir/FormattedStream.cpp.o
[58/4503] Building CXX object lib/Support/CMakeFiles/LLVMSupport.dir/FoldingSet.cpp.o
[59/4503] Building CXX object lib/Support/CMakeFiles/LLVMSupport.dir/FloatingPointMode.cpp.o
[60/4503] Building CXX object lib/Support/CMakeFiles/LLVMSupport.dir/BalancedPartitioning.cpp.o
[61/4503] Building CXX object lib/Support/CMakeFiles/LLVMSupport.dir/Error.cpp.o
[62/4503] Building CXX object lib/Support/CMakeFiles/LLVMSupport.dir/FileOutputBuffer.cpp.o
[63/4503] Building CXX object lib/Support/CMakeFiles/LLVMSupport.dir/FormatVariadic.cpp.o
[64/4503] Building CXX object lib/Support/CMakeFiles/LLVMSupport.dir/HexagonAttributes.cpp.o
[65/4503] Building CXX object lib/Support/CMakeFiles/LLVMSupport.dir/FileCollector.cpp.o
[66/4503] Building CXX object lib/Support/CMakeFiles/LLVMSupport.dir/FileUtilities.cpp.o
[67/4503] Building CXX object lib/Support/CMakeFiles/LLVMSupport.dir/InstructionCost.cpp.o
[68/4503] Building CXX object lib/Support/CMakeFiles/LLVMSupport.dir/IntEqClasses.cpp.o
[69/4503] Building CXX object lib/Support/CMakeFiles/LLVMSupport.dir/HexagonAttributeParser.cpp.o
[70/4503] Building CXX object lib/Support/CMakeFiles/LLVMSupport.dir/InitLLVM.cpp.o
[71/4503] Building CXX object lib/Support/CMakeFiles/LLVMSupport.dir/IntervalMap.cpp.o
[72/4503] Building CXX object lib/Support/CMakeFiles/LLVMSupport.dir/ELFAttrParserCompact.cpp.o
[73/4503] Building CXX object lib/Support/CMakeFiles/LLVMSupport.dir/MemAlloc.cpp.o
[74/4503] Building CXX object lib/Support/CMakeFiles/LLVMSupport.dir/GraphWriter.cpp.o
[75/4503] Building CXX object lib/Support/CMakeFiles/LLVMSupport.dir/ELFAttrParserExtended.cpp.o
[76/4503] Building CXX object lib/Support/CMakeFiles/LLVMSupport.dir/MathExtras.cpp.o
[77/4503] Building CXX object lib/Support/CMakeFiles/LLVMSupport.dir/LEB128.cpp.o
[78/4503] Building CXX object lib/Support/CMakeFiles/LLVMSupport.dir/Locale.cpp.o
[79/4503] Building CXX object lib/Support/CMakeFiles/LLVMSupport.dir/KnownFPClass.cpp.o
[80/4503] Building CXX object lib/Support/CMakeFiles/LLVMSupport.dir/LineIterator.cpp.o
[81/4503] Building CXX object lib/Support/CMakeFiles/LLVMSupport.dir/GlobPattern.cpp.o
[82/4503] Building CXX object lib/Support/CMakeFiles/LLVMSupport.dir/ManagedStatic.cpp.o
[83/4503] Building CXX object lib/Support/CMakeFiles/LLVMSupport.dir/Jobserver.cpp.o
[84/4503] Building CXX object lib/Support/CMakeFiles/LLVMSupport.dir/MemoryBufferRef.cpp.o
[85/4503] Building CXX object lib/Support/CMakeFiles/LLVMSupport.dir/MSP430Attributes.cpp.o
[86/4503] Building CXX object lib/Support/CMakeFiles/LLVMSupport.dir/ModRef.cpp.o
[87/4503] Building CXX object lib/Support/CMakeFiles/LLVMSupport.dir/Optional.cpp.o
[88/4503] Building CXX object lib/Support/CMakeFiles/LLVMSupport.dir/OptimizedStructLayout.cpp.o
[89/4503] Building CXX object lib/Support/CMakeFiles/LLVMSupport.dir/MSP430AttributeParser.cpp.o
[90/4503] Building CXX object lib/Support/CMakeFiles/LLVMSupport.dir/LockFileManager.cpp.o
[91/4503] Building CXX object lib/Support/CMakeFiles/LLVMSupport.dir/MD5.cpp.o
[92/4503] Building CXX object lib/Support/CMakeFiles/LLVMSupport.dir/OptionStrCmp.cpp.o
[93/4503] Building CXX object lib/Support/CMakeFiles/LLVMSupport.dir/MemoryBuffer.cpp.o
[94/4503] Building CXX object lib/Support/CMakeFiles/LLVMSupport.dir/NativeFormatting.cpp.o
[95/4503] Building CXX object lib/Support/CMakeFiles/LLVMSupport.dir/CommandLine.cpp.o
[96/4503] Building CXX object lib/Support/CMakeFiles/LLVMSupport.dir/PrettyStackTrace.cpp.o
[97/4503] Building CXX object lib/Support/CMakeFiles/LLVMSupport.dir/PluginLoader.cpp.o
[98/4503] Building CXX object lib/Support/CMakeFiles/LLVMSupport.dir/RISCVAttributes.cpp.o
[99/4503] Building CXX object lib/Support/CMakeFiles/LLVMSupport.dir/PGOOptions.cpp.o
[100/4503] Building CXX object lib/Support/CMakeFiles/LLVMSupport.dir/RewriteBuffer.cpp.o
[101/4503] Building CXX object lib/Support/CMakeFiles/LLVMSupport.dir/RewriteRope.cpp.o
[102/4503] Building CXX object lib/Support/CMakeFiles/LLVMSupport.dir/Regex.cpp.o
[103/4503] Building CXX object lib/Support/CMakeFiles/LLVMSupport.dir/KnownBits.cpp.o
[104/4503] Building CXX object lib/Support/CMakeFiles/LLVMSupport.dir/RISCVISAUtils.cpp.o
[105/4503] Building CXX object lib/Support/CMakeFiles/LLVMSupport.dir/Signposts.cpp.o
[106/4503] Building CXX object lib/Support/CMakeFiles/LLVMSupport.dir/RISCVAttributeParser.cpp.o
[107/4503] Building CXX object lib/Support/CMakeFiles/LLVMSupport.dir/ScaledNumber.cpp.o
[108/4503] Building CXX object lib/Support/CMakeFiles/LLVMSupport.dir/RandomNumberGenerator.cpp.o
[109/4503] Building CXX object lib/Support/CMakeFiles/LLVMSupport.dir/Parallel.cpp.o
[110/4503] Building CXX object lib/Support/CMakeFiles/LLVMSupport.dir/SHA1.cpp.o
[111/4503] Building CXX object lib/Support/CMakeFiles/LLVMSupport.dir/JSON.cpp.o
[112/4503] Building CXX object lib/Support/CMakeFiles/LLVMSupport.dir/SipHash.cpp.o
[113/4503] Building CXX object lib/Support/CMakeFiles/LLVMSupport.dir/SmallVector.cpp.o
[114/4503] Building CXX object lib/Support/CMakeFiles/LLVMSupport.dir/SmallPtrSet.cpp.o
[115/4503] Building CXX object lib/Support/CMakeFiles/LLVMSupport.dir/SHA256.cpp.o
[116/4503] Building CXX object lib/Support/CMakeFiles/LLVMSupport.dir/SlowDynamicAPInt.cpp.o
[117/4503] Building CXX object lib/Support/CMakeFiles/LLVMSupport.dir/StringMap.cpp.o
[118/4503] Building CXX object lib/Support/CMakeFiles/LLVMSupport.dir/StringExtras.cpp.o
[119/4503] Building CXX object lib/Support/CMakeFiles/LLVMSupport.dir/SystemUtils.cpp.o
[120/4503] Building CXX object lib/Support/CMakeFiles/LLVMSupport.dir/SuffixTreeNode.cpp.o
[121/4503] Building CXX object lib/Support/CMakeFiles/LLVMSupport.dir/StringSaver.cpp.o
[122/4503] Building CXX object lib/Support/CMakeFiles/LLVMSupport.dir/TextEncoding.cpp.o
[123/4503] Building CXX object lib/Support/CMakeFiles/LLVMSupport.dir/TarWriter.cpp.o
[124/4503] Building CXX object lib/Support/CMakeFiles/LLVMSupport.dir/SourceMgr.cpp.o
[125/4503] Building CXX object lib/Support/CMakeFiles/LLVMSupport.dir/SuffixTree.cpp.o
[126/4503] Building CXX object lib/Support/CMakeFiles/LLVMSupport.dir/Unicode.cpp.o
[127/4503] Building CXX object lib/Support/CMakeFiles/LLVMSupport.dir/ToolOutputFile.cpp.o
[128/4503] Building CXX object lib/Support/CMakeFiles/LLVMSupport.dir/ScopedPrinter.cpp.o
[129/4503] Building CXX object lib/Support/CMakeFiles/LLVMSupport.dir/Statistic.cpp.o
[130/4503] Building CXX object lib/Support/CMakeFiles/LLVMSupport.dir/StringRef.cpp.o
[131/4503] Building CXX object lib/Support/CMakeFiles/LLVMSupport.dir/Mustache.cpp.o
[132/4503] Building CXX object lib/Support/CMakeFiles/LLVMSupport.dir/UnicodeNameToCodepointGenerated.cpp.o
[133/4503] Building CXX object lib/Support/CMakeFiles/LLVMSupport.dir/Twine.cpp.o
[134/4503] Building CXX object lib/Support/CMakeFiles/LLVMSupport.dir/SpecialCaseList.cpp.o
[135/4503] Building CXX object lib/Support/CMakeFiles/LLVMSupport.dir/UnicodeCaseFold.cpp.o
[136/4503] Building CXX object lib/Support/CMakeFiles/LLVMSupport.dir/TrieRawHashMap.cpp.o
[137/4503] Building CXX object lib/Support/CMakeFiles/LLVMSupport.dir/VersionTuple.cpp.o
[138/4503] Building CXX object lib/Support/CMakeFiles/LLVMSupport.dir/ThreadPool.cpp.o
[139/4503] Building CXX object lib/Support/CMakeFiles/LLVMSupport.dir/VirtualOutputConfig.cpp.o
[140/4503] Building CXX object lib/Support/CMakeFiles/LLVMSupport.dir/VirtualOutputBackend.cpp.o
[141/4503] Building CXX object lib/Support/CMakeFiles/LLVMSupport.dir/VirtualOutputError.cpp.o
[142/4503] Building C object lib/Support/CMakeFiles/LLVMSupport.dir/regerror.c.o
[143/4503] Building CXX object lib/Support/CMakeFiles/LLVMSupport.dir/raw_os_ostream.cpp.o
[144/4503] Building C object lib/Support/CMakeFiles/LLVMSupport.dir/regfree.c.o
[145/4503] Building C object lib/Support/CMakeFiles/LLVMSupport.dir/regstrlcpy.c.o
[146/4503] Building CXX object lib/Support/CMakeFiles/LLVMSupport.dir/UnicodeNameToCodepoint.cpp.o
[147/4503] Building CXX object lib/Support/CMakeFiles/LLVMSupport.dir/Atomic.cpp.o
[148/4503] Building CXX object lib/Support/CMakeFiles/LLVMSupport.dir/VirtualOutputFile.cpp.o
[149/4503] Building CXX object lib/Support/CMakeFiles/LLVMSupport.dir/raw_ostream_proxy.cpp.o
[150/4503] Building CXX object lib/Support/CMakeFiles/LLVMSupport.dir/Timer.cpp.o
[151/4503] Building CXX object lib/Support/CMakeFiles/LLVMSupport.dir/Errno.cpp.o
[152/4503] Building CXX object lib/Support/CMakeFiles/LLVMSupport.dir/WithColor.cpp.o
[153/4503] Building C object lib/Support/CMakeFiles/LLVMSupport.dir/regcomp.c.o
[154/4503] Building C object lib/Support/CMakeFiles/LLVMSupport.dir/regexec.c.o
[155/4503] Building CXX object lib/Support/CMakeFiles/LLVMSupport.dir/ProgramStack.cpp.o
[156/4503] Building CXX object lib/Support/CMakeFiles/LLVMSupport.dir/Z3Solver.cpp.o
[157/4503] Building CXX object lib/Support/CMakeFiles/LLVMSupport.dir/xxhash.cpp.o
[158/4503] Building CXX object lib/Support/CMakeFiles/LLVMSupport.dir/Valgrind.cpp.o
[159/4503] Building CXX object lib/Support/CMakeFiles/LLVMSupport.dir/VirtualOutputBackends.cpp.o
[160/4503] Building CXX object lib/Support/CMakeFiles/LLVMSupport.dir/Watchdog.cpp.o
[161/4503] Building CXX object lib/Support/CMakeFiles/LLVMSupport.dir/DynamicLibrary.cpp.o
[162/4503] Building CXX object lib/Support/CMakeFiles/LLVMSupport.dir/raw_ostream.cpp.o
[163/4503] Building CXX object lib/Support/CMakeFiles/LLVMSupport.dir/TimeProfiler.cpp.o
[164/4503] Building CXX object lib/Support/CMakeFiles/LLVMSupport.dir/Memory.cpp.o
[165/4503] Building ASM object lib/Support/BLAKE3/CMakeFiles/LLVMSupportBlake3.dir/blake3_sse2_x86-64_unix.S.o
[166/4503] Building ASM object lib/Support/BLAKE3/CMakeFiles/LLVMSupportBlake3.dir/blake3_sse41_x86-64_unix.S.o
[167/4503] Building CXX object lib/Support/CMakeFiles/LLVMSupport.dir/raw_socket_stream.cpp.o
[168/4503] Building ASM object lib/Support/BLAKE3/CMakeFiles/LLVMSupportBlake3.dir/blake3_avx2_x86-64_unix.S.o
[169/4503] Building ASM object lib/Support/BLAKE3/CMakeFiles/LLVMSupportBlake3.dir/blake3_avx512_x86-64_unix.S.o
[170/4503] Building CXX object lib/Support/CMakeFiles/LLVMSupport.dir/RWMutex.cpp.o
[171/4503] Building C object lib/Support/BLAKE3/CMakeFiles/LLVMSupportBlake3.dir/blake3_dispatch.c.o
[172/4503] Building C object lib/Support/BLAKE3/CMakeFiles/LLVMSupportBlake3.dir/blake3_neon.c.o
[173/4503] Building CXX object lib/Support/CMakeFiles/LLVMSupport.dir/Process.cpp.o
[174/4503] Building C object lib/Support/BLAKE3/CMakeFiles/LLVMSupportBlake3.dir/blake3_portable.c.o
[175/4503] Building CXX object lib/Support/CMakeFiles/LLVMSupport.dir/YAMLTraits.cpp.o
[176/4503] Building C object lib/Support/BLAKE3/CMakeFiles/LLVMSupportBlake3.dir/blake3.c.o
[177/4503] Building CXX object lib/Support/CMakeFiles/LLVMSupport.dir/Threading.cpp.o
[178/4503] Building CXX object lib/Support/CMakeFiles/LLVMSupport.dir/Program.cpp.o
[179/4503] Building CXX object lib/Support/CMakeFiles/LLVMSupport.dir/YAMLParser.cpp.o
[180/4503] Building CXX object lib/TableGen/CMakeFiles/LLVMTableGen.dir/Error.cpp.o
[181/4503] Building CXX object lib/TableGen/CMakeFiles/LLVMTableGen.dir/StringToOffsetTable.cpp.o
[182/4503] Building CXX object utils/TableGen/CMakeFiles/llvm-min-tblgen.dir/llvm-min-tblgen.cpp.o
[183/4503] Building CXX object lib/Support/CMakeFiles/LLVMSupport.dir/Signals.cpp.o
[184/4503] Building CXX object lib/TableGen/CMakeFiles/LLVMTableGen.dir/TableGenBackendSkeleton.cpp.o
[185/4503] Building CXX object lib/TableGen/CMakeFiles/LLVMTableGen.dir/StringMatcher.cpp.o
[186/4503] Building CXX object lib/TableGen/CMakeFiles/LLVMTableGen.dir/DetailedRecordsBackend.cpp.o
[187/4503] Building CXX object lib/TableGen/CMakeFiles/LLVMTableGen.dir/Parser.cpp.o
[188/4503] Building CXX object lib/TableGen/CMakeFiles/LLVMTableGen.dir/TGTimer.cpp.o
[189/4503] Building CXX object lib/TableGen/CMakeFiles/LLVMTableGen.dir/TableGenBackend.cpp.o
[190/4503] Building CXX object lib/Support/CMakeFiles/LLVMSupport.dir/Path.cpp.o
[191/4503] Building CXX object lib/TableGen/CMakeFiles/LLVMTableGen.dir/TGLexer.cpp.o
[192/4503] Building CXX object lib/TableGen/CMakeFiles/LLVMTableGen.dir/Main.cpp.o
[193/4503] Building CXX object lib/TableGen/CMakeFiles/LLVMTableGen.dir/JSONBackend.cpp.o
[194/4503] Building CXX object utils/TableGen/Basic/CMakeFiles/obj.LLVMTableGenBasic.dir/Attributes.cpp.o
[195/4503] Generating VCSRevision.h
CMake Warning at /builddir/rocm-llvm-7.2.3/llvm/cmake/modules/VersionFromVCS.cmake:73 (message):
  Git not found.  Version cannot be determined.
Call Stack (most recent call first):
  /builddir/rocm-llvm-7.2.3/llvm/cmake/modules/GenerateVersionFromVCS.cmake:51 (get_source_info)


[196/4503] Building CXX object utils/TableGen/Basic/CMakeFiles/obj.LLVMTableGenBasic.dir/SDNodeProperties.cpp.o
[197/4503] Building CXX object lib/Support/CMakeFiles/LLVMSupport.dir/VirtualFileSystem.cpp.o
[198/4503] Building CXX object lib/TableGen/CMakeFiles/LLVMTableGen.dir/SetTheory.cpp.o
[199/4503] Linking CXX static library lib/libLLVMSupport.a
[200/4503] Building CXX object utils/TableGen/Basic/CMakeFiles/obj.LLVMTableGenBasic.dir/TableGen.cpp.o
[201/4503] Building CXX object utils/TableGen/Basic/CMakeFiles/obj.LLVMTableGenBasic.dir/ARMTargetDefEmitter.cpp.o
[202/4503] Building CXX object utils/TableGen/Basic/CMakeFiles/obj.LLVMTableGenBasic.dir/RISCVTargetDefEmitter.cpp.o
[203/4503] Building CXX object utils/TableGen/Basic/CMakeFiles/obj.LLVMTableGenBasic.dir/VTEmitter.cpp.o
[204/4503] Building CXX object utils/TableGen/Basic/CMakeFiles/obj.LLVMTableGenBasic.dir/TargetFeaturesEmitter.cpp.o
[205/4503] Building CXX object lib/DebugInfo/MSF/CMakeFiles/LLVMDebugInfoMSF.dir/MSFError.cpp.o
[206/4503] Building CXX object lib/DebugInfo/MSF/CMakeFiles/LLVMDebugInfoMSF.dir/MSFCommon.cpp.o
[207/4503] Building CXX object lib/DebugInfo/CodeView/CMakeFiles/LLVMDebugInfoCodeView.dir/CodeViewError.cpp.o
[208/4503] Building CXX object lib/DebugInfo/MSF/CMakeFiles/LLVMDebugInfoMSF.dir/MappedBlockStream.cpp.o
[209/4503] Building CXX object utils/TableGen/Basic/CMakeFiles/obj.LLVMTableGenBasic.dir/CodeGenIntrinsics.cpp.o
[210/4503] Building CXX object lib/DebugInfo/CodeView/CMakeFiles/LLVMDebugInfoCodeView.dir/AppendingTypeTableBuilder.cpp.o
[211/4503] Building CXX object lib/Bitstream/Reader/CMakeFiles/LLVMBitstreamReader.dir/BitstreamReader.cpp.o
[212/4503] Linking CXX static library lib/libLLVMBitstreamReader.a
[213/4503] Building CXX object lib/DebugInfo/CodeView/CMakeFiles/LLVMDebugInfoCodeView.dir/CodeViewRecordIO.cpp.o
[214/4503] Building CXX object lib/DebugInfo/MSF/CMakeFiles/LLVMDebugInfoMSF.dir/MSFBuilder.cpp.o
[215/4503] Building CXX object lib/DebugInfo/CodeView/CMakeFiles/LLVMDebugInfoCodeView.dir/DebugChecksumsSubsection.cpp.o
[216/4503] Building CXX object lib/DebugInfo/CodeView/CMakeFiles/LLVMDebugInfoCodeView.dir/ContinuationRecordBuilder.cpp.o
[217/4503] Building CXX object lib/DebugInfo/CodeView/CMakeFiles/LLVMDebugInfoCodeView.dir/CVSymbolVisitor.cpp.o
[218/4503] Building CXX object lib/DebugInfo/CodeView/CMakeFiles/LLVMDebugInfoCodeView.dir/DebugCrossExSubsection.cpp.o
[219/4503] Building CXX object lib/DebugInfo/CodeView/CMakeFiles/LLVMDebugInfoCodeView.dir/DebugFrameDataSubsection.cpp.o
[220/4503] Building CXX object utils/TableGen/Basic/CMakeFiles/obj.LLVMTableGenBasic.dir/DirectiveEmitter.cpp.o
[221/4503] Building CXX object lib/DebugInfo/CodeView/CMakeFiles/LLVMDebugInfoCodeView.dir/DebugInlineeLinesSubsection.cpp.o
[222/4503] Building CXX object lib/DebugInfo/CodeView/CMakeFiles/LLVMDebugInfoCodeView.dir/DebugSubsection.cpp.o
[223/4503] Building CXX object lib/DebugInfo/CodeView/CMakeFiles/LLVMDebugInfoCodeView.dir/DebugCrossImpSubsection.cpp.o
[224/4503] Building CXX object lib/DebugInfo/CodeView/CMakeFiles/LLVMDebugInfoCodeView.dir/Line.cpp.o
[225/4503] Building CXX object lib/DebugInfo/CodeView/CMakeFiles/LLVMDebugInfoCodeView.dir/DebugLinesSubsection.cpp.o
[226/4503] Building CXX object lib/DebugInfo/CodeView/CMakeFiles/LLVMDebugInfoCodeView.dir/DebugSubsectionRecord.cpp.o
[227/4503] Building CXX object lib/DebugInfo/CodeView/CMakeFiles/LLVMDebugInfoCodeView.dir/DebugStringTableSubsection.cpp.o
[228/4503] Building CXX object utils/TableGen/Basic/CMakeFiles/obj.LLVMTableGenBasic.dir/RuntimeLibcallsEmitter.cpp.o
[229/4503] Building CXX object lib/DebugInfo/CodeView/CMakeFiles/LLVMDebugInfoCodeView.dir/CVTypeVisitor.cpp.o
[230/4503] Building CXX object utils/TableGen/Basic/CMakeFiles/obj.LLVMTableGenBasic.dir/IntrinsicEmitter.cpp.o
[231/4503] Building CXX object lib/DebugInfo/CodeView/CMakeFiles/LLVMDebugInfoCodeView.dir/DebugSymbolRVASubsection.cpp.o
[232/4503] Building CXX object lib/DebugInfo/CodeView/CMakeFiles/LLVMDebugInfoCodeView.dir/Formatters.cpp.o
[233/4503] Building CXX object lib/DebugInfo/CodeView/CMakeFiles/LLVMDebugInfoCodeView.dir/DebugSymbolsSubsection.cpp.o
[234/4503] Building CXX object lib/DebugInfo/CodeView/CMakeFiles/LLVMDebugInfoCodeView.dir/DebugSubsectionVisitor.cpp.o
[235/4503] Building CXX object lib/TableGen/CMakeFiles/LLVMTableGen.dir/Record.cpp.o
[236/4503] Building CXX object lib/TableGen/CMakeFiles/LLVMTableGen.dir/TGParser.cpp.o
[237/4503] Linking CXX static library lib/libLLVMTableGen.a
[238/4503] Linking CXX executable bin/llvm-min-tblgen
[239/4503] Building CXX object lib/DebugInfo/CodeView/CMakeFiles/LLVMDebugInfoCodeView.dir/GlobalTypeTableBuilder.cpp.o
[240/4503] Building CXX object lib/DebugInfo/CodeView/CMakeFiles/LLVMDebugInfoCodeView.dir/RecordSerialization.cpp.o
[241/4503] Building CXX object lib/DebugInfo/CodeView/CMakeFiles/LLVMDebugInfoCodeView.dir/StringsAndChecksums.cpp.o
[242/4503] Building CXX object lib/DebugInfo/CodeView/CMakeFiles/LLVMDebugInfoCodeView.dir/LazyRandomTypeCollection.cpp.o
[243/4503] Building Attributes.inc...
[244/4503] Building CXX object lib/DebugInfo/CodeView/CMakeFiles/LLVMDebugInfoCodeView.dir/SymbolSerializer.cpp.o
[245/4503] Building CXX object lib/DebugInfo/CodeView/CMakeFiles/LLVMDebugInfoCodeView.dir/RecordName.cpp.o
[246/4503] Building PPCGenTargetFeatures.inc...
[247/4503] Building CXX object lib/DebugInfo/CodeView/CMakeFiles/LLVMDebugInfoCodeView.dir/MergingTypeTableBuilder.cpp.o
[248/4503] Building CXX object lib/DebugInfo/CodeView/CMakeFiles/LLVMDebugInfoCodeView.dir/SimpleTypeSerializer.cpp.o
[249/4503] Building IntrinsicEnums.inc...
[250/4503] Building CXX object lib/DebugInfo/CodeView/CMakeFiles/LLVMDebugInfoCodeView.dir/TypeIndex.cpp.o
[251/4503] Building ARMTargetParserDef.inc...
[252/4503] Building IntrinsicsAArch64.h...
[253/4503] Building AArch64TargetParserDef.inc...
[254/4503] Building IntrinsicImpl.inc...
[255/4503] Building IntrinsicsAMDGPU.h...
[256/4503] Building CXX object lib/DebugInfo/CodeView/CMakeFiles/LLVMDebugInfoCodeView.dir/TypeIndexDiscovery.cpp.o
[257/4503] Building IntrinsicsDirectX.h...
[258/4503] Building IntrinsicsARM.h...
[259/4503] Building IntrinsicsHexagon.h...
[260/4503] Building IntrinsicsBPF.h...
[261/4503] Building IntrinsicsMips.h...
[262/4503] Building IntrinsicsLoongArch.h...
[263/4503] Building CXX object lib/DebugInfo/CodeView/CMakeFiles/LLVMDebugInfoCodeView.dir/SymbolRecordHelpers.cpp.o
[264/4503] Building RuntimeLibcalls.inc...
[265/4503] Building IntrinsicsPowerPC.h...
[266/4503] Building IntrinsicsNVPTX.h...
[267/4503] Building IntrinsicsS390.h...
[268/4503] Building IntrinsicsRISCV.h...
[269/4503] Building IntrinsicsR600.h...
[270/4503] Building IntrinsicsWebAssembly.h...
[271/4503] Linking CXX static library lib/libLLVMDebugInfoMSF.a
[272/4503] Building GenVT.inc...
[273/4503] Building CXX object lib/DebugInfo/CodeView/CMakeFiles/LLVMDebugInfoCodeView.dir/SymbolRecordMapping.cpp.o
[274/4503] Building IntrinsicsX86.h...
[275/4503] Building IntrinsicsSPIRV.h...
[276/4503] Building IntrinsicsVE.h...
[277/4503] Building IntrinsicsXCore.h...
[278/4503] Building CXX object lib/CodeGenTypes/CMakeFiles/LLVMCodeGenTypes.dir/LowLevelType.cpp.o
[279/4503] Building CXX object lib/DebugInfo/CodeView/CMakeFiles/LLVMDebugInfoCodeView.dir/TypeHashing.cpp.o
[280/4503] Building CXX object lib/DebugInfo/CodeView/CMakeFiles/LLVMDebugInfoCodeView.dir/TypeDumpVisitor.cpp.o
[281/4503] Building CXX object lib/DebugInfo/CodeView/CMakeFiles/LLVMDebugInfoCodeView.dir/TypeTableCollection.cpp.o
[282/4503] Building RISCVTargetParserDef.inc...
[283/4503] Building CXX object lib/DebugInfo/CodeView/CMakeFiles/LLVMDebugInfoCodeView.dir/TypeRecordHelpers.cpp.o
[284/4503] Building CXX object lib/DebugInfo/CodeView/CMakeFiles/LLVMDebugInfoCodeView.dir/SymbolDumper.cpp.o
[285/4503] Building CXX object tools/clang/utils/TableGen/CMakeFiles/clang-tblgen.dir/CIRLoweringEmitter.cpp.o
[286/4503] Building CXX object lib/Remarks/CMakeFiles/LLVMRemarks.dir/Remark.cpp.o
[287/4503] Building CXX object lib/Remarks/CMakeFiles/LLVMRemarks.dir/RemarkFormat.cpp.o
[288/4503] Building CXX object lib/DebugInfo/CodeView/CMakeFiles/LLVMDebugInfoCodeView.dir/TypeStreamMerger.cpp.o
[289/4503] Building CXX object tools/clang/utils/TableGen/CMakeFiles/clang-tblgen.dir/ASTTableGen.cpp.o
[290/4503] Building CXX object lib/TargetParser/CMakeFiles/LLVMTargetParser.dir/ARMTargetParserCommon.cpp.o
[291/4503] Building CXX object lib/Remarks/CMakeFiles/LLVMRemarks.dir/RemarkLinker.cpp.o
[292/4503] Building CXX object lib/TargetParser/CMakeFiles/LLVMTargetParser.dir/LoongArchTargetParser.cpp.o
[293/4503] Building CXX object tools/clang/utils/TableGen/CMakeFiles/clang-tblgen.dir/ClangASTNodesEmitter.cpp.o
[294/4503] Building CXX object lib/TargetParser/CMakeFiles/LLVMTargetParser.dir/PPCTargetParser.cpp.o
[295/4503] Building CXX object lib/TargetParser/CMakeFiles/LLVMTargetParser.dir/CSKYTargetParser.cpp.o
[296/4503] Building CXX object lib/TargetParser/CMakeFiles/LLVMTargetParser.dir/ARMTargetParser.cpp.o
[297/4503] Building CXX object lib/TargetParser/CMakeFiles/LLVMTargetParser.dir/AArch64TargetParser.cpp.o
[298/4503] Building CXX object lib/TargetParser/CMakeFiles/LLVMTargetParser.dir/RISCVTargetParser.cpp.o
[299/4503] Building CXX object tools/clang/utils/TableGen/CMakeFiles/clang-tblgen.dir/ClangASTPropertiesEmitter.cpp.o
[300/4503] Building CXX object lib/TargetParser/CMakeFiles/LLVMTargetParser.dir/SubtargetFeature.cpp.o
[301/4503] Building CXX object lib/TargetParser/CMakeFiles/LLVMTargetParser.dir/TargetDataLayout.cpp.o
[302/4503] Building CXX object lib/TargetParser/CMakeFiles/LLVMTargetParser.dir/Host.cpp.o
[303/4503] Building CXX object lib/DebugInfo/CodeView/CMakeFiles/LLVMDebugInfoCodeView.dir/TypeRecordMapping.cpp.o
[304/4503] Building CXX object lib/TargetParser/CMakeFiles/LLVMTargetParser.dir/XtensaTargetParser.cpp.o
[305/4503] Building CXX object lib/BinaryFormat/CMakeFiles/LLVMBinaryFormat.dir/COFF.cpp.o
[306/4503] Building CXX object lib/Remarks/CMakeFiles/LLVMRemarks.dir/BitstreamRemarkSerializer.cpp.o
[307/4503] Building CXX object lib/BinaryFormat/CMakeFiles/LLVMBinaryFormat.dir/Minidump.cpp.o
[308/4503] Building CXX object lib/Remarks/CMakeFiles/LLVMRemarks.dir/BitstreamRemarkParser.cpp.o
[309/4503] Building CXX object lib/TargetParser/CMakeFiles/LLVMTargetParser.dir/TargetParser.cpp.o
[310/4503] Building CXX object lib/TargetParser/CMakeFiles/LLVMTargetParser.dir/X86TargetParser.cpp.o
[311/4503] Building CXX object lib/BinaryFormat/CMakeFiles/LLVMBinaryFormat.dir/AMDGPUMetadataVerifier.cpp.o
[312/4503] Building CXX object lib/BinaryFormat/CMakeFiles/LLVMBinaryFormat.dir/MsgPackReader.cpp.o
[313/4503] Building CXX object lib/BinaryFormat/CMakeFiles/LLVMBinaryFormat.dir/ELF.cpp.o
[314/4503] Building CXX object lib/BinaryFormat/CMakeFiles/LLVMBinaryFormat.dir/MsgPackWriter.cpp.o
[315/4503] Building CXX object lib/BinaryFormat/CMakeFiles/LLVMBinaryFormat.dir/Magic.cpp.o
[316/4503] Building CXX object lib/BinaryFormat/CMakeFiles/LLVMBinaryFormat.dir/MachO.cpp.o
[317/4503] Building CXX object lib/TargetParser/CMakeFiles/LLVMTargetParser.dir/RISCVISAInfo.cpp.o
[318/4503] Building CXX object lib/BinaryFormat/CMakeFiles/LLVMBinaryFormat.dir/Wasm.cpp.o
[319/4503] Building CXX object lib/BinaryFormat/CMakeFiles/LLVMBinaryFormat.dir/SFrame.cpp.o
[320/4503] Building CXX object lib/DebugInfo/CodeView/CMakeFiles/LLVMDebugInfoCodeView.dir/EnumTables.cpp.o
[321/4503] Building CXX object lib/BinaryFormat/CMakeFiles/LLVMBinaryFormat.dir/MsgPackDocumentYAML.cpp.o
[322/4503] Building CXX object lib/TargetParser/CMakeFiles/LLVMTargetParser.dir/Triple.cpp.o
[323/4503] Linking CXX static library lib/libLLVMTargetParser.a
[324/4503] Building CXX object lib/BinaryFormat/CMakeFiles/LLVMBinaryFormat.dir/MsgPackDocument.cpp.o
[325/4503] Building CXX object lib/BinaryFormat/CMakeFiles/LLVMBinaryFormat.dir/XCOFF.cpp.o
[326/4503] Building CXX object lib/BinaryFormat/CMakeFiles/LLVMBinaryFormat.dir/DXContainer.cpp.o
[327/4503] Building CXX object lib/Remarks/CMakeFiles/LLVMRemarks.dir/RemarkStringTable.cpp.o
[328/4503] Building CXX object lib/Remarks/CMakeFiles/LLVMRemarks.dir/RemarkStreamer.cpp.o
[329/4503] Building CXX object lib/BinaryFormat/CMakeFiles/LLVMBinaryFormat.dir/Dwarf.cpp.o
[330/4503] Building CXX object lib/Remarks/CMakeFiles/LLVMRemarks.dir/RemarkSerializer.cpp.o
[331/4503] Building CXX object lib/Remarks/CMakeFiles/LLVMRemarks.dir/RemarkParser.cpp.o
[332/4503] Building CXX object lib/IR/CMakeFiles/LLVMCore.dir/AbstractCallSite.cpp.o
[333/4503] Building CXX object lib/IR/CMakeFiles/LLVMCore.dir/BuiltinGCs.cpp.o
[334/4503] Building CXX object lib/Remarks/CMakeFiles/LLVMRemarks.dir/YAMLRemarkParser.cpp.o
[335/4503] Building CXX object lib/Remarks/CMakeFiles/LLVMRemarks.dir/YAMLRemarkSerializer.cpp.o
[336/4503] Building CXX object lib/IR/CMakeFiles/LLVMCore.dir/Comdat.cpp.o
[337/4503] Building CXX object lib/IR/CMakeFiles/LLVMCore.dir/Assumptions.cpp.o
[338/4503] Building CXX object lib/IR/CMakeFiles/LLVMCore.dir/ConstantRangeList.cpp.o
[339/4503] Building CXX object lib/IR/CMakeFiles/LLVMCore.dir/ConstantFPRange.cpp.o
[340/4503] Building CXX object lib/IR/CMakeFiles/LLVMCore.dir/DataLayout.cpp.o
[341/4503] Building CXX object lib/IR/CMakeFiles/LLVMCore.dir/ConstantFold.cpp.o
[342/4503] Building CXX object lib/IR/CMakeFiles/LLVMCore.dir/ConstantRange.cpp.o
[343/4503] Building CXX object lib/IR/CMakeFiles/LLVMCore.dir/CycleInfo.cpp.o
[344/4503] Building CXX object lib/IR/CMakeFiles/LLVMCore.dir/ConvergenceVerifier.cpp.o
[345/4503] Building CXX object lib/IR/CMakeFiles/LLVMCore.dir/BasicBlock.cpp.o
[346/4503] Building CXX object lib/IR/CMakeFiles/LLVMCore.dir/DiagnosticHandler.cpp.o
[347/4503] Building CXX object tools/clang/utils/TableGen/CMakeFiles/clang-tblgen.dir/ClangAttrEmitter.cpp.o
[348/4503] Building CXX object lib/IR/CMakeFiles/LLVMCore.dir/DIExpressionOptimizer.cpp.o
[349/4503] Building CXX object lib/IR/CMakeFiles/LLVMCore.dir/DiagnosticPrinter.cpp.o
[350/4503] Building CXX object lib/IR/CMakeFiles/LLVMCore.dir/Attributes.cpp.o
[351/4503] Building CXX object lib/IR/CMakeFiles/LLVMCore.dir/DIBuilder.cpp.o
[352/4503] Building CXX object lib/IR/CMakeFiles/LLVMCore.dir/EHPersonalities.cpp.o
[353/4503] Building CXX object lib/IR/CMakeFiles/LLVMCore.dir/DebugLoc.cpp.o
[354/4503] Building CXX object lib/IR/CMakeFiles/LLVMCore.dir/GVMaterializer.cpp.o
[355/4503] Building CXX object lib/IR/CMakeFiles/LLVMCore.dir/GCStrategy.cpp.o
[356/4503] Building CXX object lib/IR/CMakeFiles/LLVMCore.dir/DebugProgramInstruction.cpp.o
[357/4503] Building CXX object lib/IR/CMakeFiles/LLVMCore.dir/DebugInfo.cpp.o
[358/4503] Building CXX object lib/IR/CMakeFiles/LLVMCore.dir/Core.cpp.o
[359/4503] Building CXX object lib/IR/CMakeFiles/LLVMCore.dir/FPEnv.cpp.o
[360/4503] Building CXX object lib/IR/CMakeFiles/LLVMCore.dir/DiagnosticInfo.cpp.o
[361/4503] Building CXX object lib/IR/CMakeFiles/LLVMCore.dir/Constants.cpp.o
[362/4503] Building CXX object lib/IR/CMakeFiles/LLVMCore.dir/DroppedVariableStats.cpp.o
[363/4503] Building CXX object lib/IR/CMakeFiles/LLVMCore.dir/DroppedVariableStatsIR.cpp.o
[364/4503] Building CXX object lib/IR/CMakeFiles/LLVMCore.dir/SSAContext.cpp.o
[365/4503] Building CXX object lib/IR/CMakeFiles/LLVMCore.dir/IRPrintingPasses.cpp.o
[366/4503] Building CXX object lib/IR/CMakeFiles/LLVMCore.dir/Function.cpp.o
[367/4503] Building CXX object lib/IR/CMakeFiles/LLVMCore.dir/AutoUpgrade.cpp.o
[368/4503] Building CXX object lib/IR/CMakeFiles/LLVMCore.dir/Intrinsics.cpp.o
[369/4503] Building CXX object lib/IR/CMakeFiles/LLVMCore.dir/LLVMRemarkStreamer.cpp.o
[370/4503] Building CXX object lib/IR/CMakeFiles/LLVMCore.dir/AsmWriter.cpp.o
[371/4503] Building CXX object lib/IR/CMakeFiles/LLVMCore.dir/MDBuilder.cpp.o
[372/4503] Building CXX object lib/IR/CMakeFiles/LLVMCore.dir/MemoryModelRelaxationAnnotations.cpp.o
[373/4503] Building CXX object lib/IR/CMakeFiles/LLVMCore.dir/Globals.cpp.o
[374/4503] Building CXX object lib/IR/CMakeFiles/LLVMCore.dir/Dominators.cpp.o
[375/4503] Building CXX object lib/IR/CMakeFiles/LLVMCore.dir/InlineAsm.cpp.o
[376/4503] Building CXX object lib/IR/CMakeFiles/LLVMCore.dir/IRBuilder.cpp.o
[377/4503] Building CXX object lib/IR/CMakeFiles/LLVMCore.dir/Instruction.cpp.o
[378/4503] Building CXX object lib/IR/CMakeFiles/LLVMCore.dir/Mangler.cpp.o
[379/4503] Building CXX object lib/IR/CMakeFiles/LLVMCore.dir/LLVMContext.cpp.o
[380/4503] Building CXX object lib/IR/CMakeFiles/LLVMCore.dir/IntrinsicInst.cpp.o
[381/4503] Building CXX object lib/IR/CMakeFiles/LLVMCore.dir/PassInstrumentation.cpp.o
[382/4503] Building CXX object lib/IR/CMakeFiles/LLVMCore.dir/OptBisect.cpp.o
[383/4503] Building CXX object lib/IR/CMakeFiles/LLVMCore.dir/PassRegistry.cpp.o
[384/4503] Building CXX object lib/IR/CMakeFiles/LLVMCore.dir/LegacyPassManager.cpp.o
[385/4503] Building CXX object lib/IR/CMakeFiles/LLVMCore.dir/Pass.cpp.o
[386/4503] Building CXX object lib/IR/CMakeFiles/LLVMCore.dir/Operator.cpp.o
[387/4503] Building CXX object lib/IR/CMakeFiles/LLVMCore.dir/ProfileSummary.cpp.o
[388/4503] Building CXX object lib/IR/CMakeFiles/LLVMCore.dir/PassTimingInfo.cpp.o
[389/4503] Building CXX object lib/IR/CMakeFiles/LLVMCore.dir/ProfDataUtils.cpp.o
[390/4503] Building CXX object lib/IR/CMakeFiles/LLVMCore.dir/PrintPasses.cpp.o
[391/4503] Building CXX object lib/IR/CMakeFiles/LLVMCore.dir/Instructions.cpp.o
[392/4503] Building CXX object lib/IR/CMakeFiles/LLVMCore.dir/Use.cpp.o
[393/4503] Building CXX object lib/IR/CMakeFiles/LLVMCore.dir/ReplaceConstant.cpp.o
[394/4503] Building CXX object lib/IR/CMakeFiles/LLVMCore.dir/Module.cpp.o
[395/4503] Building CXX object lib/IR/CMakeFiles/LLVMCore.dir/DebugInfoMetadata.cpp.o
[396/4503] Building CXX object lib/IR/CMakeFiles/LLVMCore.dir/Statepoint.cpp.o
[397/4503] Building CXX object lib/IR/CMakeFiles/LLVMCore.dir/PseudoProbe.cpp.o
[398/4503] Building CXX object lib/IR/CMakeFiles/LLVMCore.dir/ModuleSummaryIndex.cpp.o
[399/4503] Linking CXX static library lib/libLLVMBinaryFormat.a
[400/4503] Linking CXX static library lib/libLLVMRemarks.a
[401/4503] Building CXX object lib/IR/CMakeFiles/LLVMCore.dir/ValueSymbolTable.cpp.o
[402/4503] Building CXX object lib/IR/CMakeFiles/LLVMCore.dir/LLVMContextImpl.cpp.o
[403/4503] Building CXX object lib/IR/CMakeFiles/LLVMCore.dir/VectorTypeUtils.cpp.o
[404/4503] Building CXX object lib/IR/CMakeFiles/LLVMCore.dir/PassManager.cpp.o
[405/4503] Building CXX object lib/IR/CMakeFiles/LLVMCore.dir/StructuralHash.cpp.o
[406/4503] Building CXX object lib/IR/CMakeFiles/LLVMCore.dir/User.cpp.o
[407/4503] Building CXX object lib/IR/CMakeFiles/LLVMCore.dir/TypedPointerType.cpp.o
[408/4503] Building CXX object lib/IR/CMakeFiles/LLVMCore.dir/RuntimeLibcalls.cpp.o
In file included from /builddir/rocm-llvm-7.2.3/llvm/lib/IR/RuntimeLibcalls.cpp:23:
/builddir/rocm-llvm-7.2.3/llvm/build/include/llvm/IR/RuntimeLibcalls.inc: In member function 'void llvm::RTLIB::RuntimeLibcallsInfo::setTargetRuntimeLibcallSets(const llvm::Triple&, llvm::ExceptionHandling, llvm::FloatABI::ABIType, llvm::EABI, llvm::StringRef)':
/builddir/rocm-llvm-7.2.3/llvm/build/include/llvm/IR/RuntimeLibcalls.inc:22917:26: warning: enumerated and non-enumerated type in conditional expression [-Wextra]
22917 |       }, TT.isWatchABI() ? DefaultCC :
      |          ~~~~~~~~~~~~~~~~^~~~~~~~~~~~~
22918 |     (isAAPCS_ABI(TT, ABIName) ? CallingConv::ARM_AAPCS : CallingConv::ARM_APCS));
      |     ~~~~~~~~~~~~~~~~~~~~~~~~~~~~~~~~~~~~~~~~~~~~~~~~~~~~~~~~~~~~~~~~~~~~~~~~~~~
/builddir/rocm-llvm-7.2.3/llvm/build/include/llvm/IR/RuntimeLibcalls.inc:22925:26: warning: enumerated and non-enumerated type in conditional expression [-Wextra]
22925 |       }, TT.isWatchABI() ? DefaultCC :
      |          ~~~~~~~~~~~~~~~~^~~~~~~~~~~~~
22926 |     (isAAPCS_ABI(TT, ABIName) ? CallingConv::ARM_AAPCS : CallingConv::ARM_APCS));
      |     ~~~~~~~~~~~~~~~~~~~~~~~~~~~~~~~~~~~~~~~~~~~~~~~~~~~~~~~~~~~~~~~~~~~~~~~~~~~
/builddir/rocm-llvm-7.2.3/llvm/build/include/llvm/IR/RuntimeLibcalls.inc:22935:26: warning: enumerated and non-enumerated type in conditional expression [-Wextra]
22935 |       }, TT.isWatchABI() ? DefaultCC :
      |          ~~~~~~~~~~~~~~~~^~~~~~~~~~~~~
22936 |     (isAAPCS_ABI(TT, ABIName) ? CallingConv::ARM_AAPCS : CallingConv::ARM_APCS));
      |     ~~~~~~~~~~~~~~~~~~~~~~~~~~~~~~~~~~~~~~~~~~~~~~~~~~~~~~~~~~~~~~~~~~~~~~~~~~~
[409/4503] Building CXX object lib/IR/CMakeFiles/LLVMCore.dir/VFABIDemangler.cpp.o
[410/4503] Building CXX object lib/Bitcode/Reader/CMakeFiles/LLVMBitReader.dir/BitReader.cpp.o
[411/4503] Building CXX object lib/Bitcode/Reader/CMakeFiles/LLVMBitReader.dir/ValueList.cpp.o
[412/4503] Building CXX object lib/IR/CMakeFiles/LLVMCore.dir/SafepointIRVerifier.cpp.o
[413/4503] Building CXX object lib/IR/CMakeFiles/LLVMCore.dir/TypeFinder.cpp.o
[414/4503] Building CXX object lib/MC/CMakeFiles/LLVMMC.dir/DXContainerRootSignature.cpp.o
[415/4503] Building CXX object lib/MC/CMakeFiles/LLVMMC.dir/DXContainerPSVInfo.cpp.o
[416/4503] Building CXX object lib/MC/CMakeFiles/LLVMMC.dir/MCAsmInfoCOFF.cpp.o
[417/4503] Building CXX object lib/MC/CMakeFiles/LLVMMC.dir/MCAsmInfoDarwin.cpp.o
[418/4503] Building CXX object lib/MC/CMakeFiles/LLVMMC.dir/GOFFObjectWriter.cpp.o
[419/4503] Building CXX object lib/Bitcode/Reader/CMakeFiles/LLVMBitReader.dir/BitcodeAnalyzer.cpp.o
[420/4503] Building CXX object lib/MC/CMakeFiles/LLVMMC.dir/ConstantPools.cpp.o
[421/4503] Building CXX object lib/MC/CMakeFiles/LLVMMC.dir/MCAsmInfoGOFF.cpp.o
[422/4503] Building CXX object lib/MC/CMakeFiles/LLVMMC.dir/MCAsmBackend.cpp.o
[423/4503] Building CXX object lib/MC/CMakeFiles/LLVMMC.dir/MCAsmInfoWasm.cpp.o
[424/4503] Building CXX object lib/MC/CMakeFiles/LLVMMC.dir/MCAsmMacro.cpp.o
[425/4503] Building CXX object lib/MC/CMakeFiles/LLVMMC.dir/MCAsmInfoELF.cpp.o
[426/4503] Building CXX object lib/IR/CMakeFiles/LLVMCore.dir/Value.cpp.o
[427/4503] Building CXX object lib/IR/CMakeFiles/LLVMCore.dir/Type.cpp.o
[428/4503] Building CXX object lib/MC/CMakeFiles/LLVMMC.dir/MCCodeEmitter.cpp.o
[429/4503] Building CXX object lib/MC/CMakeFiles/LLVMMC.dir/MCAsmInfoXCOFF.cpp.o
[430/4503] Building CXX object lib/MC/CMakeFiles/LLVMMC.dir/MCAsmInfo.cpp.o
[431/4503] Building CXX object lib/MC/CMakeFiles/LLVMMC.dir/MCELFObjectTargetWriter.cpp.o
[432/4503] Building CXX object lib/MC/CMakeFiles/LLVMMC.dir/ELFObjectWriter.cpp.o
[433/4503] Building CXX object lib/MC/CMakeFiles/LLVMMC.dir/MCDXContainerStreamer.cpp.o
[434/4503] Building CXX object lib/MC/CMakeFiles/LLVMMC.dir/MCDXContainerWriter.cpp.o
[435/4503] Building CXX object lib/MC/CMakeFiles/LLVMMC.dir/MCAssembler.cpp.o
[436/4503] Building CXX object lib/MC/CMakeFiles/LLVMMC.dir/MCFragment.cpp.o
[437/4503] Building CXX object lib/MC/CMakeFiles/LLVMMC.dir/MCCodeView.cpp.o
[438/4503] Building CXX object lib/MC/CMakeFiles/LLVMMC.dir/MCELFStreamer.cpp.o
[439/4503] Building CXX object lib/MC/CMakeFiles/LLVMMC.dir/MCInstrAnalysis.cpp.o
[440/4503] Building CXX object lib/MC/CMakeFiles/LLVMMC.dir/MCInstrDesc.cpp.o
[441/4503] Building CXX object lib/MC/CMakeFiles/LLVMMC.dir/MCExpr.cpp.o
[442/4503] Building CXX object lib/MC/CMakeFiles/LLVMMC.dir/MCInstPrinter.cpp.o
[443/4503] Building CXX object lib/MC/CMakeFiles/LLVMMC.dir/MCInstrInfo.cpp.o
[444/4503] Building CXX object lib/MC/CMakeFiles/LLVMMC.dir/MCLabel.cpp.o
[445/4503] Building CXX object lib/MC/CMakeFiles/LLVMMC.dir/MCGOFFStreamer.cpp.o
[446/4503] Building CXX object lib/MC/CMakeFiles/LLVMMC.dir/MCInst.cpp.o
[447/4503] Building CXX object lib/MC/CMakeFiles/LLVMMC.dir/MCLinkerOptimizationHint.cpp.o
[448/4503] Building CXX object lib/MC/CMakeFiles/LLVMMC.dir/MCAsmStreamer.cpp.o
[449/4503] Building CXX object lib/MC/CMakeFiles/LLVMMC.dir/MCMachObjectTargetWriter.cpp.o
[450/4503] Building CXX object lib/MC/CMakeFiles/LLVMMC.dir/MCNullStreamer.cpp.o
[451/4503] Building CXX object lib/MC/CMakeFiles/LLVMMC.dir/MCRegisterInfo.cpp.o
[452/4503] Building CXX object lib/IR/CMakeFiles/LLVMCore.dir/Metadata.cpp.o
[453/4503] Building CXX object lib/MC/CMakeFiles/LLVMMC.dir/MCSchedule.cpp.o
[454/4503] Building CXX object lib/MC/CMakeFiles/LLVMMC.dir/MCDwarf.cpp.o
[455/4503] Building CXX object lib/MC/CMakeFiles/LLVMMC.dir/MCObjectWriter.cpp.o
[456/4503] Building CXX object lib/MC/CMakeFiles/LLVMMC.dir/MCObjectFileInfo.cpp.o
[457/4503] Building CXX object lib/MC/CMakeFiles/LLVMMC.dir/MCSectionMachO.cpp.o
[458/4503] Building CXX object lib/MC/CMakeFiles/LLVMMC.dir/MCSection.cpp.o
[459/4503] Building CXX object lib/MC/CMakeFiles/LLVMMC.dir/MCMachOStreamer.cpp.o
[460/4503] Building CXX object lib/Bitcode/Reader/CMakeFiles/LLVMBitReader.dir/MetadataLoader.cpp.o
[461/4503] Building CXX object lib/MC/CMakeFiles/LLVMMC.dir/MCSymbolXCOFF.cpp.o
[462/4503] Building CXX object lib/MC/CMakeFiles/LLVMMC.dir/MCTargetOptions.cpp.o
[463/4503] Building CXX object lib/MC/CMakeFiles/LLVMMC.dir/MCContext.cpp.o
[464/4503] Building CXX object lib/MC/CMakeFiles/LLVMMC.dir/MCObjectStreamer.cpp.o
[465/4503] Building CXX object lib/MC/CMakeFiles/LLVMMC.dir/MCSymbolELF.cpp.o
[466/4503] Building CXX object lib/MC/CMakeFiles/LLVMMC.dir/MCSPIRVStreamer.cpp.o
[467/4503] Building CXX object lib/MC/CMakeFiles/LLVMMC.dir/MCSubtargetInfo.cpp.o
[468/4503] Building CXX object lib/MC/CMakeFiles/LLVMMC.dir/MCWasmObjectTargetWriter.cpp.o
[469/4503] Building CXX object lib/MC/CMakeFiles/LLVMMC.dir/MCValue.cpp.o
[470/4503] Building CXX object lib/MC/CMakeFiles/LLVMMC.dir/MCSymbol.cpp.o
[471/4503] Building CXX object lib/MC/CMakeFiles/LLVMMC.dir/MCSFrame.cpp.o
[472/4503] Building CXX object lib/MC/CMakeFiles/LLVMMC.dir/MCWinEH.cpp.o
[473/4503] Building CXX object lib/MC/CMakeFiles/LLVMMC.dir/MCPseudoProbe.cpp.o
[474/4503] Building CXX object lib/MC/CMakeFiles/LLVMMC.dir/MCXCOFFObjectTargetWriter.cpp.o
[475/4503] Building CXX object lib/MC/CMakeFiles/LLVMMC.dir/MCTargetOptionsCommandFlags.cpp.o
[476/4503] Building CXX object lib/MC/CMakeFiles/LLVMMC.dir/MCWasmStreamer.cpp.o
[477/4503] Building CXX object lib/MC/CMakeFiles/LLVMMC.dir/MCXCOFFStreamer.cpp.o
[478/4503] Building CXX object lib/MC/CMakeFiles/LLVMMC.dir/SPIRVObjectWriter.cpp.o
[479/4503] Building CXX object lib/MC/CMakeFiles/LLVMMC.dir/MCWinCOFFStreamer.cpp.o
[480/4503] Building CXX object lib/MC/CMakeFiles/LLVMMC.dir/StringTableBuilder.cpp.o
[481/4503] Building CXX object lib/MC/CMakeFiles/LLVMMC.dir/TargetRegistry.cpp.o
[482/4503] Building CXX object lib/MC/CMakeFiles/LLVMMC.dir/MCStreamer.cpp.o
[483/4503] Building CXX object lib/MC/MCParser/CMakeFiles/LLVMMCParser.dir/AsmLexer.cpp.o
[484/4503] Building CXX object lib/AsmParser/CMakeFiles/LLVMAsmParser.dir/LLLexer.cpp.o
[485/4503] Building CXX object lib/MC/CMakeFiles/LLVMMC.dir/MachObjectWriter.cpp.o
[486/4503] Building CXX object lib/MC/CMakeFiles/LLVMMC.dir/MCWin64EH.cpp.o
[487/4503] Building CXX object lib/MC/CMakeFiles/LLVMMC.dir/WinCOFFObjectWriter.cpp.o
[488/4503] Building CXX object lib/IRReader/CMakeFiles/LLVMIRReader.dir/IRReader.cpp.o
[489/4503] Building CXX object lib/MC/MCParser/CMakeFiles/LLVMMCParser.dir/GOFFAsmParser.cpp.o
[490/4503] Building CXX object lib/MC/MCParser/CMakeFiles/LLVMMCParser.dir/COFFAsmParser.cpp.o
[491/4503] Building CXX object lib/IR/CMakeFiles/LLVMCore.dir/Verifier.cpp.o
[492/4503] Building CXX object lib/MC/MCParser/CMakeFiles/LLVMMCParser.dir/COFFMasmParser.cpp.o
[493/4503] Linking CXX static library lib/libLLVMCore.a
[494/4503] Building CXX object lib/MC/CMakeFiles/LLVMMC.dir/XCOFFObjectWriter.cpp.o
[495/4503] Building CXX object lib/TextAPI/CMakeFiles/LLVMTextAPI.dir/ArchitectureSet.cpp.o
[496/4503] Building CXX object lib/TextAPI/CMakeFiles/LLVMTextAPI.dir/Architecture.cpp.o
[497/4503] Building CXX object lib/MC/MCParser/CMakeFiles/LLVMMCParser.dir/MCAsmParserExtension.cpp.o
[498/4503] Building CXX object lib/MC/CMakeFiles/LLVMMC.dir/WasmObjectWriter.cpp.o
[499/4503] Building CXX object lib/MC/MCParser/CMakeFiles/LLVMMCParser.dir/XCOFFAsmParser.cpp.o
[500/4503] Linking CXX static library lib/libLLVMMC.a
[501/4503] Building CXX object lib/MC/MCParser/CMakeFiles/LLVMMCParser.dir/MCAsmParser.cpp.o
[502/4503] Building CXX object lib/MC/MCParser/CMakeFiles/LLVMMCParser.dir/MCTargetAsmParser.cpp.o
[503/4503] Building CXX object lib/MC/MCParser/CMakeFiles/LLVMMCParser.dir/ELFAsmParser.cpp.o
[504/4503] Building CXX object lib/MC/MCParser/CMakeFiles/LLVMMCParser.dir/WasmAsmParser.cpp.o
[505/4503] Building CXX object lib/TextAPI/CMakeFiles/LLVMTextAPI.dir/PackedVersion.cpp.o
[506/4503] Building CXX object lib/MC/MCParser/CMakeFiles/LLVMMCParser.dir/DarwinAsmParser.cpp.o
[507/4503] Building CXX object lib/TextAPI/CMakeFiles/LLVMTextAPI.dir/Platform.cpp.o
[508/4503] Building CXX object lib/TextAPI/CMakeFiles/LLVMTextAPI.dir/RecordVisitor.cpp.o
[509/4503] Building CXX object lib/TextAPI/CMakeFiles/LLVMTextAPI.dir/Symbol.cpp.o
[510/4503] Building CXX object lib/AsmParser/CMakeFiles/LLVMAsmParser.dir/Parser.cpp.o
[511/4503] Building CXX object lib/TextAPI/CMakeFiles/LLVMTextAPI.dir/SymbolSet.cpp.o
[512/4503] Building CXX object lib/TextAPI/CMakeFiles/LLVMTextAPI.dir/TextAPIError.cpp.o
[513/4503] Building CXX object lib/TextAPI/CMakeFiles/LLVMTextAPI.dir/Target.cpp.o
[514/4503] Building CXX object lib/TextAPI/CMakeFiles/LLVMTextAPI.dir/InterfaceFile.cpp.o
[515/4503] Building CXX object lib/TextAPI/CMakeFiles/LLVMTextAPI.dir/TextStubCommon.cpp.o
[516/4503] Building CXX object lib/TextAPI/CMakeFiles/LLVMTextAPI.dir/Utils.cpp.o
[517/4503] Building CXX object lib/TextAPI/CMakeFiles/LLVMTextAPI.dir/RecordsSlice.cpp.o
[518/4503] Building CXX object lib/Object/CMakeFiles/LLVMObject.dir/Binary.cpp.o
[519/4503] Building CXX object lib/Object/CMakeFiles/LLVMObject.dir/Decompressor.cpp.o
[520/4503] Building CXX object lib/Object/CMakeFiles/LLVMObject.dir/COFFImportFile.cpp.o
[521/4503] Building CXX object lib/Object/CMakeFiles/LLVMObject.dir/Archive.cpp.o
[522/4503] Building CXX object lib/Object/CMakeFiles/LLVMObject.dir/COFFModuleDefinition.cpp.o
[523/4503] Building CXX object lib/Object/CMakeFiles/LLVMObject.dir/BuildID.cpp.o
[524/4503] Building CXX object lib/Bitcode/Reader/CMakeFiles/LLVMBitReader.dir/BitcodeReader.cpp.o
[525/4503] Linking CXX static library lib/libLLVMBitReader.a
[526/4503] Building CXX object lib/Object/CMakeFiles/LLVMObject.dir/FaultMapParser.cpp.o
[527/4503] Building CXX object lib/Object/CMakeFiles/LLVMObject.dir/DXContainer.cpp.o
[528/4503] Building CXX object lib/Object/CMakeFiles/LLVMObject.dir/Error.cpp.o
[529/4503] Building CXX object lib/MC/MCParser/CMakeFiles/LLVMMCParser.dir/AsmParser.cpp.o
[530/4503] Building CXX object lib/Object/CMakeFiles/LLVMObject.dir/ArchiveWriter.cpp.o
[531/4503] Building CXX object lib/Object/CMakeFiles/LLVMObject.dir/COFFObjectFile.cpp.o
[532/4503] Building CXX object lib/TextAPI/CMakeFiles/LLVMTextAPI.dir/TextStubV5.cpp.o
[533/4503] Building CXX object lib/Object/CMakeFiles/LLVMObject.dir/IRObjectFile.cpp.o
[534/4503] Building CXX object lib/Object/CMakeFiles/LLVMObject.dir/Minidump.cpp.o
[535/4503] Building CXX object lib/Object/CMakeFiles/LLVMObject.dir/GOFFObjectFile.cpp.o
[536/4503] Building CXX object lib/Object/CMakeFiles/LLVMObject.dir/MachOUniversal.cpp.o
[537/4503] Building CXX object lib/Object/CMakeFiles/LLVMObject.dir/Object.cpp.o
[538/4503] Building CXX object lib/Object/CMakeFiles/LLVMObject.dir/ObjectFile.cpp.o
[539/4503] Building CXX object lib/TextAPI/CMakeFiles/LLVMTextAPI.dir/TextStub.cpp.o
[540/4503] Building CXX object lib/Object/CMakeFiles/LLVMObject.dir/IRSymtab.cpp.o
[541/4503] Building CXX object lib/Object/CMakeFiles/LLVMObject.dir/SymbolicFile.cpp.o
[542/4503] Building CXX object lib/Object/CMakeFiles/LLVMObject.dir/SFrameParser.cpp.o
[543/4503] Building CXX object lib/Object/CMakeFiles/LLVMObject.dir/ModuleSymbolTable.cpp.o
[544/4503] Building CXX object lib/MC/MCParser/CMakeFiles/LLVMMCParser.dir/MasmParser.cpp.o
[545/4503] Linking CXX static library lib/libLLVMMCParser.a
[546/4503] Building CXX object lib/Object/CMakeFiles/LLVMObject.dir/RelocationResolver.cpp.o
[547/4503] Building CXX object lib/Object/CMakeFiles/LLVMObject.dir/TapiFile.cpp.o
[548/4503] Building CXX object lib/Object/CMakeFiles/LLVMObject.dir/WindowsMachineFlag.cpp.o
[549/4503] Building CXX object lib/Object/CMakeFiles/LLVMObject.dir/SymbolSize.cpp.o
[550/4503] Linking CXX static library lib/libLLVMTextAPI.a
[551/4503] Building CXX object lib/Object/CMakeFiles/LLVMObject.dir/TapiUniversal.cpp.o
[552/4503] Building CXX object lib/Object/CMakeFiles/LLVMObject.dir/RecordStreamer.cpp.o
[553/4503] Building CXX object lib/Object/CMakeFiles/LLVMObject.dir/OffloadBinary.cpp.o
[554/4503] Building CXX object lib/DebugInfo/DWARF/LowLevel/CMakeFiles/LLVMDebugInfoDWARFLowLevel.dir/DWARFCFIProgram.cpp.o
[555/4503] Building CXX object lib/DebugInfo/DWARF/LowLevel/CMakeFiles/LLVMDebugInfoDWARFLowLevel.dir/DWARFExpression.cpp.o
[556/4503] Building CXX object lib/Object/CMakeFiles/LLVMObject.dir/MachOUniversalWriter.cpp.o
[557/4503] Building CXX object lib/Object/CMakeFiles/LLVMObject.dir/OffloadBundle.cpp.o
In file included from /builddir/rocm-llvm-7.2.3/llvm/lib/Object/OffloadBundle.cpp:9:
/builddir/rocm-llvm-7.2.3/llvm/include/llvm/Object/OffloadBundle.h: In constructor 'llvm::object::OffloadBundleFatBin::OffloadBundleFatBin(llvm::MemoryBufferRef, llvm::StringRef, bool)':
/builddir/rocm-llvm-7.2.3/llvm/include/llvm/Object/OffloadBundle.h:99:8: warning: 'llvm::object::OffloadBundleFatBin::Decompressed' will be initialized after [-Wreorder]
   99 |   bool Decompressed;
      |        ^~~~~~~~~~~~
/builddir/rocm-llvm-7.2.3/llvm/include/llvm/Object/OffloadBundle.h:97:12: warning:   'uint64_t llvm::object::OffloadBundleFatBin::NumberOfEntries' [-Wreorder]
   97 |   uint64_t NumberOfEntries;
      |            ^~~~~~~~~~~~~~~
/builddir/rocm-llvm-7.2.3/llvm/include/llvm/Object/OffloadBundle.h:128:3: warning:   when initialized here [-Wreorder]
  128 |   OffloadBundleFatBin(MemoryBufferRef Source, StringRef File,
      |   ^~~~~~~~~~~~~~~~~~~
[558/4503] Building CXX object lib/DebugInfo/DWARF/CMakeFiles/LLVMDebugInfoDWARF.dir/DWARFAddressRange.cpp.o
[559/4503] Building CXX object lib/DebugInfo/DWARF/CMakeFiles/LLVMDebugInfoDWARF.dir/DWARFAbbreviationDeclaration.cpp.o
[560/4503] Building CXX object lib/DebugInfo/DWARF/LowLevel/CMakeFiles/LLVMDebugInfoDWARFLowLevel.dir/DWARFUnwindTable.cpp.o
[561/4503] Building CXX object lib/DebugInfo/DWARF/CMakeFiles/LLVMDebugInfoDWARF.dir/DWARFCFIPrinter.cpp.o
[562/4503] Building CXX object lib/DebugInfo/DWARF/CMakeFiles/LLVMDebugInfoDWARF.dir/DWARFCompileUnit.cpp.o
[563/4503] Building CXX object lib/Object/CMakeFiles/LLVMObject.dir/XCOFFObjectFile.cpp.o
[564/4503] Building CXX object lib/Object/CMakeFiles/LLVMObject.dir/MachOObjectFile.cpp.o
[565/4503] Building CXX object lib/DebugInfo/DWARF/CMakeFiles/LLVMDebugInfoDWARF.dir/DWARFDebugAbbrev.cpp.o
[566/4503] Building CXX object lib/Object/CMakeFiles/LLVMObject.dir/WindowsResource.cpp.o
[567/4503] Building CXX object lib/DebugInfo/DWARF/CMakeFiles/LLVMDebugInfoDWARF.dir/DWARFDebugArangeSet.cpp.o
[568/4503] Building CXX object lib/DebugInfo/DWARF/CMakeFiles/LLVMDebugInfoDWARF.dir/DWARFDebugInfoEntry.cpp.o
[569/4503] Building CXX object lib/DebugInfo/DWARF/CMakeFiles/LLVMDebugInfoDWARF.dir/DWARFDebugAddr.cpp.o
[570/4503] Building CXX object lib/DebugInfo/DWARF/CMakeFiles/LLVMDebugInfoDWARF.dir/DWARFDebugAranges.cpp.o
[571/4503] Building CXX object lib/DebugInfo/DWARF/CMakeFiles/LLVMDebugInfoDWARF.dir/DWARFDebugMacro.cpp.o
[572/4503] Building CXX object lib/DebugInfo/DWARF/CMakeFiles/LLVMDebugInfoDWARF.dir/DWARFDebugPubTable.cpp.o
[573/4503] Building CXX object lib/Object/CMakeFiles/LLVMObject.dir/ELFObjectFile.cpp.o
[574/4503] Building CXX object lib/DebugInfo/DWARF/CMakeFiles/LLVMDebugInfoDWARF.dir/DWARFDebugLoc.cpp.o
[575/4503] Building CXX object lib/Object/CMakeFiles/LLVMObject.dir/WasmObjectFile.cpp.o
[576/4503] Building CXX object lib/DebugInfo/DWARF/CMakeFiles/LLVMDebugInfoDWARF.dir/DWARFDebugFrame.cpp.o
[577/4503] Building CXX object lib/DebugInfo/DWARF/CMakeFiles/LLVMDebugInfoDWARF.dir/DWARFDebugRangeList.cpp.o
[578/4503] Building CXX object lib/DebugInfo/DWARF/CMakeFiles/LLVMDebugInfoDWARF.dir/DWARFAcceleratorTable.cpp.o
[579/4503] Building CXX object lib/DebugInfo/DWARF/CMakeFiles/LLVMDebugInfoDWARF.dir/DWARFDebugRnglists.cpp.o
[580/4503] Linking CXX static library lib/libLLVMDebugInfoDWARFLowLevel.a
[581/4503] Building CXX object lib/DebugInfo/DWARF/CMakeFiles/LLVMDebugInfoDWARF.dir/DWARFLocationExpression.cpp.o
[582/4503] Building CXX object lib/DebugInfo/DWARF/CMakeFiles/LLVMDebugInfoDWARF.dir/DWARFGdbIndex.cpp.o
[583/4503] Building CXX object lib/DebugInfo/DWARF/CMakeFiles/LLVMDebugInfoDWARF.dir/DWARFExpressionPrinter.cpp.o
[584/4503] Building CXX object lib/DebugInfo/DWARF/CMakeFiles/LLVMDebugInfoDWARF.dir/DWARFTypeUnit.cpp.o
[585/4503] Building CXX object lib/DebugInfo/DWARF/CMakeFiles/LLVMDebugInfoDWARF.dir/DWARFUnitIndex.cpp.o
[586/4503] Building CXX object lib/DebugInfo/DWARF/CMakeFiles/LLVMDebugInfoDWARF.dir/DWARFListTable.cpp.o
[587/4503] Building CXX object lib/DebugInfo/DWARF/CMakeFiles/LLVMDebugInfoDWARF.dir/DWARFFormValue.cpp.o
[588/4503] Building CXX object lib/DebugInfo/DWARF/CMakeFiles/LLVMDebugInfoDWARF.dir/DWARFDebugLine.cpp.o
[589/4503] Building CXX object lib/DebugInfo/GSYM/CMakeFiles/LLVMDebugInfoGSYM.dir/FileWriter.cpp.o
[590/4503] Building CXX object lib/DebugInfo/GSYM/CMakeFiles/LLVMDebugInfoGSYM.dir/Header.cpp.o
[591/4503] Building CXX object lib/DebugInfo/DWARF/CMakeFiles/LLVMDebugInfoDWARF.dir/DWARFUnwindTablePrinter.cpp.o
[592/4503] Building CXX object lib/AsmParser/CMakeFiles/LLVMAsmParser.dir/LLParser.cpp.o
[593/4503] Linking CXX static library lib/libLLVMAsmParser.a
[594/4503] Linking CXX static library lib/libLLVMIRReader.a
[595/4503] Building CXX object lib/DebugInfo/GSYM/CMakeFiles/LLVMDebugInfoGSYM.dir/LookupResult.cpp.o
[596/4503] Building CXX object lib/DebugInfo/DWARF/CMakeFiles/LLVMDebugInfoDWARF.dir/DWARFDie.cpp.o
[597/4503] Linking CXX static library lib/libLLVMDebugInfoCodeView.a
[598/4503] Building CXX object lib/DebugInfo/GSYM/CMakeFiles/LLVMDebugInfoGSYM.dir/LineTable.cpp.o
[599/4503] Building CXX object lib/DebugInfo/GSYM/CMakeFiles/LLVMDebugInfoGSYM.dir/InlineInfo.cpp.o
[600/4503] Building CXX object lib/DebugInfo/GSYM/CMakeFiles/LLVMDebugInfoGSYM.dir/FunctionInfo.cpp.o
[601/4503] Building CXX object lib/DebugInfo/GSYM/CMakeFiles/LLVMDebugInfoGSYM.dir/GsymContext.cpp.o
[602/4503] Building CXX object lib/DebugInfo/GSYM/CMakeFiles/LLVMDebugInfoGSYM.dir/MergedFunctionsInfo.cpp.o
[603/4503] Building CXX object lib/DebugInfo/PDB/CMakeFiles/LLVMDebugInfoPDB.dir/GenericError.cpp.o
[604/4503] Building CXX object lib/DebugInfo/GSYM/CMakeFiles/LLVMDebugInfoGSYM.dir/ExtractRanges.cpp.o
[605/4503] Building CXX object lib/DebugInfo/DWARF/CMakeFiles/LLVMDebugInfoDWARF.dir/DWARFUnit.cpp.o
[606/4503] Building CXX object lib/DebugInfo/GSYM/CMakeFiles/LLVMDebugInfoGSYM.dir/GsymReader.cpp.o
[607/4503] Building CXX object lib/DebugInfo/GSYM/CMakeFiles/LLVMDebugInfoGSYM.dir/CallSiteInfo.cpp.o
[608/4503] Building CXX object lib/DebugInfo/DWARF/CMakeFiles/LLVMDebugInfoDWARF.dir/DWARFContext.cpp.o
[609/4503] Building CXX object lib/DebugInfo/PDB/CMakeFiles/LLVMDebugInfoPDB.dir/IPDBSourceFile.cpp.o
[610/4503] Building CXX object lib/DebugInfo/PDB/CMakeFiles/LLVMDebugInfoPDB.dir/PDB.cpp.o
[611/4503] Building CXX object lib/DebugInfo/PDB/CMakeFiles/LLVMDebugInfoPDB.dir/PDBInterfaceAnchors.cpp.o
[612/4503] Building CXX object lib/DebugInfo/PDB/CMakeFiles/LLVMDebugInfoPDB.dir/PDBSymbolBlock.cpp.o
[613/4503] Building CXX object lib/DebugInfo/PDB/CMakeFiles/LLVMDebugInfoPDB.dir/PDBExtras.cpp.o
[614/4503] Building CXX object lib/DebugInfo/PDB/CMakeFiles/LLVMDebugInfoPDB.dir/PDBSymbolAnnotation.cpp.o
[615/4503] Building CXX object lib/DebugInfo/PDB/CMakeFiles/LLVMDebugInfoPDB.dir/PDBSymbolCompilandDetails.cpp.o
[616/4503] Building CXX object lib/DebugInfo/GSYM/CMakeFiles/LLVMDebugInfoGSYM.dir/ObjectFileTransformer.cpp.o
[617/4503] Building CXX object lib/DebugInfo/PDB/CMakeFiles/LLVMDebugInfoPDB.dir/PDBSymbolCompilandEnv.cpp.o
[618/4503] Building CXX object lib/DebugInfo/PDB/CMakeFiles/LLVMDebugInfoPDB.dir/PDBSymbolCustom.cpp.o
[619/4503] Building CXX object lib/DebugInfo/PDB/CMakeFiles/LLVMDebugInfoPDB.dir/PDBSymbol.cpp.o
[620/4503] Building CXX object lib/DebugInfo/PDB/CMakeFiles/LLVMDebugInfoPDB.dir/PDBSymbolCompiland.cpp.o
[621/4503] Building CXX object lib/DebugInfo/PDB/CMakeFiles/LLVMDebugInfoPDB.dir/PDBContext.cpp.o
[622/4503] Building CXX object lib/DebugInfo/GSYM/CMakeFiles/LLVMDebugInfoGSYM.dir/GsymCreator.cpp.o
[623/4503] Building CXX object lib/DebugInfo/PDB/CMakeFiles/LLVMDebugInfoPDB.dir/PDBSymbolData.cpp.o
[624/4503] Building CXX object lib/Object/CMakeFiles/LLVMObject.dir/ELF.cpp.o
[625/4503] Linking CXX static library lib/libLLVMObject.a
[626/4503] Building CXX object lib/DebugInfo/PDB/CMakeFiles/LLVMDebugInfoPDB.dir/PDBSymbolExe.cpp.o
[627/4503] Building CXX object lib/DebugInfo/PDB/CMakeFiles/LLVMDebugInfoPDB.dir/PDBSymbolLabel.cpp.o
[628/4503] Building CXX object lib/DebugInfo/PDB/CMakeFiles/LLVMDebugInfoPDB.dir/PDBSymbolFuncDebugEnd.cpp.o
[629/4503] Building CXX object lib/DebugInfo/GSYM/CMakeFiles/LLVMDebugInfoGSYM.dir/DwarfTransformer.cpp.o
[630/4503] Building CXX object lib/DebugInfo/PDB/CMakeFiles/LLVMDebugInfoPDB.dir/PDBSymbolFuncDebugStart.cpp.o
[631/4503] Building CXX object lib/DebugInfo/PDB/CMakeFiles/LLVMDebugInfoPDB.dir/PDBSymbolThunk.cpp.o
[632/4503] Building CXX object lib/DebugInfo/PDB/CMakeFiles/LLVMDebugInfoPDB.dir/PDBSymbolPublicSymbol.cpp.o
[633/4503] Building CXX object lib/DebugInfo/PDB/CMakeFiles/LLVMDebugInfoPDB.dir/PDBSymbolFunc.cpp.o
[634/4503] Building CXX object lib/DebugInfo/PDB/CMakeFiles/LLVMDebugInfoPDB.dir/PDBSymbolTypeBuiltin.cpp.o
[635/4503] Building CXX object lib/DebugInfo/PDB/CMakeFiles/LLVMDebugInfoPDB.dir/PDBSymbolTypeCustom.cpp.o
[636/4503] Building CXX object lib/DebugInfo/PDB/CMakeFiles/LLVMDebugInfoPDB.dir/PDBSymbolTypeArray.cpp.o
[637/4503] Building CXX object lib/DebugInfo/PDB/CMakeFiles/LLVMDebugInfoPDB.dir/PDBSymbolTypeBaseClass.cpp.o
[638/4503] Building CXX object lib/DebugInfo/PDB/CMakeFiles/LLVMDebugInfoPDB.dir/PDBSymbolTypeDimension.cpp.o
[639/4503] Building CXX object lib/DebugInfo/PDB/CMakeFiles/LLVMDebugInfoPDB.dir/PDBSymbolTypeEnum.cpp.o
[640/4503] Building CXX object lib/DebugInfo/PDB/CMakeFiles/LLVMDebugInfoPDB.dir/PDBSymbolTypeFriend.cpp.o
[641/4503] Building CXX object lib/DebugInfo/PDB/CMakeFiles/LLVMDebugInfoPDB.dir/PDBSymbolTypeFunctionArg.cpp.o
[642/4503] Building CXX object lib/DebugInfo/PDB/CMakeFiles/LLVMDebugInfoPDB.dir/PDBSymbolTypePointer.cpp.o
[643/4503] Building CXX object lib/DebugInfo/PDB/CMakeFiles/LLVMDebugInfoPDB.dir/PDBSymbolTypeTypedef.cpp.o
[644/4503] Building CXX object lib/DebugInfo/PDB/CMakeFiles/LLVMDebugInfoPDB.dir/PDBSymbolTypeUDT.cpp.o
[645/4503] Building CXX object lib/DebugInfo/PDB/CMakeFiles/LLVMDebugInfoPDB.dir/PDBSymbolTypeManaged.cpp.o
[646/4503] Building CXX object lib/DebugInfo/PDB/CMakeFiles/LLVMDebugInfoPDB.dir/PDBSymbolTypeVTable.cpp.o
[647/4503] Building CXX object lib/DebugInfo/PDB/CMakeFiles/LLVMDebugInfoPDB.dir/PDBSymbolUsingNamespace.cpp.o
[648/4503] Building CXX object lib/DebugInfo/PDB/CMakeFiles/LLVMDebugInfoPDB.dir/PDBSymbolTypeFunctionSig.cpp.o
[649/4503] Building CXX object lib/DebugInfo/PDB/CMakeFiles/LLVMDebugInfoPDB.dir/PDBSymbolUnknown.cpp.o
[650/4503] Building CXX object lib/DebugInfo/PDB/CMakeFiles/LLVMDebugInfoPDB.dir/PDBSymDumper.cpp.o
[651/4503] Building CXX object lib/DebugInfo/PDB/CMakeFiles/LLVMDebugInfoPDB.dir/PDBSymbolTypeVTableShape.cpp.o
[652/4503] Building CXX object lib/DebugInfo/PDB/CMakeFiles/LLVMDebugInfoPDB.dir/Native/DbiModuleDescriptor.cpp.o
[653/4503] Building CXX object lib/DebugInfo/PDB/CMakeFiles/LLVMDebugInfoPDB.dir/Native/Hash.cpp.o
[654/4503] Building CXX object lib/DebugInfo/PDB/CMakeFiles/LLVMDebugInfoPDB.dir/Native/DbiModuleDescriptorBuilder.cpp.o
[655/4503] Building CXX object lib/DebugInfo/PDB/CMakeFiles/LLVMDebugInfoPDB.dir/Native/HashTable.cpp.o
[656/4503] Building CXX object lib/DebugInfo/PDB/CMakeFiles/LLVMDebugInfoPDB.dir/Native/EnumTables.cpp.o
[657/4503] Building CXX object lib/DebugInfo/PDB/CMakeFiles/LLVMDebugInfoPDB.dir/Native/InfoStreamBuilder.cpp.o
[658/4503] Building CXX object lib/DebugInfo/PDB/CMakeFiles/LLVMDebugInfoPDB.dir/Native/InfoStream.cpp.o
[659/4503] Building CXX object lib/DebugInfo/PDB/CMakeFiles/LLVMDebugInfoPDB.dir/Native/DbiModuleList.cpp.o
[660/4503] Building CXX object lib/DebugInfo/PDB/CMakeFiles/LLVMDebugInfoPDB.dir/UDTLayout.cpp.o
[661/4503] Building CXX object lib/DebugInfo/PDB/CMakeFiles/LLVMDebugInfoPDB.dir/Native/GlobalsStream.cpp.o
[662/4503] Building CXX object lib/DebugInfo/PDB/CMakeFiles/LLVMDebugInfoPDB.dir/Native/FormatUtil.cpp.o
[663/4503] Building CXX object lib/DebugInfo/PDB/CMakeFiles/LLVMDebugInfoPDB.dir/Native/InjectedSourceStream.cpp.o
[664/4503] Building CXX object lib/DebugInfo/PDB/CMakeFiles/LLVMDebugInfoPDB.dir/Native/DbiStream.cpp.o
[665/4503] Building CXX object lib/DebugInfo/PDB/CMakeFiles/LLVMDebugInfoPDB.dir/Native/NativeEnumLineNumbers.cpp.o
[666/4503] Building CXX object lib/DebugInfo/PDB/CMakeFiles/LLVMDebugInfoPDB.dir/Native/NativeCompilandSymbol.cpp.o
[667/4503] Building CXX object lib/DebugInfo/PDB/CMakeFiles/LLVMDebugInfoPDB.dir/Native/DbiStreamBuilder.cpp.o
[668/4503] Building CXX object lib/DebugInfo/PDB/CMakeFiles/LLVMDebugInfoPDB.dir/Native/ModuleDebugStream.cpp.o
[669/4503] Building CXX object lib/DebugInfo/PDB/CMakeFiles/LLVMDebugInfoPDB.dir/Native/NativeEnumModules.cpp.o
[670/4503] Building CXX object lib/DebugInfo/PDB/CMakeFiles/LLVMDebugInfoPDB.dir/Native/NativeEnumInjectedSources.cpp.o
[671/4503] Building CXX object lib/DebugInfo/PDB/CMakeFiles/LLVMDebugInfoPDB.dir/Native/NativeEnumSymbols.cpp.o
[672/4503] Building CXX object lib/DebugInfo/PDB/CMakeFiles/LLVMDebugInfoPDB.dir/Native/NativeEnumTypes.cpp.o
[673/4503] Building CXX object lib/DebugInfo/PDB/CMakeFiles/LLVMDebugInfoPDB.dir/Native/NativeEnumGlobals.cpp.o
[674/4503] Building CXX object lib/DebugInfo/PDB/CMakeFiles/LLVMDebugInfoPDB.dir/Native/LinePrinter.cpp.o
[675/4503] Building CXX object lib/DebugInfo/PDB/CMakeFiles/LLVMDebugInfoPDB.dir/Native/NativeLineNumber.cpp.o
[676/4503] Building CXX object lib/DebugInfo/PDB/CMakeFiles/LLVMDebugInfoPDB.dir/Native/NativeExeSymbol.cpp.o
[677/4503] Building CXX object lib/DebugInfo/PDB/CMakeFiles/LLVMDebugInfoPDB.dir/Native/NativePublicSymbol.cpp.o
[678/4503] Building CXX object lib/DebugInfo/PDB/CMakeFiles/LLVMDebugInfoPDB.dir/Native/NativeRawSymbol.cpp.o
[679/4503] Building CXX object lib/DebugInfo/PDB/CMakeFiles/LLVMDebugInfoPDB.dir/Native/NativeTypeBuiltin.cpp.o
[680/4503] Building CXX object lib/DebugInfo/PDB/CMakeFiles/LLVMDebugInfoPDB.dir/Native/InputFile.cpp.o
[681/4503] Building CXX object lib/DebugInfo/PDB/CMakeFiles/LLVMDebugInfoPDB.dir/Native/NativeTypeArray.cpp.o
[682/4503] Building CXX object lib/DebugInfo/PDB/CMakeFiles/LLVMDebugInfoPDB.dir/Native/NativeSymbolEnumerator.cpp.o
[683/4503] Building CXX object lib/DebugInfo/PDB/CMakeFiles/LLVMDebugInfoPDB.dir/Native/NativeSourceFile.cpp.o
[684/4503] Building CXX object lib/DebugInfo/PDB/CMakeFiles/LLVMDebugInfoPDB.dir/Native/NativeTypePointer.cpp.o
[685/4503] Building CXX object lib/DebugInfo/PDB/CMakeFiles/LLVMDebugInfoPDB.dir/Native/NativeTypeTypedef.cpp.o
[686/4503] Building CXX object lib/DebugInfo/PDB/CMakeFiles/LLVMDebugInfoPDB.dir/Native/NativeInlineSiteSymbol.cpp.o
[687/4503] Building CXX object lib/DebugInfo/PDB/CMakeFiles/LLVMDebugInfoPDB.dir/Native/NativeTypeFunctionSig.cpp.o
[688/4503] Building CXX object lib/DebugInfo/PDB/CMakeFiles/LLVMDebugInfoPDB.dir/Native/NativeTypeVTShape.cpp.o
[689/4503] Building CXX object lib/DebugInfo/PDB/CMakeFiles/LLVMDebugInfoPDB.dir/Native/NativeTypeUDT.cpp.o
[690/4503] Building CXX object lib/DebugInfo/PDB/CMakeFiles/LLVMDebugInfoPDB.dir/Native/NativeFunctionSymbol.cpp.o
[691/4503] Building CXX object lib/DebugInfo/DWARF/CMakeFiles/LLVMDebugInfoDWARF.dir/DWARFVerifier.cpp.o
[692/4503] Building CXX object lib/DebugInfo/PDB/CMakeFiles/LLVMDebugInfoPDB.dir/Native/NativeTypeEnum.cpp.o
[693/4503] Linking CXX static library lib/libLLVMDebugInfoDWARF.a
[694/4503] Building CXX object lib/DebugInfo/PDB/CMakeFiles/LLVMDebugInfoPDB.dir/Native/RawError.cpp.o
[695/4503] Linking CXX static library lib/libLLVMDebugInfoGSYM.a
[696/4503] Building CXX object lib/DebugInfo/PDB/CMakeFiles/LLVMDebugInfoPDB.dir/Native/PDBStringTableBuilder.cpp.o
[697/4503] Building CXX object lib/DebugInfo/PDB/CMakeFiles/LLVMDebugInfoPDB.dir/Native/PDBStringTable.cpp.o
[698/4503] Building CXX object lib/DebugInfo/PDB/CMakeFiles/LLVMDebugInfoPDB.dir/Native/NamedStreamMap.cpp.o
[699/4503] Building CXX object lib/DebugInfo/PDB/CMakeFiles/LLVMDebugInfoPDB.dir/Native/SymbolStream.cpp.o
[700/4503] Building CXX object lib/DebugInfo/PDB/CMakeFiles/LLVMDebugInfoPDB.dir/Native/TpiHashing.cpp.o
[701/4503] Building CXX object lib/DebugInfo/BTF/CMakeFiles/LLVMDebugInfoBTF.dir/BTFContext.cpp.o
[702/4503] Building CXX object lib/DebugInfo/Symbolize/CMakeFiles/LLVMSymbolize.dir/Markup.cpp.o
[703/4503] Building CXX object lib/DebugInfo/PDB/CMakeFiles/LLVMDebugInfoPDB.dir/Native/PDBFile.cpp.o
[704/4503] Building CXX object lib/DebugInfo/PDB/CMakeFiles/LLVMDebugInfoPDB.dir/Native/PDBFileBuilder.cpp.o
[705/4503] Building CXX object lib/Frontend/HLSL/CMakeFiles/LLVMFrontendHLSL.dir/HLSLResource.cpp.o
[706/4503] Building CXX object lib/DebugInfo/PDB/CMakeFiles/LLVMDebugInfoPDB.dir/Native/TpiStream.cpp.o
[707/4503] Building CXX object lib/DebugInfo/PDB/CMakeFiles/LLVMDebugInfoPDB.dir/Native/TpiStreamBuilder.cpp.o
[708/4503] Building CXX object lib/DebugInfo/PDB/CMakeFiles/LLVMDebugInfoPDB.dir/Native/PublicsStream.cpp.o
[709/4503] Building CXX object lib/Frontend/HLSL/CMakeFiles/LLVMFrontendHLSL.dir/HLSLBinding.cpp.o
[710/4503] Building CXX object lib/Frontend/HLSL/CMakeFiles/LLVMFrontendHLSL.dir/CBuffer.cpp.o
[711/4503] Building CXX object lib/Frontend/HLSL/CMakeFiles/LLVMFrontendHLSL.dir/RootSignatureValidations.cpp.o
[712/4503] Building CXX object lib/DebugInfo/PDB/CMakeFiles/LLVMDebugInfoPDB.dir/Native/GSIStreamBuilder.cpp.o
[713/4503] Building CXX object lib/Frontend/HLSL/CMakeFiles/LLVMFrontendHLSL.dir/HLSLRootSignature.cpp.o
[714/4503] Building CXX object lib/DebugInfo/BTF/CMakeFiles/LLVMDebugInfoBTF.dir/BTFParser.cpp.o
[715/4503] Linking CXX static library lib/libLLVMDebugInfoBTF.a
[716/4503] Building CXX object lib/DebugInfo/PDB/CMakeFiles/LLVMDebugInfoPDB.dir/Native/NativeSession.cpp.o
[717/4503] Building CXX object lib/DebugInfo/Symbolize/CMakeFiles/LLVMSymbolize.dir/MarkupFilter.cpp.o
[718/4503] Building CXX object lib/DebugInfo/Symbolize/CMakeFiles/LLVMSymbolize.dir/DIPrinter.cpp.o
[719/4503] Building CXX object lib/DebugInfo/Symbolize/CMakeFiles/LLVMSymbolize.dir/SymbolizableObjectFile.cpp.o
[720/4503] Building CXX object lib/DebugInfo/PDB/CMakeFiles/LLVMDebugInfoPDB.dir/Native/SymbolCache.cpp.o
[721/4503] Linking CXX static library lib/libLLVMDebugInfoPDB.a
[722/4503] Building CXX object lib/ProfileData/CMakeFiles/LLVMProfileData.dir/DataAccessProf.cpp.o
[723/4503] Building CXX object lib/Frontend/HLSL/CMakeFiles/LLVMFrontendHLSL.dir/RootSignatureMetadata.cpp.o
[724/4503] Building CXX object lib/ProfileData/CMakeFiles/LLVMProfileData.dir/GCOV.cpp.o
[725/4503] Building CXX object lib/ProfileData/CMakeFiles/LLVMProfileData.dir/MemProfSummary.cpp.o
[726/4503] Building CXX object lib/ProfileData/CMakeFiles/LLVMProfileData.dir/MemProfCommon.cpp.o
[727/4503] Building CXX object lib/DebugInfo/Symbolize/CMakeFiles/LLVMSymbolize.dir/Symbolize.cpp.o
[728/4503] Linking CXX static library lib/libLLVMSymbolize.a
[729/4503] Building CXX object lib/ProfileData/CMakeFiles/LLVMProfileData.dir/IndexedMemProfData.cpp.o
[730/4503] Building CXX object lib/ProfileData/CMakeFiles/LLVMProfileData.dir/MemProf.cpp.o
[731/4503] Linking CXX static library lib/libLLVMFrontendHLSL.a
[732/4503] Building CXX object lib/ProfileData/CMakeFiles/LLVMProfileData.dir/InstrProfCorrelator.cpp.o
[733/4503] Building CXX object lib/ProfileData/CMakeFiles/LLVMProfileData.dir/MemProfRadixTree.cpp.o
[734/4503] Building CXX object lib/ProfileData/CMakeFiles/LLVMProfileData.dir/SymbolRemappingReader.cpp.o
[735/4503] Building CXX object lib/ProfileData/CMakeFiles/LLVMProfileData.dir/MemProfSummaryBuilder.cpp.o
[736/4503] Building CXX object lib/ProfileData/CMakeFiles/LLVMProfileData.dir/PGOCtxProfWriter.cpp.o
[737/4503] Building CXX object lib/ProfileData/CMakeFiles/LLVMProfileData.dir/ItaniumManglingCanonicalizer.cpp.o
[738/4503] Building CXX object lib/Analysis/CMakeFiles/LLVMAnalysis.dir/Analysis.cpp.o
[739/4503] Building CXX object lib/ProfileData/CMakeFiles/LLVMProfileData.dir/InstrProf.cpp.o
[740/4503] Building CXX object lib/ProfileData/CMakeFiles/LLVMProfileData.dir/InstrProfWriter.cpp.o
[741/4503] Building CXX object lib/ProfileData/CMakeFiles/LLVMProfileData.dir/PGOCtxProfReader.cpp.o
[742/4503] Building CXX object lib/ProfileData/CMakeFiles/LLVMProfileData.dir/ProfileSummaryBuilder.cpp.o
[743/4503] Building CXX object lib/Analysis/CMakeFiles/LLVMAnalysis.dir/AliasAnalysisEvaluator.cpp.o
[744/4503] Building CXX object lib/Analysis/CMakeFiles/LLVMAnalysis.dir/AliasAnalysis.cpp.o
[745/4503] Building CXX object lib/Analysis/CMakeFiles/LLVMAnalysis.dir/CFGSCCPrinter.cpp.o
[746/4503] Building CXX object lib/Analysis/CMakeFiles/LLVMAnalysis.dir/AssumeBundleQueries.cpp.o
[747/4503] Building CXX object lib/Analysis/CMakeFiles/LLVMAnalysis.dir/AliasSetTracker.cpp.o
[748/4503] Building CXX object lib/ProfileData/CMakeFiles/LLVMProfileData.dir/SampleProf.cpp.o
[749/4503] Building CXX object lib/Analysis/CMakeFiles/LLVMAnalysis.dir/AssumptionCache.cpp.o
[750/4503] Building CXX object lib/Analysis/CMakeFiles/LLVMAnalysis.dir/BlockFrequencyInfoImpl.cpp.o
[751/4503] Building CXX object lib/Analysis/CMakeFiles/LLVMAnalysis.dir/CFG.cpp.o
[752/4503] Building CXX object lib/ProfileData/CMakeFiles/LLVMProfileData.dir/SampleProfWriter.cpp.o
[753/4503] Building CXX object lib/ProfileData/CMakeFiles/LLVMProfileData.dir/InstrProfReader.cpp.o
[754/4503] Building CXX object lib/ProfileData/CMakeFiles/LLVMProfileData.dir/MemProfReader.cpp.o
[755/4503] Building CXX object lib/Analysis/CMakeFiles/LLVMAnalysis.dir/CFGPrinter.cpp.o
[756/4503] Building CXX object lib/ProfileData/CMakeFiles/LLVMProfileData.dir/SampleProfReader.cpp.o
[757/4503] Building CXX object lib/Analysis/CMakeFiles/LLVMAnalysis.dir/CallGraph.cpp.o
[758/4503] Building CXX object lib/Analysis/CMakeFiles/LLVMAnalysis.dir/BlockFrequencyInfo.cpp.o
[759/4503] Building CXX object lib/Analysis/CMakeFiles/LLVMAnalysis.dir/CallGraphSCCPass.cpp.o
[760/4503] Building CXX object lib/Analysis/CMakeFiles/LLVMAnalysis.dir/CycleAnalysis.cpp.o
[761/4503] Building CXX object lib/Analysis/CMakeFiles/LLVMAnalysis.dir/CallPrinter.cpp.o
[762/4503] Building CXX object lib/Analysis/CMakeFiles/LLVMAnalysis.dir/CmpInstAnalysis.cpp.o
[763/4503] Building CXX object lib/Analysis/CMakeFiles/LLVMAnalysis.dir/BasicAliasAnalysis.cpp.o
[764/4503] Building CXX object lib/Analysis/CMakeFiles/LLVMAnalysis.dir/CaptureTracking.cpp.o
[765/4503] Building CXX object lib/Analysis/CMakeFiles/LLVMAnalysis.dir/BranchProbabilityInfo.cpp.o
[766/4503] Building CXX object lib/Analysis/CMakeFiles/LLVMAnalysis.dir/ConstraintSystem.cpp.o
[767/4503] Building CXX object lib/Analysis/CMakeFiles/LLVMAnalysis.dir/CostModel.cpp.o
[768/4503] Building CXX object lib/Analysis/CMakeFiles/LLVMAnalysis.dir/DevelopmentModeInlineAdvisor.cpp.o
[769/4503] Building CXX object lib/Analysis/CMakeFiles/LLVMAnalysis.dir/CodeMetrics.cpp.o
[770/4503] Building CXX object lib/Analysis/CMakeFiles/LLVMAnalysis.dir/DDGPrinter.cpp.o
[771/4503] Building CXX object lib/Analysis/CMakeFiles/LLVMAnalysis.dir/DomConditionCache.cpp.o
[772/4503] Building CXX object lib/Analysis/CMakeFiles/LLVMAnalysis.dir/CGSCCPassManager.cpp.o
[773/4503] Building CXX object lib/Analysis/CMakeFiles/LLVMAnalysis.dir/EphemeralValuesCache.cpp.o
[774/4503] Building CXX object lib/Analysis/CMakeFiles/LLVMAnalysis.dir/Delinearization.cpp.o
[775/4503] Building CXX object lib/Analysis/CMakeFiles/LLVMAnalysis.dir/DominanceFrontier.cpp.o
[776/4503] Building CXX object lib/Analysis/CMakeFiles/LLVMAnalysis.dir/DDG.cpp.o
[777/4503] Building CXX object lib/Analysis/CMakeFiles/LLVMAnalysis.dir/DXILMetadataAnalysis.cpp.o
[778/4503] Building CXX object lib/Analysis/CMakeFiles/LLVMAnalysis.dir/DomPrinter.cpp.o
[779/4503] Building CXX object lib/Analysis/CMakeFiles/LLVMAnalysis.dir/FloatingPointPredicateUtils.cpp.o
[780/4503] Building CXX object lib/Analysis/CMakeFiles/LLVMAnalysis.dir/DomTreeUpdater.cpp.o
[781/4503] Building CXX object lib/Analysis/CMakeFiles/LLVMAnalysis.dir/HeatUtils.cpp.o
[782/4503] Building CXX object lib/Analysis/CMakeFiles/LLVMAnalysis.dir/GuardUtils.cpp.o
[783/4503] Building CXX object lib/Analysis/CMakeFiles/LLVMAnalysis.dir/DemandedBits.cpp.o
[784/4503] Building CXX object lib/Analysis/CMakeFiles/LLVMAnalysis.dir/ConstantFolding.cpp.o
[785/4503] Building CXX object lib/Analysis/CMakeFiles/LLVMAnalysis.dir/CtxProfAnalysis.cpp.o
[786/4503] Building CXX object lib/Analysis/CMakeFiles/LLVMAnalysis.dir/DXILResource.cpp.o
[787/4503] Building CXX object lib/Analysis/CMakeFiles/LLVMAnalysis.dir/DependenceGraphBuilder.cpp.o
[788/4503] Building CXX object lib/Analysis/CMakeFiles/LLVMAnalysis.dir/IndirectCallPromotionAnalysis.cpp.o
[789/4503] Building CXX object lib/Analysis/CMakeFiles/LLVMAnalysis.dir/DependenceAnalysis.cpp.o
[790/4503] Building CXX object lib/Analysis/CMakeFiles/LLVMAnalysis.dir/InlineSizeEstimatorAnalysis.cpp.o
[791/4503] Building CXX object lib/Analysis/CMakeFiles/LLVMAnalysis.dir/ImportedFunctionsInliningStatistics.cpp.o
[792/4503] Building CXX object lib/Analysis/CMakeFiles/LLVMAnalysis.dir/HashRecognize.cpp.o
[793/4503] Building CXX object lib/Analysis/CMakeFiles/LLVMAnalysis.dir/IVUsers.cpp.o
[794/4503] Building CXX object lib/Analysis/CMakeFiles/LLVMAnalysis.dir/LastRunTrackingAnalysis.cpp.o
[795/4503] Building CXX object lib/Analysis/CMakeFiles/LLVMAnalysis.dir/InteractiveModelRunner.cpp.o
[796/4503] Building CXX object lib/Analysis/CMakeFiles/LLVMAnalysis.dir/IVDescriptors.cpp.o
[797/4503] Building CXX object lib/Analysis/CMakeFiles/LLVMAnalysis.dir/IR2Vec.cpp.o
[798/4503] Building CXX object lib/Analysis/CMakeFiles/LLVMAnalysis.dir/FunctionPropertiesAnalysis.cpp.o
[799/4503] Building CXX object lib/Analysis/CMakeFiles/LLVMAnalysis.dir/InstCount.cpp.o
[800/4503] Building CXX object lib/Analysis/CMakeFiles/LLVMAnalysis.dir/GlobalsModRef.cpp.o
[801/4503] Building CXX object lib/Analysis/CMakeFiles/LLVMAnalysis.dir/InstructionPrecedenceTracking.cpp.o
[802/4503] Building CXX object lib/Analysis/CMakeFiles/LLVMAnalysis.dir/LazyBlockFrequencyInfo.cpp.o
[803/4503] Building CXX object lib/Analysis/CMakeFiles/LLVMAnalysis.dir/LazyBranchProbabilityInfo.cpp.o
[804/4503] Building CXX object lib/Analysis/CMakeFiles/LLVMAnalysis.dir/Local.cpp.o
[805/4503] Building CXX object lib/Analysis/CMakeFiles/LLVMAnalysis.dir/KernelInfo.cpp.o
[806/4503] Building CXX object lib/Analysis/CMakeFiles/LLVMAnalysis.dir/InlineAdvisor.cpp.o
[807/4503] Building CXX object lib/Analysis/CMakeFiles/LLVMAnalysis.dir/IRSimilarityIdentifier.cpp.o
[808/4503] Building CXX object lib/Analysis/CMakeFiles/LLVMAnalysis.dir/InlineOrder.cpp.o
[809/4503] Building CXX object lib/Analysis/CMakeFiles/LLVMAnalysis.dir/LoopNestAnalysis.cpp.o
[810/4503] Building CXX object lib/Analysis/CMakeFiles/LLVMAnalysis.dir/MemDerefPrinter.cpp.o
[811/4503] Building CXX object lib/Analysis/CMakeFiles/LLVMAnalysis.dir/InlineCost.cpp.o
[812/4503] Building CXX object lib/Analysis/CMakeFiles/LLVMAnalysis.dir/LoopUnrollAnalyzer.cpp.o
[813/4503] Building CXX object lib/Analysis/CMakeFiles/LLVMAnalysis.dir/Loads.cpp.o
[814/4503] Building CXX object lib/Analysis/CMakeFiles/LLVMAnalysis.dir/LoopAnalysisManager.cpp.o
[815/4503] Building CXX object lib/Analysis/CMakeFiles/LLVMAnalysis.dir/Lint.cpp.o
[816/4503] Building CXX object lib/Analysis/CMakeFiles/LLVMAnalysis.dir/LoopPass.cpp.o
[817/4503] Building CXX object lib/Analysis/CMakeFiles/LLVMAnalysis.dir/ModelUnderTrainingRunner.cpp.o
[818/4503] Building CXX object lib/Analysis/CMakeFiles/LLVMAnalysis.dir/LoopCacheAnalysis.cpp.o
[819/4503] Building CXX object lib/Analysis/CMakeFiles/LLVMAnalysis.dir/LazyCallGraph.cpp.o
[820/4503] Building CXX object lib/Analysis/CMakeFiles/LLVMAnalysis.dir/NoInferenceModelRunner.cpp.o
[821/4503] Building CXX object lib/Analysis/CMakeFiles/LLVMAnalysis.dir/LazyValueInfo.cpp.o
[822/4503] Building CXX object lib/Analysis/CMakeFiles/LLVMAnalysis.dir/MemoryLocation.cpp.o
[823/4503] Building CXX object lib/Analysis/CMakeFiles/LLVMAnalysis.dir/MemoryProfileInfo.cpp.o
[824/4503] Building CXX object lib/Analysis/CMakeFiles/LLVMAnalysis.dir/ObjCARCAliasAnalysis.cpp.o
[825/4503] Building CXX object lib/Analysis/CMakeFiles/LLVMAnalysis.dir/ModuleDebugInfoPrinter.cpp.o
[826/4503] Building CXX object lib/Analysis/CMakeFiles/LLVMAnalysis.dir/ObjCARCAnalysisUtils.cpp.o
[827/4503] Building CXX object lib/Analysis/CMakeFiles/LLVMAnalysis.dir/ObjCARCInstKind.cpp.o
[828/4503] Building CXX object lib/Analysis/CMakeFiles/LLVMAnalysis.dir/InstructionSimplify.cpp.o
[829/4503] Building CXX object lib/Analysis/CMakeFiles/LLVMAnalysis.dir/MemoryBuiltins.cpp.o
[830/4503] Building CXX object lib/Analysis/CMakeFiles/LLVMAnalysis.dir/LoopInfo.cpp.o
[831/4503] Building CXX object lib/Analysis/CMakeFiles/LLVMAnalysis.dir/MustExecute.cpp.o
[832/4503] Building CXX object lib/Analysis/CMakeFiles/LLVMAnalysis.dir/OptimizationRemarkEmitter.cpp.o
[833/4503] Building CXX object lib/Analysis/CMakeFiles/LLVMAnalysis.dir/PHITransAddr.cpp.o
[834/4503] Building CXX object lib/Analysis/CMakeFiles/LLVMAnalysis.dir/LoopAccessAnalysis.cpp.o
[835/4503] Building CXX object lib/Analysis/CMakeFiles/LLVMAnalysis.dir/MLInlineAdvisor.cpp.o
[836/4503] Building CXX object lib/Analysis/CMakeFiles/LLVMAnalysis.dir/OverflowInstAnalysis.cpp.o
[837/4503] Building CXX object lib/Analysis/CMakeFiles/LLVMAnalysis.dir/PostDominators.cpp.o
[838/4503] Building CXX object lib/Analysis/CMakeFiles/LLVMAnalysis.dir/MemorySSAUpdater.cpp.o
[839/4503] Building CXX object lib/Analysis/CMakeFiles/LLVMAnalysis.dir/MemoryDependenceAnalysis.cpp.o
[840/4503] Building CXX object lib/Analysis/CMakeFiles/LLVMAnalysis.dir/RegionPass.cpp.o
[841/4503] Building CXX object lib/Analysis/CMakeFiles/LLVMAnalysis.dir/PhiValues.cpp.o
[842/4503] Building CXX object lib/Analysis/CMakeFiles/LLVMAnalysis.dir/PtrUseVisitor.cpp.o
[843/4503] Building CXX object lib/Analysis/CMakeFiles/LLVMAnalysis.dir/TFLiteUtils.cpp.o
[844/4503] Building CXX object lib/Analysis/CMakeFiles/LLVMAnalysis.dir/MemorySSA.cpp.o
[845/4503] Building CXX object lib/Analysis/CMakeFiles/LLVMAnalysis.dir/ReplayInlineAdvisor.cpp.o
[846/4503] Building CXX object lib/Analysis/CMakeFiles/LLVMAnalysis.dir/ProfileSummaryInfo.cpp.o
[847/4503] Building CXX object lib/Analysis/CMakeFiles/LLVMAnalysis.dir/ScalarEvolutionDivision.cpp.o
[848/4503] Building CXX object lib/Analysis/CMakeFiles/LLVMAnalysis.dir/ScalarEvolutionAliasAnalysis.cpp.o
[849/4503] Building CXX object lib/Analysis/CMakeFiles/LLVMAnalysis.dir/StructuralHash.cpp.o
[850/4503] Building CXX object lib/Analysis/CMakeFiles/LLVMAnalysis.dir/StaticDataProfileInfo.cpp.o
[851/4503] Building CXX object lib/Analysis/CMakeFiles/LLVMAnalysis.dir/RegionPrinter.cpp.o
[852/4503] Building CXX object lib/Analysis/CMakeFiles/LLVMAnalysis.dir/Trace.cpp.o
[853/4503] Building CXX object lib/Analysis/CMakeFiles/LLVMAnalysis.dir/ScalarEvolutionNormalization.cpp.o
[854/4503] Building CXX object lib/Analysis/CMakeFiles/LLVMAnalysis.dir/TrainingLogger.cpp.o
[855/4503] Building CXX object lib/Analysis/CMakeFiles/LLVMAnalysis.dir/TensorSpec.cpp.o
[856/4503] Building CXX object lib/Analysis/CMakeFiles/LLVMAnalysis.dir/RegionInfo.cpp.o
[857/4503] Building CXX object lib/Analysis/CMakeFiles/LLVMAnalysis.dir/ModuleSummaryAnalysis.cpp.o
[858/4503] Linking CXX static library lib/libLLVMProfileData.a
[859/4503] Building CXX object lib/Analysis/CMakeFiles/LLVMAnalysis.dir/ValueLattice.cpp.o
[860/4503] Building CXX object lib/Analysis/CMakeFiles/LLVMAnalysis.dir/ValueLatticeUtils.cpp.o
[861/4503] Building CXX object lib/Analysis/CMakeFiles/LLVMAnalysis.dir/ScopedNoAliasAA.cpp.o
[862/4503] Building CXX object lib/Analysis/CMakeFiles/LLVMAnalysis.dir/TypeBasedAliasAnalysis.cpp.o
[863/4503] Building CXX object lib/Analysis/CMakeFiles/LLVMAnalysis.dir/TypeMetadataUtils.cpp.o
[864/4503] Building CXX object lib/Analysis/CMakeFiles/LLVMAnalysis.dir/StackLifetime.cpp.o
[865/4503] Building CXX object lib/Analysis/CMakeFiles/LLVMAnalysis.dir/SyntheticCountsUtils.cpp.o
[866/4503] Building CXX object utils/TableGen/CMakeFiles/llvm-tblgen.dir/CTagsEmitter.cpp.o
[867/4503] Building CXX object utils/TableGen/CMakeFiles/llvm-tblgen.dir/CodeEmitterGen.cpp.o
[868/4503] Building CXX object utils/TableGen/CMakeFiles/llvm-tblgen.dir/CodeGenMapTable.cpp.o
[869/4503] Building CXX object lib/Analysis/CMakeFiles/LLVMAnalysis.dir/UniformityAnalysis.cpp.o
[870/4503] Building CXX object utils/TableGen/CMakeFiles/llvm-tblgen.dir/CallingConvEmitter.cpp.o
[871/4503] Building CXX object utils/TableGen/CMakeFiles/llvm-tblgen.dir/DAGISelEmitter.cpp.o
[872/4503] Building CXX object lib/Analysis/CMakeFiles/LLVMAnalysis.dir/StackSafetyAnalysis.cpp.o
[873/4503] Building CXX object lib/Analysis/CMakeFiles/LLVMAnalysis.dir/TargetTransformInfo.cpp.o
[874/4503] Building CXX object utils/TableGen/CMakeFiles/llvm-tblgen.dir/DecoderTree.cpp.o
[875/4503] Building CXX object utils/TableGen/CMakeFiles/llvm-tblgen.dir/DecoderTableEmitter.cpp.o
[876/4503] Building CXX object utils/TableGen/CMakeFiles/llvm-tblgen.dir/DAGISelMatcherOpt.cpp.o
[877/4503] Building CXX object utils/TableGen/CMakeFiles/llvm-tblgen.dir/CompressInstEmitter.cpp.o
[878/4503] Building CXX object utils/TableGen/CMakeFiles/llvm-tblgen.dir/AsmWriterEmitter.cpp.o
[879/4503] Building CXX object utils/TableGen/CMakeFiles/llvm-tblgen.dir/DisassemblerEmitter.cpp.o
[880/4503] Building CXX object utils/TableGen/CMakeFiles/llvm-tblgen.dir/DAGISelMatcherGen.cpp.o
[881/4503] Building CXX object utils/TableGen/CMakeFiles/llvm-tblgen.dir/ExegesisEmitter.cpp.o
[882/4503] Building CXX object utils/TableGen/CMakeFiles/llvm-tblgen.dir/DAGISelMatcherEmitter.cpp.o
[883/4503] Building CXX object utils/TableGen/CMakeFiles/llvm-tblgen.dir/llvm-tblgen.cpp.o
[884/4503] Building CXX object utils/TableGen/CMakeFiles/llvm-tblgen.dir/DFAEmitter.cpp.o
[885/4503] Building CXX object utils/TableGen/CMakeFiles/llvm-tblgen.dir/DFAPacketizerEmitter.cpp.o
[886/4503] Building CXX object lib/Analysis/CMakeFiles/LLVMAnalysis.dir/VectorUtils.cpp.o
[887/4503] Building CXX object utils/TableGen/CMakeFiles/llvm-tblgen.dir/DXILEmitter.cpp.o
[888/4503] Building CXX object utils/TableGen/CMakeFiles/llvm-tblgen.dir/MacroFusionPredicatorEmitter.cpp.o
[889/4503] Building CXX object utils/TableGen/CMakeFiles/llvm-tblgen.dir/InstrDocsEmitter.cpp.o
[890/4503] Building CXX object utils/TableGen/CMakeFiles/llvm-tblgen.dir/DecoderEmitter.cpp.o
[891/4503] Building CXX object utils/TableGen/CMakeFiles/llvm-tblgen.dir/OptionRSTEmitter.cpp.o
[892/4503] Building CXX object utils/TableGen/CMakeFiles/llvm-tblgen.dir/AsmMatcherEmitter.cpp.o
[893/4503] Building CXX object utils/TableGen/CMakeFiles/llvm-tblgen.dir/PseudoLoweringEmitter.cpp.o
[894/4503] Building CXX object utils/TableGen/CMakeFiles/llvm-tblgen.dir/FastISelEmitter.cpp.o
[895/4503] Building CXX object utils/TableGen/CMakeFiles/llvm-tblgen.dir/OptionParserEmitter.cpp.o
[896/4503] Building CXX object utils/TableGen/CMakeFiles/llvm-tblgen.dir/WebAssemblyDisassemblerEmitter.cpp.o
[897/4503] Building CXX object utils/TableGen/CMakeFiles/llvm-tblgen.dir/X86ModRMFilters.cpp.o
[898/4503] Building CXX object utils/TableGen/CMakeFiles/llvm-tblgen.dir/RegisterBankEmitter.cpp.o
[899/4503] Building CXX object utils/TableGen/CMakeFiles/llvm-tblgen.dir/X86DisassemblerTables.cpp.o
[900/4503] Building CXX object utils/TableGen/Common/CMakeFiles/obj.LLVMTableGenCommon.dir/GlobalISel/CodeExpander.cpp.o
[901/4503] Building CXX object utils/TableGen/CMakeFiles/llvm-tblgen.dir/X86MnemonicTables.cpp.o
[902/4503] Building CXX object lib/Analysis/CMakeFiles/LLVMAnalysis.dir/ValueTracking.cpp.o
[903/4503] Building CXX object utils/TableGen/CMakeFiles/llvm-tblgen.dir/SDNodeInfoEmitter.cpp.o
[904/4503] Building CXX object utils/TableGen/CMakeFiles/llvm-tblgen.dir/X86InstrMappingEmitter.cpp.o
[905/4503] Building CXX object utils/TableGen/Common/CMakeFiles/obj.LLVMTableGenCommon.dir/GlobalISel/CXXPredicates.cpp.o
[906/4503] Building CXX object utils/TableGen/CMakeFiles/llvm-tblgen.dir/X86FoldTablesEmitter.cpp.o
[907/4503] Building CXX object utils/TableGen/Common/CMakeFiles/obj.LLVMTableGenCommon.dir/GlobalISel/CombinerUtils.cpp.o
[908/4503] Building CXX object utils/TableGen/CMakeFiles/llvm-tblgen.dir/InstrInfoEmitter.cpp.o
[909/4503] Building CXX object utils/TableGen/CMakeFiles/llvm-tblgen.dir/X86RecognizableInstr.cpp.o
[910/4503] Building CXX object utils/TableGen/CMakeFiles/llvm-tblgen.dir/SearchableTableEmitter.cpp.o
[911/4503] Building CXX object utils/TableGen/CMakeFiles/llvm-tblgen.dir/SubtargetEmitter.cpp.o
[912/4503] Building CXX object utils/TableGen/Common/CMakeFiles/obj.LLVMTableGenCommon.dir/CodeGenHwModes.cpp.o
[913/4503] Building CXX object utils/TableGen/Common/CMakeFiles/obj.LLVMTableGenCommon.dir/AsmWriterInst.cpp.o
[914/4503] Building CXX object utils/TableGen/Common/CMakeFiles/obj.LLVMTableGenCommon.dir/GlobalISel/PatternParser.cpp.o
[915/4503] Building CXX object utils/TableGen/CMakeFiles/llvm-tblgen.dir/GlobalISelCombinerEmitter.cpp.o
[916/4503] Building CXX object utils/TableGen/Common/CMakeFiles/obj.LLVMTableGenCommon.dir/CodeGenInstAlias.cpp.o
[917/4503] Building CXX object utils/TableGen/Common/CMakeFiles/obj.LLVMTableGenCommon.dir/GlobalISel/GlobalISelMatchTableExecutorEmitter.cpp.o
[918/4503] Building CXX object utils/TableGen/Common/CMakeFiles/obj.LLVMTableGenCommon.dir/CodeGenInstruction.cpp.o
[919/4503] Building CXX object utils/TableGen/Common/CMakeFiles/obj.LLVMTableGenCommon.dir/GlobalISel/Patterns.cpp.o
[920/4503] Building CXX object utils/TableGen/Common/CMakeFiles/obj.LLVMTableGenCommon.dir/Types.cpp.o
[921/4503] Building CXX object utils/TableGen/CMakeFiles/llvm-tblgen.dir/GlobalISelEmitter.cpp.o
[922/4503] Building CXX object utils/TableGen/Common/CMakeFiles/obj.LLVMTableGenCommon.dir/OptEmitter.cpp.o
[923/4503] Linking CXX static library lib/libLLVMCodeGenTypes.a
[924/4503] Building CXX object utils/TableGen/CMakeFiles/llvm-tblgen.dir/RegisterInfoEmitter.cpp.o
[925/4503] Building CXX object utils/TableGen/Common/CMakeFiles/obj.LLVMTableGenCommon.dir/DAGISelMatcher.cpp.o
[926/4503] Building CXX object utils/TableGen/Common/CMakeFiles/obj.LLVMTableGenCommon.dir/Utils.cpp.o
[927/4503] Building CXX object utils/TableGen/Common/CMakeFiles/obj.LLVMTableGenCommon.dir/SubtargetFeatureInfo.cpp.o
[928/4503] Building CXX object utils/TableGen/Common/CMakeFiles/obj.LLVMTableGenCommon.dir/InfoByHwMode.cpp.o
[929/4503] Building CXX object utils/TableGen/Common/CMakeFiles/obj.LLVMTableGenCommon.dir/PredicateExpander.cpp.o
[930/4503] Building CXX object utils/TableGen/Common/CMakeFiles/obj.LLVMTableGenCommon.dir/InstructionEncoding.cpp.o
[931/4503] Building CXX object lib/Transforms/Utils/CMakeFiles/LLVMTransformUtils.dir/ASanStackFrameLayout.cpp.o
[932/4503] Building CXX object lib/Analysis/CMakeFiles/LLVMAnalysis.dir/TargetLibraryInfo.cpp.o
[933/4503] Building CXX object lib/Analysis/CMakeFiles/LLVMAnalysis.dir/ScalarEvolution.cpp.o
[934/4503] Building CXX object utils/TableGen/Common/CMakeFiles/obj.LLVMTableGenCommon.dir/CodeGenTarget.cpp.o
[935/4503] Building CXX object utils/TableGen/Common/CMakeFiles/obj.LLVMTableGenCommon.dir/VarLenCodeEmitterGen.cpp.o
[936/4503] Building CXX object lib/Transforms/Utils/CMakeFiles/LLVMTransformUtils.dir/AMDGPUEmitPrintf.cpp.o
[937/4503] Building CXX object lib/Transforms/Utils/CMakeFiles/LLVMTransformUtils.dir/BypassSlowDivision.cpp.o
[938/4503] Building CXX object lib/Transforms/Utils/CMakeFiles/LLVMTransformUtils.dir/CanonicalizeAliases.cpp.o
[939/4503] Building CXX object lib/Transforms/Utils/CMakeFiles/LLVMTransformUtils.dir/CallGraphUpdater.cpp.o
[940/4503] Building CXX object lib/Transforms/Utils/CMakeFiles/LLVMTransformUtils.dir/AddDiscriminators.cpp.o
[941/4503] Building CXX object utils/TableGen/Common/CMakeFiles/obj.LLVMTableGenCommon.dir/GlobalISel/GlobalISelMatchTable.cpp.o
[942/4503] Building CXX object utils/TableGen/Common/CMakeFiles/obj.LLVMTableGenCommon.dir/CodeGenSchedule.cpp.o
[943/4503] Building CXX object lib/Transforms/Utils/CMakeFiles/LLVMTransformUtils.dir/BreakCriticalEdges.cpp.o
[944/4503] Building CXX object lib/Transforms/Utils/CMakeFiles/LLVMTransformUtils.dir/CloneModule.cpp.o
[945/4503] Building CXX object lib/Transforms/Utils/CMakeFiles/LLVMTransformUtils.dir/BuildLibCalls.cpp.o
[946/4503] Building CXX object lib/Transforms/Utils/CMakeFiles/LLVMTransformUtils.dir/CountVisits.cpp.o
[947/4503] Building CXX object lib/Transforms/Utils/CMakeFiles/LLVMTransformUtils.dir/CanonicalizeFreezeInLoops.cpp.o
[948/4503] Building CXX object lib/Transforms/Utils/CMakeFiles/LLVMTransformUtils.dir/CallPromotionUtils.cpp.o
[949/4503] Building CXX object lib/Transforms/Utils/CMakeFiles/LLVMTransformUtils.dir/CodeMoverUtils.cpp.o
[950/4503] Building CXX object lib/Transforms/Utils/CMakeFiles/LLVMTransformUtils.dir/AssumeBundleBuilder.cpp.o
[951/4503] Building CXX object lib/Transforms/Utils/CMakeFiles/LLVMTransformUtils.dir/CtorUtils.cpp.o
[952/4503] Building CXX object lib/Transforms/Utils/CMakeFiles/LLVMTransformUtils.dir/BasicBlockUtils.cpp.o
[953/4503] Building CXX object lib/Transforms/Utils/CMakeFiles/LLVMTransformUtils.dir/ControlFlowUtils.cpp.o
[954/4503] Building CXX object utils/TableGen/Common/CMakeFiles/obj.LLVMTableGenCommon.dir/CodeGenDAGPatterns.cpp.o
[955/4503] Building CXX object lib/Transforms/Utils/CMakeFiles/LLVMTransformUtils.dir/DeclareRuntimeLibcalls.cpp.o
[956/4503] Building CXX object lib/Transforms/Utils/CMakeFiles/LLVMTransformUtils.dir/DXILUpgrade.cpp.o
[957/4503] Building CXX object lib/Transforms/Utils/CMakeFiles/LLVMTransformUtils.dir/DemoteRegToStack.cpp.o
[958/4503] Building CXX object lib/Transforms/Utils/CMakeFiles/LLVMTransformUtils.dir/CodeLayout.cpp.o
[959/4503] Building CXX object lib/Transforms/Utils/CMakeFiles/LLVMTransformUtils.dir/EscapeEnumerator.cpp.o
[960/4503] Building CXX object utils/TableGen/Common/CMakeFiles/obj.LLVMTableGenCommon.dir/CodeGenRegisters.cpp.o
[961/4503] Building CXX object lib/Transforms/Utils/CMakeFiles/LLVMTransformUtils.dir/HelloWorld.cpp.o
[962/4503] Building CXX object lib/Transforms/Utils/CMakeFiles/LLVMTransformUtils.dir/CloneFunction.cpp.o
[963/4503] Building CXX object lib/Transforms/Utils/CMakeFiles/LLVMTransformUtils.dir/FlattenCFG.cpp.o
[964/4503] Building CXX object lib/Transforms/Utils/CMakeFiles/LLVMTransformUtils.dir/EntryExitInstrumenter.cpp.o
[965/4503] Building CXX object lib/Transforms/Utils/CMakeFiles/LLVMTransformUtils.dir/InstructionNamer.cpp.o
[966/4503] Building CXX object lib/Transforms/Utils/CMakeFiles/LLVMTransformUtils.dir/FunctionComparator.cpp.o
[967/4503] Building CXX object lib/Transforms/Utils/CMakeFiles/LLVMTransformUtils.dir/FunctionImportUtils.cpp.o
[968/4503] Building CXX object lib/Transforms/Utils/CMakeFiles/LLVMTransformUtils.dir/FixIrreducible.cpp.o
[969/4503] Building CXX object lib/Transforms/Utils/CMakeFiles/LLVMTransformUtils.dir/Evaluator.cpp.o
[970/4503] Building CXX object lib/Transforms/Utils/CMakeFiles/LLVMTransformUtils.dir/GlobalStatus.cpp.o
[971/4503] Building CXX object lib/Transforms/Utils/CMakeFiles/LLVMTransformUtils.dir/GuardUtils.cpp.o
[972/4503] Building CXX object lib/Transforms/Utils/CMakeFiles/LLVMTransformUtils.dir/DebugSSAUpdater.cpp.o
[973/4503] Building CXX object lib/Transforms/Utils/CMakeFiles/LLVMTransformUtils.dir/InjectTLIMappings.cpp.o
[974/4503] Building CXX object lib/Transforms/Utils/CMakeFiles/LLVMTransformUtils.dir/CodeExtractor.cpp.o
/builddir/rocm-llvm-7.2.3/llvm/lib/Transforms/Utils/CodeExtractor.cpp: In member function 'llvm::Function* llvm::CodeExtractor::constructFunctionDeclaration(const ValueSet&, const ValueSet&, llvm::BlockFrequency, const llvm::Twine&, ValueSet&, llvm::StructType*&)':
/builddir/rocm-llvm-7.2.3/llvm/lib/Transforms/Utils/CodeExtractor.cpp:913:14: warning: enumeration value 'SanitizedPaddedGlobal' not handled in switch [-Wswitch]
  913 |       switch (Attr.getKindAsEnum()) {
      |              ^
[975/4503] Building CXX object lib/Transforms/Utils/CMakeFiles/LLVMTransformUtils.dir/IntegerDivision.cpp.o
[976/4503] Building CXX object lib/Transforms/Utils/CMakeFiles/LLVMTransformUtils.dir/Instrumentation.cpp.o
[977/4503] Building CXX object lib/Transforms/Utils/CMakeFiles/LLVMTransformUtils.dir/Debugify.cpp.o
[978/4503] Building CXX object lib/Transforms/Utils/CMakeFiles/LLVMTransformUtils.dir/IRNormalizer.cpp.o
[979/4503] Building CXX object lib/Transforms/Utils/CMakeFiles/LLVMTransformUtils.dir/LibCallsShrinkWrap.cpp.o
[980/4503] Building CXX object lib/Transforms/Utils/CMakeFiles/LLVMTransformUtils.dir/LowerAtomic.cpp.o
[981/4503] Building CXX object lib/Transforms/Utils/CMakeFiles/LLVMTransformUtils.dir/LowerGlobalDtors.cpp.o
[982/4503] Building CXX object lib/Transforms/Utils/CMakeFiles/LLVMTransformUtils.dir/LowerIFunc.cpp.o
[983/4503] Building CXX object lib/Transforms/Utils/CMakeFiles/LLVMTransformUtils.dir/LoopConstrainer.cpp.o
[984/4503] Building CXX object lib/Transforms/Utils/CMakeFiles/LLVMTransformUtils.dir/LowerInvoke.cpp.o
[985/4503] Building CXX object lib/Transforms/Utils/CMakeFiles/LLVMTransformUtils.dir/LCSSA.cpp.o
[986/4503] Building CXX object lib/Transforms/Utils/CMakeFiles/LLVMTransformUtils.dir/LoopRotationUtils.cpp.o
[987/4503] Building CXX object lib/Transforms/Utils/CMakeFiles/LLVMTransformUtils.dir/LoopSimplify.cpp.o
[988/4503] Building CXX object lib/Transforms/Utils/CMakeFiles/LLVMTransformUtils.dir/LowerVectorIntrinsics.cpp.o
[989/4503] Building CXX object lib/Transforms/Utils/CMakeFiles/LLVMTransformUtils.dir/MatrixUtils.cpp.o
[990/4503] Building CXX object lib/Transforms/Utils/CMakeFiles/LLVMTransformUtils.dir/LowerSwitch.cpp.o
[991/4503] Building CXX object lib/Transforms/Utils/CMakeFiles/LLVMTransformUtils.dir/LoopPeel.cpp.o
[992/4503] Building CXX object lib/Transforms/Utils/CMakeFiles/LLVMTransformUtils.dir/LoopVersioning.cpp.o
[993/4503] Building CXX object lib/Transforms/Utils/CMakeFiles/LLVMTransformUtils.dir/Mem2Reg.cpp.o
[994/4503] Building CXX object lib/Transforms/Utils/CMakeFiles/LLVMTransformUtils.dir/LoopUnrollRuntime.cpp.o
[995/4503] Building CXX object lib/Transforms/Utils/CMakeFiles/LLVMTransformUtils.dir/LoopUnrollAndJam.cpp.o
[996/4503] Building CXX object lib/Transforms/Utils/CMakeFiles/LLVMTransformUtils.dir/MetaRenamer.cpp.o
[997/4503] Building CXX object lib/Transforms/Utils/CMakeFiles/LLVMTransformUtils.dir/NameAnonGlobals.cpp.o
[998/4503] Building CXX object lib/Transforms/Utils/CMakeFiles/LLVMTransformUtils.dir/LoopUnroll.cpp.o
[999/4503] Building CXX object lib/Transforms/Utils/CMakeFiles/LLVMTransformUtils.dir/MisExpect.cpp.o
[1000/4503] Building CXX object lib/Transforms/Utils/CMakeFiles/LLVMTransformUtils.dir/MemoryOpRemark.cpp.o
[1001/4503] Building CXX object lib/Transforms/Utils/CMakeFiles/LLVMTransformUtils.dir/LowerMemIntrinsics.cpp.o
[1002/4503] Building CXX object lib/Transforms/Utils/CMakeFiles/LLVMTransformUtils.dir/InlineFunction.cpp.o
[1003/4503] Building CXX object lib/Transforms/Utils/CMakeFiles/LLVMTransformUtils.dir/LoopUtils.cpp.o
[1004/4503] Building CXX object lib/Transforms/Utils/CMakeFiles/LLVMTransformUtils.dir/MemoryTaggingSupport.cpp.o
[1005/4503] Building CXX object lib/Transforms/Utils/CMakeFiles/LLVMTransformUtils.dir/ProfileVerify.cpp.o
[1006/4503] Building CXX object lib/Transforms/Utils/CMakeFiles/LLVMTransformUtils.dir/Local.cpp.o
[1007/4503] Building CXX object lib/Transforms/Utils/CMakeFiles/LLVMTransformUtils.dir/ModuleUtils.cpp.o
[1008/4503] Building CXX object lib/Transforms/Utils/CMakeFiles/LLVMTransformUtils.dir/MoveAutoInit.cpp.o
[1009/4503] Building CXX object lib/Transforms/Utils/CMakeFiles/LLVMTransformUtils.dir/RelLookupTableConverter.cpp.o
[1010/4503] Building CXX object lib/Transforms/Utils/CMakeFiles/LLVMTransformUtils.dir/SampleProfileInference.cpp.o
[1011/4503] Building CXX object lib/Transforms/Utils/CMakeFiles/LLVMTransformUtils.dir/SanitizerStats.cpp.o
[1012/4503] Building CXX object lib/Transforms/Utils/CMakeFiles/LLVMTransformUtils.dir/StripGCRelocates.cpp.o
[1013/4503] Building CXX object lib/Transforms/Utils/CMakeFiles/LLVMTransformUtils.dir/SSAUpdaterBulk.cpp.o
[1014/4503] Building CXX object lib/Transforms/Utils/CMakeFiles/LLVMTransformUtils.dir/SampleProfileLoaderBaseUtil.cpp.o
[1015/4503] Building CXX object lib/Transforms/Utils/CMakeFiles/LLVMTransformUtils.dir/SizeOpts.cpp.o
[1016/4503] Building CXX object lib/Transforms/Utils/CMakeFiles/LLVMTransformUtils.dir/PredicateInfo.cpp.o
[1017/4503] Building CXX object lib/Transforms/Utils/CMakeFiles/LLVMTransformUtils.dir/UnifyFunctionExitNodes.cpp.o
[1018/4503] Building CXX object lib/Transforms/Utils/CMakeFiles/LLVMTransformUtils.dir/SSAUpdater.cpp.o
[1019/4503] Linking CXX static library lib/libLLVMAnalysis.a
[1020/4503] Building CXX object lib/Transforms/Utils/CMakeFiles/LLVMTransformUtils.dir/Utils.cpp.o
[1021/4503] Building CXX object lib/Transforms/Utils/CMakeFiles/LLVMTransformUtils.dir/PromoteMemoryToRegister.cpp.o
[1022/4503] Building CXX object lib/Transforms/Utils/CMakeFiles/LLVMTransformUtils.dir/StripNonLineTableDebugInfo.cpp.o
[1023/4503] Building CXX object lib/Transforms/Utils/CMakeFiles/LLVMTransformUtils.dir/SymbolRewriter.cpp.o
[1024/4503] Building CXX object lib/Transforms/Utils/CMakeFiles/LLVMTransformUtils.dir/UnifyLoopExits.cpp.o
[1025/4503] Building CXX object lib/Transforms/Utils/CMakeFiles/LLVMTransformUtils.dir/SplitModule.cpp.o
[1026/4503] Building CXX object tools/clang/utils/TableGen/CMakeFiles/clang-tblgen.dir/ClangCommentCommandInfoEmitter.cpp.o
[1027/4503] Building CXX object tools/clang/utils/TableGen/CMakeFiles/clang-tblgen.dir/ClangCommentHTMLNamedCharacterReferenceEmitter.cpp.o
[1028/4503] Building CXX object tools/clang/utils/TableGen/CMakeFiles/clang-tblgen.dir/ClangCommentHTMLTagsEmitter.cpp.o
[1029/4503] Building CXX object lib/Transforms/Utils/CMakeFiles/LLVMTransformUtils.dir/SplitModuleByCategory.cpp.o
[1030/4503] Building CXX object lib/Transforms/Utils/CMakeFiles/LLVMTransformUtils.dir/SCCPSolver.cpp.o
[1031/4503] Building CXX object tools/clang/utils/TableGen/CMakeFiles/clang-tblgen.dir/ClangBuiltinTemplatesEmitter.cpp.o
[1032/4503] Building CXX object tools/clang/utils/TableGen/CMakeFiles/clang-tblgen.dir/ClangBuiltinsEmitter.cpp.o
[1033/4503] Building CXX object tools/clang/utils/TableGen/CMakeFiles/clang-tblgen.dir/ClangDataCollectorsEmitter.cpp.o
[1034/4503] Building CXX object lib/Transforms/Utils/CMakeFiles/LLVMTransformUtils.dir/ScalarEvolutionExpander.cpp.o
[1035/4503] Building CXX object lib/Transforms/Utils/CMakeFiles/LLVMTransformUtils.dir/VNCoercion.cpp.o
[1036/4503] Building CXX object lib/Transforms/Utils/CMakeFiles/LLVMTransformUtils.dir/SimplifyIndVar.cpp.o
[1037/4503] Building CXX object tools/clang/utils/TableGen/CMakeFiles/clang-tblgen.dir/ClangOpcodesEmitter.cpp.o
[1038/4503] Building CXX object tools/clang/utils/TableGen/CMakeFiles/clang-tblgen.dir/ClangSACheckersEmitter.cpp.o
[1039/4503] Linking CXX executable bin/llvm-tblgen
[1040/4503] Building CXX object tools/clang/utils/TableGen/CMakeFiles/clang-tblgen.dir/ClangTypeNodesEmitter.cpp.o
[1041/4503] Building CXX object lib/Transforms/Utils/CMakeFiles/LLVMTransformUtils.dir/ValueMapper.cpp.o
[1042/4503] Building CXX object tools/clang/utils/TableGen/CMakeFiles/clang-tblgen.dir/ClangSyntaxEmitter.cpp.o
[1043/4503] Building CXX object tools/clang/utils/TableGen/CMakeFiles/clang-tblgen.dir/TableGen.cpp.o
[1044/4503] Building CXX object tools/clang/utils/TableGen/CMakeFiles/clang-tblgen.dir/ClangOptionDocEmitter.cpp.o
[1045/4503] Building CXX object lib/Transforms/Utils/CMakeFiles/LLVMTransformUtils.dir/SimplifyLibCalls.cpp.o
[1046/4503] Building CXX object tools/clang/lib/Support/CMakeFiles/obj.clangSupport.dir/RISCVVIntrinsicUtils.cpp.o
[1047/4503] Building CXX object tools/clang/utils/TableGen/CMakeFiles/clang-tblgen.dir/ClangOpenCLBuiltinEmitter.cpp.o
[1048/4503] Building CXX object tools/clang/utils/TableGen/CMakeFiles/clang-tblgen.dir/ClangDiagnosticsEmitter.cpp.o
[1049/4503] Building CXX object lib/Transforms/AggressiveInstCombine/CMakeFiles/LLVMAggressiveInstCombine.dir/TruncInstCombine.cpp.o
[1050/4503] Building CXX object tools/clang/utils/TableGen/CMakeFiles/clang-tblgen.dir/SveEmitter.cpp.o
[1051/4503] Building CXX object tools/clang/utils/TableGen/CMakeFiles/clang-tblgen.dir/RISCVVEmitter.cpp.o
[1052/4503] Building CXX object tools/clang/utils/TableGen/CMakeFiles/clang-tblgen.dir/MveEmitter.cpp.o
[1053/4503] Building CXX object lib/Transforms/InstCombine/CMakeFiles/LLVMInstCombine.dir/InstCombineAtomicRMW.cpp.o
[1054/4503] Building CXX object tools/clang/utils/TableGen/CMakeFiles/clang-tblgen.dir/NeonEmitter.cpp.o
[1055/4503] Building CXX object lib/Transforms/AggressiveInstCombine/CMakeFiles/LLVMAggressiveInstCombine.dir/AggressiveInstCombine.cpp.o
[1056/4503] Building CXX object lib/ObjectYAML/CMakeFiles/LLVMObjectYAML.dir/ArchiveEmitter.cpp.o
[1057/4503] Building CXX object lib/Transforms/InstCombine/CMakeFiles/LLVMInstCombine.dir/InstCombineNegator.cpp.o
[1058/4503] Building CXX object lib/Transforms/InstCombine/CMakeFiles/LLVMInstCombine.dir/InstCombineCasts.cpp.o
[1059/4503] Building CXX object lib/ObjectYAML/CMakeFiles/LLVMObjectYAML.dir/ArchiveYAML.cpp.o
[1060/4503] Building CXX object lib/Transforms/InstCombine/CMakeFiles/LLVMInstCombine.dir/InstCombineLoadStoreAlloca.cpp.o
[1061/4503] Building CXX object lib/Transforms/InstCombine/CMakeFiles/LLVMInstCombine.dir/InstCombineAddSub.cpp.o
[1062/4503] Building CXX object lib/Transforms/Utils/CMakeFiles/LLVMTransformUtils.dir/SimplifyCFG.cpp.o
[1063/4503] Linking CXX static library lib/libLLVMTransformUtils.a
[1064/4503] Building CXX object lib/Transforms/InstCombine/CMakeFiles/LLVMInstCombine.dir/InstCombinePHI.cpp.o
[1065/4503] Building CXX object lib/ObjectYAML/CMakeFiles/LLVMObjectYAML.dir/CodeViewYAMLTypeHashing.cpp.o
[1066/4503] Building CXX object lib/Transforms/InstCombine/CMakeFiles/LLVMInstCombine.dir/InstCombineMulDivRem.cpp.o
[1067/4503] Building CXX object lib/Transforms/InstCombine/CMakeFiles/LLVMInstCombine.dir/InstCombineShifts.cpp.o
[1068/4503] Building CXX object lib/Transforms/InstCombine/CMakeFiles/LLVMInstCombine.dir/InstCombineAndOrXor.cpp.o
[1069/4503] Building CXX object lib/Transforms/InstCombine/CMakeFiles/LLVMInstCombine.dir/InstCombineSimplifyDemanded.cpp.o
[1070/4503] Building CXX object lib/Transforms/InstCombine/CMakeFiles/LLVMInstCombine.dir/InstCombineVectorOps.cpp.o
[1071/4503] Building CXX object lib/ObjectYAML/CMakeFiles/LLVMObjectYAML.dir/COFFYAML.cpp.o
[1072/4503] Building CXX object lib/Transforms/InstCombine/CMakeFiles/LLVMInstCombine.dir/InstCombineCalls.cpp.o
[1073/4503] Building CXX object lib/ObjectYAML/CMakeFiles/LLVMObjectYAML.dir/COFFEmitter.cpp.o
[1074/4503] Building CXX object lib/ObjectYAML/CMakeFiles/LLVMObjectYAML.dir/CodeViewYAMLDebugSections.cpp.o
[1075/4503] Building CXX object lib/Transforms/InstCombine/CMakeFiles/LLVMInstCombine.dir/InstCombineSelect.cpp.o
[1076/4503] Building CXX object lib/ObjectYAML/CMakeFiles/LLVMObjectYAML.dir/GOFFYAML.cpp.o
[1077/4503] Building CXX object lib/ObjectYAML/CMakeFiles/LLVMObjectYAML.dir/DWARFEmitter.cpp.o
[1078/4503] Building CXX object lib/ObjectYAML/CMakeFiles/LLVMObjectYAML.dir/CodeViewYAMLTypes.cpp.o
[1079/4503] Building CXX object lib/Transforms/InstCombine/CMakeFiles/LLVMInstCombine.dir/InstructionCombining.cpp.o
[1080/4503] Building CXX object lib/ObjectYAML/CMakeFiles/LLVMObjectYAML.dir/MinidumpEmitter.cpp.o
[1081/4503] Building CXX object lib/ObjectYAML/CMakeFiles/LLVMObjectYAML.dir/DXContainerEmitter.cpp.o
[1082/4503] Building CXX object lib/ObjectYAML/CMakeFiles/LLVMObjectYAML.dir/OffloadEmitter.cpp.o
[1083/4503] Building CXX object lib/ObjectYAML/CMakeFiles/LLVMObjectYAML.dir/GOFFEmitter.cpp.o
[1084/4503] Building CXX object lib/Transforms/InstCombine/CMakeFiles/LLVMInstCombine.dir/InstCombineCompares.cpp.o
[1085/4503] Building CXX object lib/ObjectYAML/CMakeFiles/LLVMObjectYAML.dir/DXContainerYAML.cpp.o
[1086/4503] Building CXX object lib/ObjectYAML/CMakeFiles/LLVMObjectYAML.dir/OffloadYAML.cpp.o
[1087/4503] Building OMP.h.inc...
[1088/4503] Building OMP.inc...
[1089/4503] Linking CXX executable bin/clang-tblgen
[1090/4503] Building CXX object lib/ObjectYAML/CMakeFiles/LLVMObjectYAML.dir/CodeViewYAMLSymbols.cpp.o
[1091/4503] Building CXX object lib/Frontend/Directive/CMakeFiles/LLVMFrontendDirective.dir/Spelling.cpp.o
[1092/4503] Building CXX object lib/ObjectYAML/CMakeFiles/LLVMObjectYAML.dir/YAML.cpp.o
[1093/4503] Building CXX object lib/ObjectYAML/CMakeFiles/LLVMObjectYAML.dir/MachOEmitter.cpp.o
[1094/4503] Linking CXX static library lib/libLLVMAggressiveInstCombine.a
[1095/4503] Building CXX object lib/ObjectYAML/CMakeFiles/LLVMObjectYAML.dir/MachOYAML.cpp.o
[1096/4503] Linking CXX static library lib/libLLVMInstCombine.a
[1097/4503] Building CXX object lib/ObjectYAML/CMakeFiles/LLVMObjectYAML.dir/MinidumpYAML.cpp.o
[1098/4503] Building CXX object lib/ObjectYAML/CMakeFiles/LLVMObjectYAML.dir/ObjectYAML.cpp.o
[1099/4503] Building CXX object lib/ObjectYAML/CMakeFiles/LLVMObjectYAML.dir/DWARFYAML.cpp.o
[1100/4503] Building CXX object lib/ObjectYAML/CMakeFiles/LLVMObjectYAML.dir/XCOFFYAML.cpp.o
[1101/4503] Building CXX object lib/Frontend/Atomic/CMakeFiles/LLVMFrontendAtomic.dir/Atomic.cpp.o
[1102/4503] Building CXX object lib/ObjectYAML/CMakeFiles/LLVMObjectYAML.dir/WasmEmitter.cpp.o
[1103/4503] Building CXX object lib/Frontend/Offloading/CMakeFiles/LLVMFrontendOffloading.dir/PropertySet.cpp.o
[1104/4503] Building CXX object lib/ObjectYAML/CMakeFiles/LLVMObjectYAML.dir/WasmYAML.cpp.o
[1105/4503] Building CXX object lib/ObjectYAML/CMakeFiles/LLVMObjectYAML.dir/XCOFFEmitter.cpp.o
[1106/4503] Building CXX object lib/Transforms/Scalar/CMakeFiles/LLVMScalarOpts.dir/AnnotationRemarks.cpp.o
[1107/4503] Building CXX object lib/ObjectYAML/CMakeFiles/LLVMObjectYAML.dir/yaml2obj.cpp.o
[1108/4503] Building CXX object lib/Frontend/Offloading/CMakeFiles/LLVMFrontendOffloading.dir/OffloadWrapper.cpp.o
[1109/4503] Building CXX object lib/Transforms/Scalar/CMakeFiles/LLVMScalarOpts.dir/BDCE.cpp.o
[1110/4503] Building CXX object lib/Frontend/Offloading/CMakeFiles/LLVMFrontendOffloading.dir/Utility.cpp.o
[1111/4503] Building CXX object lib/Transforms/Scalar/CMakeFiles/LLVMScalarOpts.dir/AlignmentFromAssumptions.cpp.o
[1112/4503] Building CXX object lib/ObjectYAML/CMakeFiles/LLVMObjectYAML.dir/ELFEmitter.cpp.o
[1113/4503] Building CXX object lib/Transforms/Scalar/CMakeFiles/LLVMScalarOpts.dir/FlattenCFGPass.cpp.o
[1114/4503] Building CXX object lib/Transforms/Scalar/CMakeFiles/LLVMScalarOpts.dir/DCE.cpp.o
[1115/4503] Building CXX object lib/Transforms/Scalar/CMakeFiles/LLVMScalarOpts.dir/CallSiteSplitting.cpp.o
[1116/4503] Building CXX object lib/Transforms/Scalar/CMakeFiles/LLVMScalarOpts.dir/CorrelatedValuePropagation.cpp.o
[1117/4503] Building CXX object lib/Transforms/Scalar/CMakeFiles/LLVMScalarOpts.dir/IVUsersPrinter.cpp.o
[1118/4503] Building CXX object lib/Transforms/Scalar/CMakeFiles/LLVMScalarOpts.dir/DropUnnecessaryAssumes.cpp.o
[1119/4503] Building CXX object lib/Transforms/Scalar/CMakeFiles/LLVMScalarOpts.dir/DivRemPairs.cpp.o
[1120/4503] Building CXX object lib/Transforms/Scalar/CMakeFiles/LLVMScalarOpts.dir/ADCE.cpp.o
[1121/4503] Building CXX object lib/Transforms/Scalar/CMakeFiles/LLVMScalarOpts.dir/ConstantHoisting.cpp.o
[1122/4503] Building CXX object lib/ObjectYAML/CMakeFiles/LLVMObjectYAML.dir/ELFYAML.cpp.o
[1123/4503] Building CXX object lib/Transforms/Scalar/CMakeFiles/LLVMScalarOpts.dir/Float2Int.cpp.o
[1124/4503] Building CXX object lib/Transforms/Scalar/CMakeFiles/LLVMScalarOpts.dir/InstSimplifyPass.cpp.o
[1125/4503] Building CXX object lib/Transforms/Scalar/CMakeFiles/LLVMScalarOpts.dir/DFAJumpThreading.cpp.o
[1126/4503] Building CXX object lib/Transforms/Scalar/CMakeFiles/LLVMScalarOpts.dir/EarlyCSE.cpp.o
[1127/4503] Building CXX object lib/Transforms/Scalar/CMakeFiles/LLVMScalarOpts.dir/ConstraintElimination.cpp.o
[1128/4503] Building CXX object lib/Transforms/Scalar/CMakeFiles/LLVMScalarOpts.dir/InferAlignment.cpp.o
[1129/4503] Building CXX object lib/Transforms/Scalar/CMakeFiles/LLVMScalarOpts.dir/GuardWidening.cpp.o
[1130/4503] Building CXX object lib/Transforms/Scalar/CMakeFiles/LLVMScalarOpts.dir/InductiveRangeCheckElimination.cpp.o
[1131/4503] Building CXX object lib/Transforms/Scalar/CMakeFiles/LLVMScalarOpts.dir/GVNSink.cpp.o
[1132/4503] Building CXX object lib/Transforms/Scalar/CMakeFiles/LLVMScalarOpts.dir/DeadStoreElimination.cpp.o
[1133/4503] Building CXX object lib/Transforms/Scalar/CMakeFiles/LLVMScalarOpts.dir/InferAddressSpaces.cpp.o
[1134/4503] Building CXX object lib/Transforms/Scalar/CMakeFiles/LLVMScalarOpts.dir/GVNHoist.cpp.o
[1135/4503] Building CXX object lib/Transforms/Scalar/CMakeFiles/LLVMScalarOpts.dir/LoopAccessAnalysisPrinter.cpp.o
[1136/4503] Building CXX object lib/Transforms/Scalar/CMakeFiles/LLVMScalarOpts.dir/JumpTableToSwitch.cpp.o
[1137/4503] Building CXX object lib/Transforms/Scalar/CMakeFiles/LLVMScalarOpts.dir/IndVarSimplify.cpp.o
[1138/4503] Building CXX object lib/Transforms/Scalar/CMakeFiles/LLVMScalarOpts.dir/GVN.cpp.o
[1139/4503] Building CXX object lib/Transforms/Scalar/CMakeFiles/LLVMScalarOpts.dir/LoopSink.cpp.o
[1140/4503] Building CXX object lib/Transforms/Scalar/CMakeFiles/LLVMScalarOpts.dir/LoopDataPrefetch.cpp.o
[1141/4503] Building CXX object lib/Transforms/Scalar/CMakeFiles/LLVMScalarOpts.dir/JumpThreading.cpp.o
[1142/4503] Building CXX object lib/Transforms/Scalar/CMakeFiles/LLVMScalarOpts.dir/LoopBoundSplit.cpp.o
[1143/4503] Building CXX object lib/Transforms/Scalar/CMakeFiles/LLVMScalarOpts.dir/LoopDeletion.cpp.o
[1144/4503] Building CXX object lib/Transforms/Scalar/CMakeFiles/LLVMScalarOpts.dir/LoopInstSimplify.cpp.o
[1145/4503] Building CXX object lib/Transforms/Scalar/CMakeFiles/LLVMScalarOpts.dir/LoopFuse.cpp.o
[1146/4503] Building CXX object lib/Transforms/Scalar/CMakeFiles/LLVMScalarOpts.dir/LoopDistribute.cpp.o
[1147/4503] Building CXX object lib/Transforms/Scalar/CMakeFiles/LLVMScalarOpts.dir/LoopPassManager.cpp.o
[1148/4503] Building CXX object lib/Transforms/Scalar/CMakeFiles/LLVMScalarOpts.dir/LoopFlatten.cpp.o
[1149/4503] Building CXX object lib/Transforms/Scalar/CMakeFiles/LLVMScalarOpts.dir/LoopRotation.cpp.o
[1150/4503] Building CXX object lib/Transforms/Scalar/CMakeFiles/LLVMScalarOpts.dir/LowerAtomicPass.cpp.o
[1151/4503] Building CXX object lib/Transforms/Scalar/CMakeFiles/LLVMScalarOpts.dir/LICM.cpp.o
[1152/4503] Building CXX object lib/Transforms/Scalar/CMakeFiles/LLVMScalarOpts.dir/LoopPredication.cpp.o
[1153/4503] Building CXX object lib/Transforms/Scalar/CMakeFiles/LLVMScalarOpts.dir/LoopLoadElimination.cpp.o
[1154/4503] Building CXX object lib/Transforms/Scalar/CMakeFiles/LLVMScalarOpts.dir/LowerGuardIntrinsic.cpp.o
[1155/4503] Building CXX object lib/Transforms/Scalar/CMakeFiles/LLVMScalarOpts.dir/LoopInterchange.cpp.o
[1156/4503] Building CXX object lib/Transforms/Scalar/CMakeFiles/LLVMScalarOpts.dir/LoopUnrollAndJamPass.cpp.o
[1157/4503] Building CXX object lib/Transforms/Scalar/CMakeFiles/LLVMScalarOpts.dir/LoopIdiomRecognize.cpp.o
[1158/4503] Building CXX object lib/Transforms/Scalar/CMakeFiles/LLVMScalarOpts.dir/LowerExpectIntrinsic.cpp.o
[1159/4503] Building CXX object lib/Transforms/Scalar/CMakeFiles/LLVMScalarOpts.dir/LoopTermFold.cpp.o
[1160/4503] Building CXX object lib/Transforms/Scalar/CMakeFiles/LLVMScalarOpts.dir/MakeGuardsExplicit.cpp.o
[1161/4503] Building CXX object lib/Transforms/Scalar/CMakeFiles/LLVMScalarOpts.dir/LoopSimplifyCFG.cpp.o
[1162/4503] Building CXX object lib/Transforms/Scalar/CMakeFiles/LLVMScalarOpts.dir/LoopVersioningLICM.cpp.o
[1163/4503] Building CXX object lib/Transforms/Scalar/CMakeFiles/LLVMScalarOpts.dir/LowerConstantIntrinsics.cpp.o
[1164/4503] Building CXX object lib/Transforms/Scalar/CMakeFiles/LLVMScalarOpts.dir/LowerWidenableCondition.cpp.o
[1165/4503] Building CXX object lib/Transforms/Scalar/CMakeFiles/LLVMScalarOpts.dir/Scalar.cpp.o
[1166/4503] Building CXX object lib/Transforms/Scalar/CMakeFiles/LLVMScalarOpts.dir/MergedLoadStoreMotion.cpp.o
[1167/4503] Building CXX object lib/Transforms/Scalar/CMakeFiles/LLVMScalarOpts.dir/Reg2Mem.cpp.o
[1168/4503] Building CXX object lib/Transforms/Scalar/CMakeFiles/LLVMScalarOpts.dir/LoopUnrollPass.cpp.o
[1169/4503] Building CXX object lib/Transforms/Scalar/CMakeFiles/LLVMScalarOpts.dir/PartiallyInlineLibCalls.cpp.o
[1170/4503] Building CXX object lib/Transforms/Scalar/CMakeFiles/LLVMScalarOpts.dir/SCCP.cpp.o
[1171/4503] Building CXX object lib/Transforms/Scalar/CMakeFiles/LLVMScalarOpts.dir/NaryReassociate.cpp.o
[1172/4503] Building CXX object lib/Transforms/Scalar/CMakeFiles/LLVMScalarOpts.dir/PlaceSafepoints.cpp.o
[1173/4503] Building CXX object lib/Transforms/Scalar/CMakeFiles/LLVMScalarOpts.dir/MergeICmps.cpp.o
[1174/4503] Building CXX object lib/Transforms/Scalar/CMakeFiles/LLVMScalarOpts.dir/MemCpyOptimizer.cpp.o
[1175/4503] Building CXX object lib/Transforms/Scalar/CMakeFiles/LLVMScalarOpts.dir/Sink.cpp.o
[1176/4503] Building CXX object lib/Transforms/Scalar/CMakeFiles/LLVMScalarOpts.dir/ScalarizeMaskedMemIntrin.cpp.o
[1177/4503] Building CXX object lib/Transforms/Scalar/CMakeFiles/LLVMScalarOpts.dir/Scalarizer.cpp.o
[1178/4503] Building Attrs.inc...
[1179/4503] Linking CXX static library lib/libLLVMObjectYAML.a
[1180/4503] Building AttrImpl.inc...
[1181/4503] Building AttrNodeTraverse.inc...
[1182/4503] Building AttrTextNodeDump.inc...
[1183/4503] Building AttrVisitor.inc...
[1184/4503] Building StmtNodes.inc...
[1185/4503] Building TypeNodes.inc...
[1186/4503] Building AbstractBasicReader.inc...
[1187/4503] Building DeclNodes.inc...
[1188/4503] Building AbstractBasicWriter.inc...
[1189/4503] Building CXX object lib/Transforms/Scalar/CMakeFiles/LLVMScalarOpts.dir/SpeculativeExecution.cpp.o
[1190/4503] Building AbstractTypeReader.inc...
[1191/4503] Building CommentHTMLTags.inc...
[1192/4503] Building AbstractTypeWriter.inc...
[1193/4503] Building CommentNodes.inc...
[1194/4503] Building CommentHTMLTagsProperties.inc...
[1195/4503] Building CommentCommandInfo.inc...
[1196/4503] Building CommentHTMLNamedCharacterReferences.inc...
[1197/4503] Building CXX object lib/Transforms/Scalar/CMakeFiles/LLVMScalarOpts.dir/LoopStrengthReduce.cpp.o
[1198/4503] Building CommentCommandList.inc...
[1199/4503] Building CXX object lib/Transforms/Scalar/CMakeFiles/LLVMScalarOpts.dir/SeparateConstOffsetFromGEP.cpp.o
[1200/4503] Building StmtDataCollectors.inc...
[1201/4503] Building DiagnosticAnalysisInterface.inc...
[1202/4503] Building DiagnosticASTKinds.inc...
[1203/4503] Building DiagnosticAnalysisEnums.inc...
[1204/4503] Building DiagnosticAnalysisKinds.inc...
[1205/4503] Building DiagnosticAnalysisCompatIDs.inc...
[1206/4503] Building DiagnosticASTEnums.inc...
[1207/4503] Building DiagnosticCommentKinds.inc...
[1208/4503] Building DiagnosticCommentEnums.inc...
[1209/4503] Building DiagnosticASTCompatIDs.inc...
[1210/4503] Building DiagnosticASTInterface.inc...
[1211/4503] Building DiagnosticCommentCompatIDs.inc...
[1212/4503] Building DiagnosticCommentInterface.inc...
[1213/4503] Building DiagnosticCommonKinds.inc...
[1214/4503] Building DiagnosticCommonCompatIDs.inc...
[1215/4503] Building DiagnosticCommonInterface.inc...
[1216/4503] Building DiagnosticCommonEnums.inc...
[1217/4503] Building DiagnosticCrossTUKinds.inc...
[1218/4503] Building DiagnosticCrossTUCompatIDs.inc...
[1219/4503] Building DiagnosticCrossTUInterface.inc...
[1220/4503] Building DiagnosticCrossTUEnums.inc...
[1221/4503] Building DiagnosticDriverEnums.inc...
[1222/4503] Building DiagnosticDriverCompatIDs.inc...
[1223/4503] Building DiagnosticDriverKinds.inc...
[1224/4503] Building DiagnosticDriverInterface.inc...
[1225/4503] Building DiagnosticFrontendKinds.inc...
[1226/4503] Building DiagnosticFrontendInterface.inc...
[1227/4503] Building DiagnosticFrontendCompatIDs.inc...
[1228/4503] Building DiagnosticFrontendEnums.inc...
[1229/4503] Building CXX object lib/Transforms/Scalar/CMakeFiles/LLVMScalarOpts.dir/SimplifyCFGPass.cpp.o
[1230/4503] Building DiagnosticInstallAPIKinds.inc...
[1231/4503] Building DiagnosticInstallAPICompatIDs.inc...
[1232/4503] Building DiagnosticInstallAPIInterface.inc...
[1233/4503] Building DiagnosticInstallAPIEnums.inc...
[1234/4503] Building DiagnosticLexCompatIDs.inc...
[1235/4503] Building DiagnosticLexKinds.inc...
[1236/4503] Building DiagnosticLexEnums.inc...
[1237/4503] Building DiagnosticLexInterface.inc...
[1238/4503] Building DiagnosticParseKinds.inc...
[1239/4503] Building DiagnosticParseEnums.inc...
[1240/4503] Building DiagnosticParseCompatIDs.inc...
[1241/4503] Building DiagnosticParseInterface.inc...
[1242/4503] Building DiagnosticRefactoringKinds.inc...
[1243/4503] Building DiagnosticRefactoringCompatIDs.inc...
[1244/4503] Building DiagnosticRefactoringInterface.inc...
[1245/4503] Building DiagnosticSemaCompatIDs.inc...
[1246/4503] Building DiagnosticSemaInterface.inc...
[1247/4503] Building DiagnosticRefactoringEnums.inc...
[1248/4503] Building DiagnosticSemaEnums.inc...
[1249/4503] Building DiagnosticSemaKinds.inc...
[1250/4503] Building DiagnosticSerializationKinds.inc...
[1251/4503] Building DiagnosticSerializationEnums.inc...
[1252/4503] Building DiagnosticSerializationInterface.inc...
[1253/4503] Building DiagnosticSerializationCompatIDs.inc...
[1254/4503] Building DiagnosticTrapEnums.inc...
[1255/4503] Building DiagnosticTrapKinds.inc...
[1256/4503] Building DiagnosticTrapCompatIDs.inc...
[1257/4503] Building DiagnosticTrapInterface.inc...
[1258/4503] Building AttrSubMatchRulesList.inc...
[1259/4503] Building AttrList.inc...
[1260/4503] Building AttrParsedAttrList.inc...
[1261/4503] Building DiagnosticIndexName.inc...
[1262/4503] Building DiagnosticAllCompatIDs.inc...
[1263/4503] Building RegularKeywordAttrInfo.inc...
[1264/4503] Building CXX11AttributeInfo.inc...
[1265/4503] Building AttrHasAttributeImpl.inc...
[1266/4503] Building DiagnosticGroups.inc...
[1267/4503] Building CXX object lib/Transforms/Scalar/CMakeFiles/LLVMScalarOpts.dir/LowerMatrixIntrinsics.cpp.o
[1268/4503] Building AttributeSpellingList.inc...
[1269/4503] Building BuiltinsBPF.inc...
[1270/4503] Building BuiltinsDirectX.inc...
[1271/4503] Building Builtins.inc...
[1272/4503] Building BuiltinsSPIRVVK.inc...
[1273/4503] Building BuiltinsSPIRVCommon.inc...
[1274/4503] Building BuiltinsSPIRVCL.inc...
[1275/4503] Building BuiltinsNVPTX.inc...
[1276/4503] Building CXX object lib/Transforms/Scalar/CMakeFiles/LLVMScalarOpts.dir/RewriteStatepointsForGC.cpp.o
[1277/4503] Building BuiltinsRISCV.inc...
[1278/4503] Building BuiltinTemplates.inc...
[1279/4503] Building BuiltinsHexagon.inc...
[1280/4503] Building BuiltinsX86_64.inc...
[1281/4503] Building arm_fp16.inc...
[1282/4503] Building BuiltinsX86.inc...
[1283/4503] Building arm_immcheck_types.inc...
[1284/4503] Building arm_neon.inc...
[1285/4503] Building arm_mve_builtins.inc...
[1286/4503] Building arm_sve_typeflags.inc...
[1287/4503] Building arm_mve_builtin_sema.inc...
[1288/4503] Building arm_mve_builtin_aliases.inc...
[1289/4503] Building arm_sme_builtins.inc...
[1290/4503] Building arm_sme_builtin_cg.inc...
[1291/4503] Building arm_mve_builtin_cg.inc...
[1292/4503] Building arm_sve_streaming_attrs.inc...
[1293/4503] Building arm_sme_sema_rangechecks.inc...
[1294/4503] Building arm_cde_builtins.inc...
[1295/4503] Building arm_sme_builtins_za_state.inc...
[1296/4503] Building arm_sme_streaming_attrs.inc...
[1297/4503] Building arm_cde_builtin_cg.inc...
[1298/4503] Building arm_cde_builtin_sema.inc...
[1299/4503] Building arm_cde_builtin_aliases.inc...
[1300/4503] Building riscv_sifive_vector_builtins.inc...
[1301/4503] Building riscv_sifive_vector_builtin_sema.inc...
[1302/4503] Building arm_sve_builtin_cg.inc...
[1303/4503] Building riscv_andes_vector_builtins.inc...
[1304/4503] Building riscv_andes_vector_builtin_cg.inc...
[1305/4503] Building riscv_sifive_vector_builtin_cg.inc...
[1306/4503] Building CXX object lib/Transforms/Scalar/CMakeFiles/LLVMScalarOpts.dir/Reassociate.cpp.o
[1307/4503] Building riscv_andes_vector_builtin_sema.inc...
[1308/4503] Building arm_sve_builtins.inc...
[1309/4503] Building arm_sve_sema_rangechecks.inc...
[1310/4503] Building AttrSubMatchRulesParserStringSwitches.inc...
[1311/4503] Building AttrTemplateInstantiate.inc...
[1312/4503] Building AttrParserStringSwitches.inc...
[1313/4503] Building riscv_vector_builtins.inc...
[1314/4503] Building AttrSpellingListIndex.inc...
[1315/4503] Building AttrParsedAttrKinds.inc...
[1316/4503] Building Nodes.inc...
[1317/4503] Building Checkers.inc...
[1318/4503] Building NodeClasses.inc...
[1319/4503] Building AttrPCHRead.inc...
[1320/4503] Building riscv_vector_builtin_sema.inc...
[1321/4503] Building AttrParsedAttrImpl.inc...
[1322/4503] Linking CXX static library lib/libLLVMFrontendAtomic.a
[1323/4503] Linking CXX static library lib/libLLVMFrontendDirective.a
[1324/4503] Building riscv_vector_builtin_cg.inc...
[1325/4503] Building AttrPCHWrite.inc...
[1326/4503] Building ACC.inc...
[1327/4503] Building Options.inc...
[1328/4503] Building ACC.h.inc...
[1329/4503] Linking CXX static library lib/libLLVMFrontendOffloading.a
[1330/4503] Generating VCSVersion.inc
[1331/4503] Building CXX object lib/Transforms/Scalar/CMakeFiles/LLVMScalarOpts.dir/StraightLineStrengthReduce.cpp.o
[1332/4503] Building CXX object lib/Option/CMakeFiles/LLVMOption.dir/Arg.cpp.o
[1333/4503] Building CXX object lib/Frontend/OpenMP/CMakeFiles/LLVMFrontendOpenMP.dir/DirectiveNameParser.cpp.o
[1334/4503] Building CXX object tools/clang/lib/Basic/CMakeFiles/obj.clangBasic.dir/CLWarnings.cpp.o
[1335/4503] Building CXX object lib/Option/CMakeFiles/LLVMOption.dir/ArgList.cpp.o
[1336/4503] Building CXX object tools/clang/lib/Basic/CMakeFiles/obj.clangBasic.dir/ASTSourceDescriptor.cpp.o
[1337/4503] Building CXX object tools/clang/lib/Lex/CMakeFiles/obj.clangLex.dir/HeaderMap.cpp.o
[1338/4503] Building CXX object lib/Transforms/Scalar/CMakeFiles/LLVMScalarOpts.dir/WarnMissedTransforms.cpp.o
[1339/4503] Building CXX object tools/clang/lib/Basic/CMakeFiles/obj.clangBasic.dir/CharInfo.cpp.o
[1340/4503] Building CXX object lib/Transforms/Scalar/CMakeFiles/LLVMScalarOpts.dir/TailRecursionElimination.cpp.o
[1341/4503] Building CXX object tools/clang/lib/Basic/CMakeFiles/obj.clangBasic.dir/Cuda.cpp.o
[1342/4503] Building CXX object tools/clang/lib/Basic/CMakeFiles/obj.clangBasic.dir/ExpressionTraits.cpp.o
[1343/4503] Building CXX object tools/clang/lib/Basic/CMakeFiles/obj.clangBasic.dir/DiagnosticOptions.cpp.o
[1344/4503] Building CXX object lib/Frontend/OpenMP/CMakeFiles/LLVMFrontendOpenMP.dir/OMPContext.cpp.o
[1345/4503] Building CXX object tools/clang/lib/Lex/CMakeFiles/obj.clangLex.dir/DependencyDirectivesScanner.cpp.o
[1346/4503] Building CXX object tools/clang/lib/Basic/CMakeFiles/obj.clangBasic.dir/CodeGenOptions.cpp.o
[1347/4503] Building CXX object tools/clang/lib/Basic/CMakeFiles/obj.clangBasic.dir/Builtins.cpp.o
[1348/4503] Building CXX object tools/clang/lib/Basic/CMakeFiles/obj.clangBasic.dir/FileEntry.cpp.o
[1349/4503] Building CXX object lib/Transforms/Scalar/CMakeFiles/LLVMScalarOpts.dir/NewGVN.cpp.o
[1350/4503] Building CXX object tools/clang/lib/Basic/CMakeFiles/obj.clangBasic.dir/DarwinSDKInfo.cpp.o
[1351/4503] Building CXX object tools/clang/lib/Basic/CMakeFiles/obj.clangBasic.dir/FileSystemStatCache.cpp.o
[1352/4503] Building CXX object tools/clang/lib/Basic/CMakeFiles/obj.clangBasic.dir/MakeSupport.cpp.o
[1353/4503] Building CXX object tools/clang/lib/Basic/CMakeFiles/obj.clangBasic.dir/LangStandards.cpp.o
[1354/4503] Building CXX object tools/clang/lib/Basic/CMakeFiles/obj.clangBasic.dir/LangOptions.cpp.o
[1355/4503] Building CXX object tools/clang/lib/Basic/CMakeFiles/obj.clangBasic.dir/OperatorPrecedence.cpp.o
[1356/4503] Building CXX object tools/clang/lib/Basic/CMakeFiles/obj.clangBasic.dir/OffloadArch.cpp.o
[1357/4503] Building CXX object lib/Transforms/Scalar/CMakeFiles/LLVMScalarOpts.dir/SROA.cpp.o
[1358/4503] Building CXX object tools/clang/lib/Basic/CMakeFiles/obj.clangBasic.dir/ObjCRuntime.cpp.o
[1359/4503] Building CXX object lib/Transforms/Scalar/CMakeFiles/LLVMScalarOpts.dir/StructurizeCFG.cpp.o
[1360/4503] Building CXX object lib/Frontend/OpenMP/CMakeFiles/LLVMFrontendOpenMP.dir/OMP.cpp.o
[1361/4503] Building CXX object tools/clang/lib/Basic/CMakeFiles/obj.clangBasic.dir/FileManager.cpp.o
[1362/4503] Building CXX object tools/clang/lib/Basic/CMakeFiles/obj.clangBasic.dir/ParsedAttrInfo.cpp.o
[1363/4503] Building CXX object tools/clang/lib/Basic/CMakeFiles/obj.clangBasic.dir/SanitizerSpecialCaseList.cpp.o
[1364/4503] Building CXX object tools/clang/lib/Basic/CMakeFiles/obj.clangBasic.dir/OpenMPKinds.cpp.o
[1365/4503] Building CXX object tools/clang/lib/Basic/CMakeFiles/obj.clangBasic.dir/OpenCLOptions.cpp.o
[1366/4503] Building CXX object tools/clang/lib/Basic/CMakeFiles/obj.clangBasic.dir/SimpleTypoCorrection.cpp.o
[1367/4503] Building CXX object tools/clang/lib/Basic/CMakeFiles/obj.clangBasic.dir/IdentifierTable.cpp.o
[1368/4503] Building CXX object tools/clang/lib/Basic/CMakeFiles/obj.clangBasic.dir/NoSanitizeList.cpp.o
[1369/4503] Building CXX object tools/clang/lib/Basic/CMakeFiles/obj.clangBasic.dir/Stack.cpp.o
[1370/4503] Building CXX object tools/clang/lib/Basic/CMakeFiles/obj.clangBasic.dir/ProfileList.cpp.o
[1371/4503] Building CXX object tools/clang/lib/Basic/CMakeFiles/obj.clangBasic.dir/Diagnostic.cpp.o
[1372/4503] Building CXX object lib/Transforms/Scalar/CMakeFiles/LLVMScalarOpts.dir/SimpleLoopUnswitch.cpp.o
[1373/4503] Linking CXX static library lib/libLLVMScalarOpts.a
[1374/4503] Building CXX object tools/clang/lib/Basic/CMakeFiles/obj.clangBasic.dir/StackExhaustionHandler.cpp.o
[1375/4503] Building CXX object tools/clang/lib/Basic/CMakeFiles/obj.clangBasic.dir/Sanitizers.cpp.o
[1376/4503] Building CXX object tools/clang/lib/Basic/CMakeFiles/obj.clangBasic.dir/Module.cpp.o
[1377/4503] Building CXX object tools/clang/lib/Basic/CMakeFiles/obj.clangBasic.dir/SourceLocation.cpp.o
[1378/4503] Building CXX object tools/clang/lib/Basic/CMakeFiles/obj.clangBasic.dir/TargetID.cpp.o
[1379/4503] Building CXX object tools/clang/lib/Basic/CMakeFiles/obj.clangBasic.dir/SourceMgrAdapter.cpp.o
[1380/4503] Building CXX object tools/clang/lib/Basic/CMakeFiles/obj.clangBasic.dir/Targets/ARC.cpp.o
[1381/4503] Building CXX object tools/clang/lib/Basic/CMakeFiles/obj.clangBasic.dir/Targets/BPF.cpp.o
[1382/4503] Building CXX object tools/clang/lib/Basic/CMakeFiles/obj.clangBasic.dir/Targets/CSKY.cpp.o
[1383/4503] Building CXX object tools/clang/lib/Basic/CMakeFiles/obj.clangBasic.dir/TargetInfo.cpp.o
[1384/4503] Building CXX object tools/clang/lib/Basic/CMakeFiles/obj.clangBasic.dir/Targets/DirectX.cpp.o
[1385/4503] Building CXX object tools/clang/lib/Basic/CMakeFiles/obj.clangBasic.dir/Sarif.cpp.o
[1386/4503] Building CXX object tools/clang/lib/Basic/CMakeFiles/obj.clangBasic.dir/Targets/AMDGPU.cpp.o
[1387/4503] Building CXX object tools/clang/lib/Basic/CMakeFiles/obj.clangBasic.dir/Targets/Hexagon.cpp.o
[1388/4503] Building CXX object tools/clang/lib/Basic/CMakeFiles/obj.clangBasic.dir/Targets/Lanai.cpp.o
[1389/4503] Building CXX object tools/clang/lib/Basic/CMakeFiles/obj.clangBasic.dir/Attributes.cpp.o
[1390/4503] Building CXX object tools/clang/lib/Basic/CMakeFiles/obj.clangBasic.dir/Targets/AVR.cpp.o
[1391/4503] Building CXX object tools/clang/lib/Basic/CMakeFiles/obj.clangBasic.dir/Targets/MSP430.cpp.o
[1392/4503] Building CXX object tools/clang/lib/Basic/CMakeFiles/obj.clangBasic.dir/Targets/ARM.cpp.o
[1393/4503] Building CXX object tools/clang/lib/Basic/CMakeFiles/obj.clangBasic.dir/SourceManager.cpp.o
[1394/4503] Building CXX object tools/clang/lib/Basic/CMakeFiles/obj.clangBasic.dir/Targets/M68k.cpp.o
[1395/4503] Building CXX object tools/clang/lib/Basic/CMakeFiles/obj.clangBasic.dir/DiagnosticIDs.cpp.o
[1396/4503] Building CXX object tools/clang/lib/Basic/CMakeFiles/obj.clangBasic.dir/Targets/OSTargets.cpp.o
[1397/4503] Building CXX object tools/clang/lib/Basic/CMakeFiles/obj.clangBasic.dir/Targets/AArch64.cpp.o
[1398/4503] Building CXX object tools/clang/lib/Basic/CMakeFiles/obj.clangBasic.dir/Targets/NVPTX.cpp.o
[1399/4503] Building CXX object tools/clang/lib/Basic/CMakeFiles/obj.clangBasic.dir/TokenKinds.cpp.o
[1400/4503] Building CXX object tools/clang/lib/Basic/CMakeFiles/obj.clangBasic.dir/TypeTraits.cpp.o
[1401/4503] Building CXX object tools/clang/lib/Basic/CMakeFiles/obj.clangBasic.dir/Targets/LoongArch.cpp.o
[1402/4503] Building CXX object tools/clang/lib/Basic/CMakeFiles/obj.clangBasic.dir/Targets/Sparc.cpp.o
[1403/4503] Building CXX object tools/clang/lib/Basic/CMakeFiles/obj.clangBasic.dir/Version.cpp.o
[1404/4503] Building CXX object tools/clang/lib/Basic/CMakeFiles/obj.clangBasic.dir/Targets/TCE.cpp.o
[1405/4503] Building CXX object tools/clang/lib/Basic/CMakeFiles/obj.clangBasic.dir/Targets/SPIR.cpp.o
[1406/4503] Building CXX object tools/clang/lib/Basic/CMakeFiles/obj.clangBasic.dir/Targets/Mips.cpp.o
[1407/4503] Building CXX object tools/clang/lib/Basic/CMakeFiles/obj.clangBasic.dir/Targets/SystemZ.cpp.o
[1408/4503] Building CXX object tools/clang/lib/Basic/CMakeFiles/obj.clangBasic.dir/Targets/XCore.cpp.o
[1409/4503] Building CXX object tools/clang/lib/Basic/CMakeFiles/obj.clangBasic.dir/Targets/VE.cpp.o
[1410/4503] Building CXX object tools/clang/lib/Basic/CMakeFiles/obj.clangBasic.dir/XRayInstr.cpp.o
[1411/4503] Building CXX object tools/clang/lib/Basic/CMakeFiles/obj.clangBasic.dir/Targets/Xtensa.cpp.o
[1412/4503] Building CXX object tools/clang/lib/Basic/CMakeFiles/obj.clangBasic.dir/Targets/WebAssembly.cpp.o
[1413/4503] Building CXX object tools/clang/lib/Basic/CMakeFiles/obj.clangBasic.dir/Targets/RISCV.cpp.o
[1414/4503] Building CXX object tools/clang/lib/Basic/CMakeFiles/obj.clangBasic.dir/Targets/PPC.cpp.o
[1415/4503] Building CXX object tools/clang/lib/Basic/CMakeFiles/obj.clangBasic.dir/XRayLists.cpp.o
[1416/4503] Building CXX object tools/clang/lib/Lex/CMakeFiles/obj.clangLex.dir/LexHLSLRootSignature.cpp.o
[1417/4503] Building CXX object tools/clang/lib/Basic/CMakeFiles/obj.clangBasic.dir/Warnings.cpp.o
[1418/4503] Building CXX object tools/clang/lib/Lex/CMakeFiles/obj.clangLex.dir/PPCallbacks.cpp.o
[1419/4503] Building CXX object tools/clang/lib/Basic/CMakeFiles/obj.clangBasic.dir/Targets/X86.cpp.o
[1420/4503] Building CXX object tools/clang/lib/Lex/CMakeFiles/obj.clangLex.dir/MacroArgs.cpp.o
[1421/4503] Building CXX object tools/clang/lib/Lex/CMakeFiles/obj.clangLex.dir/InitHeaderSearch.cpp.o
[1422/4503] Building CXX object tools/clang/lib/Lex/CMakeFiles/obj.clangLex.dir/MacroInfo.cpp.o
[1423/4503] Building CXX object tools/clang/lib/Lex/CMakeFiles/obj.clangLex.dir/PPConditionalDirectiveRecord.cpp.o
[1424/4503] Building CXX object tools/clang/lib/Lex/CMakeFiles/obj.clangLex.dir/PPCaching.cpp.o
[1425/4503] Building CXX object tools/clang/lib/Basic/CMakeFiles/obj.clangBasic.dir/Targets.cpp.o
[1426/4503] Building CXX object tools/clang/lib/Lex/CMakeFiles/obj.clangLex.dir/Lexer.cpp.o
[1427/4503] Building CXX object tools/clang/lib/Lex/CMakeFiles/obj.clangLex.dir/PreprocessingRecord.cpp.o
[1428/4503] Building Opcodes.inc...
[1429/4503] Building AttrDocTable.inc...
[1430/4503] Building CXX object tools/clang/lib/Lex/CMakeFiles/obj.clangLex.dir/ScratchBuffer.cpp.o
[1431/4503] Building CXX object tools/clang/lib/Lex/CMakeFiles/obj.clangLex.dir/HeaderSearch.cpp.o
[1432/4503] Building CXX object tools/clang/lib/Lex/CMakeFiles/obj.clangLex.dir/LiteralSupport.cpp.o
[1433/4503] Building CXX object tools/clang/lib/Lex/CMakeFiles/obj.clangLex.dir/ModuleMapFile.cpp.o
[1434/4503] Building CXX object tools/clang/lib/Lex/CMakeFiles/obj.clangLex.dir/PreprocessorLexer.cpp.o
[1435/4503] Building CXX object tools/clang/lib/Lex/CMakeFiles/obj.clangLex.dir/PPExpressions.cpp.o
[1436/4503] Building CXX object tools/clang/lib/Lex/CMakeFiles/obj.clangLex.dir/TokenConcatenation.cpp.o
[1437/4503] Building CXX object tools/clang/lib/AST/CMakeFiles/obj.clangAST.dir/ASTConsumer.cpp.o
[1438/4503] Building CXX object tools/clang/lib/Lex/CMakeFiles/obj.clangLex.dir/PPLexerChange.cpp.o
[1439/4503] Building CXX object tools/clang/lib/Lex/CMakeFiles/obj.clangLex.dir/TokenLexer.cpp.o
[1440/4503] Building CXX object tools/clang/lib/Lex/CMakeFiles/obj.clangLex.dir/PPDirectives.cpp.o
[1441/4503] Building CXX object tools/clang/lib/Lex/CMakeFiles/obj.clangLex.dir/Pragma.cpp.o
[1442/4503] Building CXX object tools/clang/lib/Lex/CMakeFiles/obj.clangLex.dir/ModuleMap.cpp.o
[1443/4503] Building CXX object tools/clang/lib/Lex/CMakeFiles/obj.clangLex.dir/Preprocessor.cpp.o
[1444/4503] Building CXX object tools/clang/lib/AST/CMakeFiles/obj.clangAST.dir/ASTConcept.cpp.o
[1445/4503] Building CXX object tools/clang/lib/Lex/CMakeFiles/obj.clangLex.dir/PPMacroExpansion.cpp.o
[1446/4503] Building CXX object lib/Frontend/OpenMP/CMakeFiles/LLVMFrontendOpenMP.dir/OMPIRBuilder.cpp.o
[1447/4503] Linking CXX static library lib/libLLVMFrontendOpenMP.a
[1448/4503] Building CXX object tools/clang/lib/AST/CMakeFiles/obj.clangAST.dir/CommentCommandTraits.cpp.o
[1449/4503] Linking CXX static library lib/libclangBasic.a
[1450/4503] Linking CXX static library lib/libclangLex.a
[1451/4503] Building CXX object tools/clang/lib/AST/CMakeFiles/obj.clangAST.dir/APValue.cpp.o
[1452/4503] Building CXX object tools/clang/lib/AST/CMakeFiles/obj.clangAST.dir/CommentBriefParser.cpp.o
[1453/4503] Building CXX object tools/clang/lib/AST/CMakeFiles/obj.clangAST.dir/CommentLexer.cpp.o
[1454/4503] Building CXX object tools/clang/lib/AST/CMakeFiles/obj.clangAST.dir/AttrDocTable.cpp.o
[1455/4503] Building CXX object tools/clang/lib/AST/CMakeFiles/obj.clangAST.dir/ASTDiagnostic.cpp.o
[1456/4503] Building CXX object tools/clang/lib/AST/CMakeFiles/obj.clangAST.dir/Availability.cpp.o
[1457/4503] Building CXX object tools/clang/lib/AST/CMakeFiles/obj.clangAST.dir/ASTTypeTraits.cpp.o
[1458/4503] Building CXX object tools/clang/lib/AST/CMakeFiles/obj.clangAST.dir/Comment.cpp.o
[1459/4503] Building CXX object tools/clang/lib/AST/CMakeFiles/obj.clangAST.dir/ComparisonCategories.cpp.o
[1460/4503] Building CXX object tools/clang/lib/AST/CMakeFiles/obj.clangAST.dir/CommentParser.cpp.o
[1461/4503] Building CXX object tools/clang/lib/AST/CMakeFiles/obj.clangAST.dir/ComputeDependence.cpp.o
[1462/4503] Building CXX object tools/clang/lib/AST/CMakeFiles/obj.clangAST.dir/DataCollection.cpp.o
[1463/4503] Building CXX object tools/clang/lib/AST/CMakeFiles/obj.clangAST.dir/ASTStructuralEquivalence.cpp.o
[1464/4503] Building CXX object tools/clang/lib/AST/CMakeFiles/obj.clangAST.dir/DeclarationName.cpp.o
[1465/4503] Building CXX object tools/clang/lib/AST/CMakeFiles/obj.clangAST.dir/CXXInheritance.cpp.o
[1466/4503] Building CXX object tools/clang/lib/AST/CMakeFiles/obj.clangAST.dir/DeclFriend.cpp.o
[1467/4503] Building CXX object tools/clang/lib/AST/CMakeFiles/obj.clangAST.dir/DeclGroup.cpp.o
[1468/4503] Building CXX object tools/clang/lib/AST/CMakeFiles/obj.clangAST.dir/CommentSema.cpp.o
[1469/4503] Building CXX object tools/clang/lib/AST/CMakeFiles/obj.clangAST.dir/DeclOpenACC.cpp.o
[1470/4503] Building CXX object tools/clang/lib/AST/CMakeFiles/obj.clangAST.dir/ASTDumper.cpp.o
[1471/4503] Building CXX object tools/clang/lib/AST/CMakeFiles/obj.clangAST.dir/ASTImporterLookupTable.cpp.o
[1472/4503] Building CXX object tools/clang/lib/AST/CMakeFiles/obj.clangAST.dir/DeclOpenMP.cpp.o
[1473/4503] Building CXX object tools/clang/lib/AST/CMakeFiles/obj.clangAST.dir/DeclBase.cpp.o
[1474/4503] Building CXX object tools/clang/lib/AST/CMakeFiles/obj.clangAST.dir/DeclCXX.cpp.o
[1475/4503] Building CXX object tools/clang/lib/AST/CMakeFiles/obj.clangAST.dir/DeclTemplate.cpp.o
[1476/4503] Building CXX object tools/clang/lib/AST/CMakeFiles/obj.clangAST.dir/DeclObjC.cpp.o
[1477/4503] Building CXX object tools/clang/lib/AST/CMakeFiles/obj.clangAST.dir/ExprConcepts.cpp.o
[1478/4503] Building CXX object tools/clang/lib/AST/CMakeFiles/obj.clangAST.dir/Decl.cpp.o
[1479/4503] Building CXX object tools/clang/lib/AST/CMakeFiles/obj.clangAST.dir/ExprClassification.cpp.o
[1480/4503] Building CXX object tools/clang/lib/AST/CMakeFiles/obj.clangAST.dir/ByteCode/BitcastBuffer.cpp.o
[1481/4503] Building CXX object tools/clang/lib/AST/CMakeFiles/obj.clangAST.dir/ExprObjC.cpp.o
[1482/4503] Building CXX object tools/clang/lib/AST/CMakeFiles/obj.clangAST.dir/DeclPrinter.cpp.o
[1483/4503] Building CXX object tools/clang/lib/AST/CMakeFiles/obj.clangAST.dir/ExternalASTSource.cpp.o
[1484/4503] Building CXX object tools/clang/lib/AST/CMakeFiles/obj.clangAST.dir/ExternalASTMerger.cpp.o
[1485/4503] Building CXX object tools/clang/lib/AST/CMakeFiles/obj.clangAST.dir/ExprCXX.cpp.o
[1486/4503] Building CXX object tools/clang/lib/AST/CMakeFiles/obj.clangAST.dir/InheritViz.cpp.o
[1487/4503] Building CXX object tools/clang/lib/AST/CMakeFiles/obj.clangAST.dir/FormatString.cpp.o
[1488/4503] Building CXX object tools/clang/lib/AST/CMakeFiles/obj.clangAST.dir/ASTImporter.cpp.o
[1489/4503] Building CXX object tools/clang/lib/AST/CMakeFiles/obj.clangAST.dir/ByteCode/Descriptor.cpp.o
[1490/4503] Building CXX object tools/clang/lib/AST/CMakeFiles/obj.clangAST.dir/ByteCode/FunctionPointer.cpp.o
[1491/4503] Building CXX object tools/clang/lib/AST/CMakeFiles/obj.clangAST.dir/Expr.cpp.o
[1492/4503] Building CXX object tools/clang/lib/AST/CMakeFiles/obj.clangAST.dir/ByteCode/Floating.cpp.o
[1493/4503] Building CXX object tools/clang/lib/AST/CMakeFiles/obj.clangAST.dir/ByteCode/Function.cpp.o
[1494/4503] Building CXX object tools/clang/lib/AST/CMakeFiles/obj.clangAST.dir/ByteCode/Context.cpp.o
[1495/4503] Building CXX object tools/clang/lib/AST/CMakeFiles/obj.clangAST.dir/ByteCode/ByteCodeEmitter.cpp.o
[1496/4503] Building CXX object tools/clang/lib/AST/CMakeFiles/obj.clangAST.dir/ByteCode/InterpBuiltinBitCast.cpp.o
[1497/4503] Building CXX object tools/clang/lib/AST/CMakeFiles/obj.clangAST.dir/ParentMapContext.cpp.o
[1498/4503] Building CXX object tools/clang/lib/AST/CMakeFiles/obj.clangAST.dir/ByteCode/InterpBlock.cpp.o
[1499/4503] Building CXX object tools/clang/lib/AST/CMakeFiles/obj.clangAST.dir/ByteCode/EvaluationResult.cpp.o
[1500/4503] Building CXX object tools/clang/lib/AST/CMakeFiles/obj.clangAST.dir/ByteCode/DynamicAllocator.cpp.o
[1501/4503] Building CXX object tools/clang/lib/AST/CMakeFiles/obj.clangAST.dir/ByteCode/InterpStack.cpp.o
[1502/4503] Building CXX object tools/clang/lib/AST/CMakeFiles/obj.clangAST.dir/ByteCode/InterpFrame.cpp.o
[1503/4503] Building CXX object tools/clang/lib/AST/CMakeFiles/obj.clangAST.dir/ByteCode/PrimType.cpp.o
[1504/4503] Building CXX object tools/clang/lib/AST/CMakeFiles/obj.clangAST.dir/ByteCode/InterpState.cpp.o
[1505/4503] Building CXX object tools/clang/lib/AST/CMakeFiles/obj.clangAST.dir/ByteCode/Record.cpp.o
[1506/4503] Building CXX object tools/clang/lib/AST/CMakeFiles/obj.clangAST.dir/ByteCode/Program.cpp.o
[1507/4503] Building CXX object tools/clang/lib/AST/CMakeFiles/obj.clangAST.dir/ByteCode/InterpBuiltin.cpp.o
[1508/4503] Building CXX object tools/clang/lib/AST/CMakeFiles/obj.clangAST.dir/ByteCode/Source.cpp.o
[1509/4503] Building CXX object tools/clang/lib/AST/CMakeFiles/obj.clangAST.dir/ByteCode/Pointer.cpp.o
In file included from /builddir/rocm-llvm-7.2.3/llvm/include/llvm/ADT/APFloat.h:18,
                 from /builddir/rocm-llvm-7.2.3/clang/include/clang/AST/APNumericStorage.h:12,
                 from /builddir/rocm-llvm-7.2.3/clang/include/clang/AST/Decl.h:16,
                 from /builddir/rocm-llvm-7.2.3/clang/lib/AST/ByteCode/Descriptor.h:17,
                 from /builddir/rocm-llvm-7.2.3/clang/lib/AST/ByteCode/Pointer.h:16,
                 from /builddir/rocm-llvm-7.2.3/clang/lib/AST/ByteCode/Pointer.cpp:9:
In destructor 'llvm::APInt::~APInt()',
    inlined from 'llvm::APSInt::~APSInt()' at /builddir/rocm-llvm-7.2.3/llvm/include/llvm/ADT/APSInt.h:24:21,
    inlined from 'clang::interp::Pointer::toRValue(const clang::interp::Context&, clang::QualType) const::<lambda(clang::QualType, const clang::interp::Pointer&, clang::APValue&)>' at /builddir/rocm-llvm-7.2.3/clang/lib/AST/ByteCode/Pointer.cpp:842:9:
/builddir/rocm-llvm-7.2.3/llvm/include/llvm/ADT/APInt.h:192:18: warning: 'void operator delete [](void*)' called on a pointer to an unallocated object '1' [-Wfree-nonheap-object]
  192 |       delete[] U.pVal;
      |                  ^~~~
In destructor 'llvm::APInt::~APInt()',
    inlined from 'llvm::APSInt::~APSInt()' at /builddir/rocm-llvm-7.2.3/llvm/include/llvm/ADT/APSInt.h:24:21,
    inlined from 'clang::interp::Pointer::toRValue(const clang::interp::Context&, clang::QualType) const::<lambda(clang::QualType, const clang::interp::Pointer&, clang::APValue&)>' at /builddir/rocm-llvm-7.2.3/clang/lib/AST/ByteCode/Pointer.cpp:842:9:
/builddir/rocm-llvm-7.2.3/llvm/include/llvm/ADT/APInt.h:192:18: warning: 'void operator delete [](void*)' called on a pointer to an unallocated object '1' [-Wfree-nonheap-object]
  192 |       delete[] U.pVal;
      |                  ^~~~
[1510/4503] Building CXX object tools/clang/lib/AST/CMakeFiles/obj.clangAST.dir/ByteCode/MemberPointer.cpp.o
[1511/4503] Building CXX object tools/clang/lib/AST/CMakeFiles/obj.clangAST.dir/ByteCode/Compiler.cpp.o
In file included from /builddir/rocm-llvm-7.2.3/clang/lib/AST/ByteCode/Compiler.cpp:9:
In constructor 'clang::interp::VariableScope<Emitter>::VariableScope(clang::interp::Compiler<Emitter>*, const clang::ValueDecl*, clang::interp::ScopeKind) [with Emitter = clang::interp::ByteCodeEmitter]',
    inlined from 'clang::interp::LocalScope<Emitter>::LocalScope(clang::interp::Compiler<Emitter>*, clang::interp::ScopeKind) [with Emitter = clang::interp::ByteCodeEmitter]' at /builddir/rocm-llvm-7.2.3/clang/lib/AST/ByteCode/Compiler.h:544:50,
    inlined from 'bool clang::interp::Compiler<Emitter>::visitCompoundStmt(const clang::CompoundStmt*) [with Emitter = clang::interp::ByteCodeEmitter]' at /builddir/rocm-llvm-7.2.3/clang/lib/AST/ByteCode/Compiler.cpp:5496:23:
/builddir/rocm-llvm-7.2.3/clang/lib/AST/ByteCode/Compiler.h:478:19: warning: storing the address of local variable 'Scope' in '*this.clang::interp::Compiler<clang::interp::ByteCodeEmitter>::VarScope' [-Wdangling-pointer=]
  478 |     Ctx->VarScope = this;
      |     ~~~~~~~~~~~~~~^~~~~~
/builddir/rocm-llvm-7.2.3/clang/lib/AST/ByteCode/Compiler.cpp: In member function 'bool clang::interp::Compiler<Emitter>::visitCompoundStmt(const clang::CompoundStmt*) [with Emitter = clang::interp::ByteCodeEmitter]':
/builddir/rocm-llvm-7.2.3/clang/lib/AST/ByteCode/Compiler.cpp:5496:23: note: 'Scope' declared here
 5496 |   LocalScope<Emitter> Scope(this);
      |                       ^~~~~
/builddir/rocm-llvm-7.2.3/clang/lib/AST/ByteCode/Compiler.h:233:47: note: 'this' declared here
  233 |   bool visitCompoundStmt(const CompoundStmt *S);
      |                                               ^
In constructor 'clang::interp::VariableScope<Emitter>::VariableScope(clang::interp::Compiler<Emitter>*, const clang::ValueDecl*, clang::interp::ScopeKind) [with Emitter = clang::interp::EvalEmitter]',
    inlined from 'clang::interp::LocalScope<Emitter>::LocalScope(clang::interp::Compiler<Emitter>*, clang::interp::ScopeKind) [with Emitter = clang::interp::EvalEmitter]' at /builddir/rocm-llvm-7.2.3/clang/lib/AST/ByteCode/Compiler.h:544:50,
    inlined from 'bool clang::interp::Compiler<Emitter>::visitCompoundStmt(const clang::CompoundStmt*) [with Emitter = clang::interp::EvalEmitter]' at /builddir/rocm-llvm-7.2.3/clang/lib/AST/ByteCode/Compiler.cpp:5496:23:
/builddir/rocm-llvm-7.2.3/clang/lib/AST/ByteCode/Compiler.h:478:19: warning: storing the address of local variable 'Scope' in '*this.clang::interp::Compiler<clang::interp::EvalEmitter>::VarScope' [-Wdangling-pointer=]
  478 |     Ctx->VarScope = this;
      |     ~~~~~~~~~~~~~~^~~~~~
/builddir/rocm-llvm-7.2.3/clang/lib/AST/ByteCode/Compiler.cpp: In member function 'bool clang::interp::Compiler<Emitter>::visitCompoundStmt(const clang::CompoundStmt*) [with Emitter = clang::interp::EvalEmitter]':
/builddir/rocm-llvm-7.2.3/clang/lib/AST/ByteCode/Compiler.cpp:5496:23: note: 'Scope' declared here
 5496 |   LocalScope<Emitter> Scope(this);
      |                       ^~~~~
/builddir/rocm-llvm-7.2.3/clang/lib/AST/ByteCode/Compiler.h:233:47: note: 'this' declared here
  233 |   bool visitCompoundStmt(const CompoundStmt *S);
      |                                               ^
[1512/4503] Building CXX object tools/clang/lib/AST/CMakeFiles/obj.clangAST.dir/ByteCode/InterpShared.cpp.o
[1513/4503] Building CXX object tools/clang/lib/AST/CMakeFiles/obj.clangAST.dir/ByteCode/State.cpp.o
[1514/4503] Building CXX object tools/clang/lib/AST/CMakeFiles/obj.clangAST.dir/ASTContext.cpp.o
[1515/4503] Building CXX object tools/clang/lib/AST/CMakeFiles/obj.clangAST.dir/ByteCode/Disasm.cpp.o
[1516/4503] Building CXX object tools/clang/lib/AST/CMakeFiles/obj.clangAST.dir/AttrImpl.cpp.o
[1517/4503] Building CXX object tools/clang/lib/AST/CMakeFiles/obj.clangAST.dir/ItaniumCXXABI.cpp.o
[1518/4503] Building CXX object tools/clang/lib/AST/CMakeFiles/obj.clangAST.dir/NestedNameSpecifier.cpp.o
[1519/4503] Building CXX object tools/clang/lib/AST/CMakeFiles/obj.clangAST.dir/NSAPI.cpp.o
[1520/4503] Building CXX object tools/clang/lib/AST/CMakeFiles/obj.clangAST.dir/Mangle.cpp.o
[1521/4503] Building CXX object tools/clang/lib/AST/CMakeFiles/obj.clangAST.dir/MicrosoftCXXABI.cpp.o
[1522/4503] Building CXX object tools/clang/lib/AST/CMakeFiles/obj.clangAST.dir/ODRHash.cpp.o
[1523/4503] Building CXX object tools/clang/lib/AST/CMakeFiles/obj.clangAST.dir/ODRDiagsEmitter.cpp.o
[1524/4503] Building CXX object tools/clang/lib/AST/CMakeFiles/obj.clangAST.dir/OSLog.cpp.o
[1525/4503] Building CXX object tools/clang/lib/AST/CMakeFiles/obj.clangAST.dir/OpenACCClause.cpp.o
[1526/4503] Building CXX object tools/clang/lib/AST/CMakeFiles/obj.clangAST.dir/ParentMap.cpp.o
[1527/4503] Building CXX object tools/clang/lib/AST/CMakeFiles/obj.clangAST.dir/PrintfFormatString.cpp.o
[1528/4503] Building CXX object tools/clang/lib/AST/CMakeFiles/obj.clangAST.dir/JSONNodeDumper.cpp.o
[1529/4503] Building CXX object tools/clang/lib/AST/CMakeFiles/obj.clangAST.dir/ExprConstant.cpp.o
[1530/4503] Building CXX object tools/clang/lib/AST/CMakeFiles/obj.clangAST.dir/ItaniumMangle.cpp.o
[1531/4503] Building CXX object tools/clang/lib/AST/CMakeFiles/obj.clangAST.dir/RecordLayout.cpp.o
[1532/4503] Building CXX object tools/clang/lib/AST/CMakeFiles/obj.clangAST.dir/SelectorLocationsKind.cpp.o
[1533/4503] Building CXX object tools/clang/lib/AST/CMakeFiles/obj.clangAST.dir/Randstruct.cpp.o
[1534/4503] Building CXX object tools/clang/lib/AST/CMakeFiles/obj.clangAST.dir/QualTypeNames.cpp.o
[1535/4503] Building CXX object tools/clang/lib/AST/CMakeFiles/obj.clangAST.dir/MicrosoftMangle.cpp.o
[1536/4503] Building CXX object tools/clang/lib/AST/CMakeFiles/obj.clangAST.dir/RawCommentList.cpp.o
[1537/4503] Building CXX object tools/clang/lib/AST/CMakeFiles/obj.clangAST.dir/ScanfFormatString.cpp.o
[1538/4503] Building CXX object tools/clang/lib/AST/CMakeFiles/obj.clangAST.dir/OpenMPClause.cpp.o
[1539/4503] Building CXX object tools/clang/lib/AST/CMakeFiles/obj.clangAST.dir/DynamicRecursiveASTVisitor.cpp.o
[1540/4503] Building CXX object tools/clang/lib/AST/CMakeFiles/obj.clangAST.dir/StmtIterator.cpp.o
[1541/4503] Building CXX object tools/clang/lib/AST/CMakeFiles/obj.clangAST.dir/StmtCXX.cpp.o
[1542/4503] Building CXX object tools/clang/lib/AST/CMakeFiles/obj.clangAST.dir/StmtViz.cpp.o
[1543/4503] Building CXX object tools/clang/lib/AST/CMakeFiles/obj.clangAST.dir/StmtObjC.cpp.o
[1544/4503] Building CXX object tools/clang/lib/AST/CMakeFiles/obj.clangAST.dir/StmtOpenACC.cpp.o
[1545/4503] Building CXX object tools/clang/lib/AST/CMakeFiles/obj.clangAST.dir/TemplateName.cpp.o
[1546/4503] Building CXX object tools/clang/lib/AST/CMakeFiles/obj.clangAST.dir/TemplateBase.cpp.o
[1547/4503] Building CXX object tools/clang/lib/AST/CMakeFiles/obj.clangAST.dir/RecordLayoutBuilder.cpp.o
[1548/4503] Building CXX object tools/clang/lib/AST/CMakeFiles/obj.clangAST.dir/StmtOpenMP.cpp.o
[1549/4503] Building CXX object tools/clang/lib/AST/CMakeFiles/obj.clangAST.dir/TypeLoc.cpp.o
[1550/4503] Building CXX object tools/clang/lib/AST/CMakeFiles/obj.clangAST.dir/VTTBuilder.cpp.o
[1551/4503] Building CXX object lib/Option/CMakeFiles/LLVMOption.dir/Option.cpp.o
[1552/4503] Building CXX object tools/clang/lib/AST/CMakeFiles/obj.clangAST.dir/StmtProfile.cpp.o
[1553/4503] Building CXX object tools/clang/lib/AST/CMakeFiles/obj.clangAST.dir/Stmt.cpp.o
[1554/4503] Building CXX object tools/clang/lib/APINotes/CMakeFiles/obj.clangAPINotes.dir/APINotesTypes.cpp.o
[1555/4503] Building CXX object lib/Option/CMakeFiles/LLVMOption.dir/OptTable.cpp.o
[1556/4503] Building OpenCLBuiltins.inc...
[1557/4503] Building CXX object tools/clang/lib/AST/CMakeFiles/obj.clangAST.dir/TypePrinter.cpp.o
[1558/4503] Building CXX object tools/clang/lib/AST/CMakeFiles/obj.clangAST.dir/StmtPrinter.cpp.o
[1559/4503] Building CXX object tools/clang/lib/ASTMatchers/CMakeFiles/obj.clangASTMatchers.dir/LowLevelHelpers.cpp.o
[1560/4503] Building CXX object tools/clang/lib/APINotes/CMakeFiles/obj.clangAPINotes.dir/APINotesManager.cpp.o
[1561/4503] Building CXX object tools/clang/lib/AST/CMakeFiles/obj.clangAST.dir/ByteCode/EvalEmitter.cpp.o
In file included from /builddir/rocm-llvm-7.2.3/llvm/include/llvm/ADT/APSInt.h:18,
                 from /builddir/rocm-llvm-7.2.3/llvm/include/llvm/ADT/APFixedPoint.h:19,
                 from /builddir/rocm-llvm-7.2.3/clang/include/clang/AST/APValue.h:17,
                 from /builddir/rocm-llvm-7.2.3/clang/lib/AST/ByteCode/EvaluationResult.h:12,
                 from /builddir/rocm-llvm-7.2.3/clang/lib/AST/ByteCode/EvalEmitter.h:16,
                 from /builddir/rocm-llvm-7.2.3/clang/lib/AST/ByteCode/EvalEmitter.cpp:9:
In destructor 'llvm::APInt::~APInt()',
    inlined from 'llvm::APSInt::~APSInt()' at /builddir/rocm-llvm-7.2.3/llvm/include/llvm/ADT/APSInt.h:24:21,
    inlined from 'clang::APValue clang::interp::Boolean::toAPValue(const clang::ASTContext&) const' at /builddir/rocm-llvm-7.2.3/clang/lib/AST/ByteCode/Boolean.h:55:72,
    inlined from 'void clang::interp::EvalEmitter::updateGlobalTemporaries()' at /builddir/rocm-llvm-7.2.3/clang/lib/AST/ByteCode/EvalEmitter.cpp:337:7:
/builddir/rocm-llvm-7.2.3/llvm/include/llvm/ADT/APInt.h:192:18: warning: 'void operator delete [](void*)' called on a pointer to an unallocated object '1' [-Wfree-nonheap-object]
  192 |       delete[] U.pVal;
      |                  ^~~~
In destructor 'llvm::APInt::~APInt()',
    inlined from 'llvm::APSInt::~APSInt()' at /builddir/rocm-llvm-7.2.3/llvm/include/llvm/ADT/APSInt.h:24:21,
    inlined from 'clang::APValue clang::interp::Boolean::toAPValue(const clang::ASTContext&) const' at /builddir/rocm-llvm-7.2.3/clang/lib/AST/ByteCode/Boolean.h:55:72,
    inlined from 'bool clang::interp::EvalEmitter::emitRet(clang::interp::SourceInfo) [with clang::interp::PrimType <anonymous> = clang::interp::PT_Bool]' at /builddir/rocm-llvm-7.2.3/clang/lib/AST/ByteCode/EvalEmitter.cpp:185:48,
    inlined from 'bool clang::interp::EvalEmitter::emitRet(clang::interp::SourceInfo) [with clang::interp::PrimType <anonymous> = clang::interp::PT_Bool]' at /builddir/rocm-llvm-7.2.3/clang/lib/AST/ByteCode/EvalEmitter.cpp:180:33,
    inlined from 'bool clang::interp::EvalEmitter::emitRet(clang::interp::PrimType, clang::interp::SourceInfo)' at /builddir/rocm-llvm-7.2.3/llvm/build/tools/clang/lib/AST/Opcodes.inc:31848:7:
/builddir/rocm-llvm-7.2.3/llvm/include/llvm/ADT/APInt.h:192:18: warning: 'void operator delete [](void*)' called on a pointer to an unallocated object '1' [-Wfree-nonheap-object]
  192 |       delete[] U.pVal;
      |                  ^~~~
[1562/4503] Building CXX object tools/clang/lib/AST/CMakeFiles/obj.clangAST.dir/Type.cpp.o
[1563/4503] Building CXX object tools/clang/lib/APINotes/CMakeFiles/obj.clangAPINotes.dir/APINotesYAMLCompiler.cpp.o
[1564/4503] Building CXX object tools/clang/lib/APINotes/CMakeFiles/obj.clangAPINotes.dir/APINotesReader.cpp.o
[1565/4503] Building CXX object tools/clang/lib/Analysis/CMakeFiles/obj.clangAnalysis.dir/BodyFarm.cpp.o
[1566/4503] Building CXX object tools/clang/lib/Analysis/CMakeFiles/obj.clangAnalysis.dir/CFGReachabilityAnalysis.cpp.o
[1567/4503] Building CXX object tools/clang/lib/AST/CMakeFiles/obj.clangAST.dir/TextNodeDumper.cpp.o
[1568/4503] Building CXX object tools/clang/lib/Analysis/CMakeFiles/obj.clangAnalysis.dir/CodeInjector.cpp.o
[1569/4503] Building CXX object tools/clang/lib/Analysis/CMakeFiles/obj.clangAnalysis.dir/CFGStmtMap.cpp.o
[1570/4503] Building CXX object tools/clang/lib/AST/CMakeFiles/obj.clangAST.dir/VTableBuilder.cpp.o
[1571/4503] Building CXX object tools/clang/lib/ASTMatchers/CMakeFiles/obj.clangASTMatchers.dir/GtestMatchers.cpp.o
[1572/4503] Building CXX object tools/clang/lib/Analysis/CMakeFiles/obj.clangAnalysis.dir/CocoaConventions.cpp.o
[1573/4503] Building CXX object tools/clang/lib/APINotes/CMakeFiles/obj.clangAPINotes.dir/APINotesWriter.cpp.o
[1574/4503] Building CXX object tools/clang/lib/Analysis/CMakeFiles/obj.clangAnalysis.dir/AnalysisDeclContext.cpp.o
[1575/4503] Building CXX object tools/clang/lib/ASTMatchers/CMakeFiles/obj.clangASTMatchers.dir/ASTMatchersInternal.cpp.o
[1576/4503] Building CXX object tools/clang/lib/Analysis/CMakeFiles/obj.clangAnalysis.dir/CalledOnceCheck.cpp.o
[1577/4503] Building CXX object tools/clang/lib/Analysis/CMakeFiles/obj.clangAnalysis.dir/CallGraph.cpp.o
[1578/4503] Building CXX object tools/clang/lib/Analysis/CMakeFiles/obj.clangAnalysis.dir/ConstructionContext.cpp.o
[1579/4503] Building CXX object tools/clang/lib/AST/CMakeFiles/obj.clangAST.dir/ByteCode/Interp.cpp.o
[1580/4503] Linking CXX static library lib/libclangAST.a
[1581/4503] Building CXX object tools/clang/lib/Analysis/CMakeFiles/obj.clangAnalysis.dir/Dominators.cpp.o
[1582/4503] Building CXX object tools/clang/lib/Analysis/CMakeFiles/obj.clangAnalysis.dir/CloneDetection.cpp.o
[1583/4503] Building CXX object tools/clang/lib/Analysis/CMakeFiles/obj.clangAnalysis.dir/IssueHash.cpp.o
[1584/4503] Building CXX object tools/clang/lib/Analysis/CMakeFiles/obj.clangAnalysis.dir/LifetimeAnnotations.cpp.o
[1585/4503] Building CXX object tools/clang/lib/Analysis/CMakeFiles/obj.clangAnalysis.dir/CFG.cpp.o
[1586/4503] Building CXX object tools/clang/lib/Analysis/CMakeFiles/obj.clangAnalysis.dir/MacroExpansionContext.cpp.o
[1587/4503] Building CXX object tools/clang/lib/Analysis/CMakeFiles/obj.clangAnalysis.dir/ObjCNoReturn.cpp.o
[1588/4503] Building CXX object tools/clang/lib/Analysis/CMakeFiles/obj.clangAnalysis.dir/Consumed.cpp.o
[1589/4503] Building CXX object tools/clang/lib/Analysis/CMakeFiles/obj.clangAnalysis.dir/IntervalPartition.cpp.o
[1590/4503] Building CXX object tools/clang/lib/Analysis/CMakeFiles/obj.clangAnalysis.dir/ThreadSafetyLogical.cpp.o
[1591/4503] Building CXX object tools/clang/lib/Analysis/CMakeFiles/obj.clangAnalysis.dir/PostOrderCFGView.cpp.o
[1592/4503] Building CXX object tools/clang/lib/Analysis/CMakeFiles/obj.clangAnalysis.dir/ThreadSafetyTIL.cpp.o
[1593/4503] Building CXX object tools/clang/lib/Analysis/CMakeFiles/obj.clangAnalysis.dir/FixitUtil.cpp.o
[1594/4503] Building CXX object tools/clang/lib/Analysis/CMakeFiles/obj.clangAnalysis.dir/ProgramPoint.cpp.o
[1595/4503] Building CXX object tools/clang/lib/Analysis/CMakeFiles/obj.clangAnalysis.dir/PathDiagnostic.cpp.o
[1596/4503] Building CXX object tools/clang/lib/Analysis/CMakeFiles/obj.clangAnalysis.dir/LifetimeSafety.cpp.o
[1597/4503] Building CXX object tools/clang/lib/Analysis/CMakeFiles/obj.clangAnalysis.dir/LiveVariables.cpp.o
[1598/4503] Building CXX object tools/clang/lib/Edit/CMakeFiles/obj.clangEdit.dir/Commit.cpp.o
[1599/4503] Building CXX object tools/clang/lib/Analysis/CMakeFiles/obj.clangAnalysis.dir/ReachableCode.cpp.o
[1600/4503] Building CXX object tools/clang/lib/Edit/CMakeFiles/obj.clangEdit.dir/EditedSource.cpp.o
[1601/4503] Linking CXX static library lib/libLLVMOption.a
[1602/4503] Building CXX object tools/clang/lib/Rewrite/CMakeFiles/obj.clangRewrite.dir/TokenRewriter.cpp.o
[1603/4503] Linking CXX static library lib/libclangAPINotes.a
[1604/4503] Building CXX object lib/Bitcode/Writer/CMakeFiles/LLVMBitWriter.dir/BitWriter.cpp.o
[1605/4503] Building CXX object tools/clang/lib/Rewrite/CMakeFiles/obj.clangRewrite.dir/Rewriter.cpp.o
[1606/4503] Building CXX object tools/clang/lib/Analysis/CMakeFiles/obj.clangAnalysis.dir/ThreadSafetyCommon.cpp.o
[1607/4503] Building CXX object lib/WindowsDriver/CMakeFiles/LLVMWindowsDriver.dir/MSVCPaths.cpp.o
[1608/4503] Building CXX object lib/Bitcode/Writer/CMakeFiles/LLVMBitWriter.dir/BitcodeWriterPass.cpp.o
[1609/4503] Building CXX object tools/clang/lib/Edit/CMakeFiles/obj.clangEdit.dir/RewriteObjCFoundationAPI.cpp.o
[1610/4503] Building CXX object tools/clang/lib/Rewrite/CMakeFiles/obj.clangRewrite.dir/HTMLRewrite.cpp.o
[1611/4503] Building CXX object tools/clang/lib/Analysis/CMakeFiles/obj.clangAnalysis.dir/UninitializedValues.cpp.o
[1612/4503] Building CXX object tools/clang/lib/ASTMatchers/CMakeFiles/obj.clangASTMatchers.dir/ASTMatchFinder.cpp.o
[1613/4503] Linking CXX static library lib/libclangASTMatchers.a
[1614/4503] Building CXX object tools/clang/lib/Analysis/CMakeFiles/obj.clangAnalysis.dir/ThreadSafety.cpp.o
[1615/4503] Building CXX object tools/clang/lib/Analysis/CMakeFiles/obj.clangAnalysis.dir/RetainSummaryManager.cpp.o
[1616/4503] Building CXX object lib/Bitcode/Writer/CMakeFiles/LLVMBitWriter.dir/ValueEnumerator.cpp.o
[1617/4503] Building CXX object tools/clang/lib/Sema/CMakeFiles/obj.clangSema.dir/HeuristicResolver.cpp.o
[1618/4503] Building CXX object tools/clang/lib/Analysis/CMakeFiles/obj.clangAnalysis.dir/ExprMutationAnalyzer.cpp.o
[1619/4503] Building CXX object tools/clang/lib/Sema/CMakeFiles/obj.clangSema.dir/IdentifierResolver.cpp.o
[1620/4503] Building CXX object tools/clang/lib/Sema/CMakeFiles/obj.clangSema.dir/DelayedDiagnostic.cpp.o
[1621/4503] Building CXX object tools/clang/lib/Sema/CMakeFiles/obj.clangSema.dir/Scope.cpp.o
[1622/4503] Building CXX object tools/clang/lib/Sema/CMakeFiles/obj.clangSema.dir/CheckExprLifetime.cpp.o
[1623/4503] Building CXX object tools/clang/lib/Sema/CMakeFiles/obj.clangSema.dir/HLSLExternalSemaSource.cpp.o
[1624/4503] Building CXX object tools/clang/lib/Sema/CMakeFiles/obj.clangSema.dir/HLSLBuiltinTypeDeclBuilder.cpp.o
[1625/4503] Building CXX object tools/clang/lib/Sema/CMakeFiles/obj.clangSema.dir/CodeCompleteConsumer.cpp.o
[1626/4503] Building CXX object tools/clang/lib/Sema/CMakeFiles/obj.clangSema.dir/DeclSpec.cpp.o
[1627/4503] Building CXX object tools/clang/lib/Analysis/CMakeFiles/obj.clangAnalysis.dir/UnsafeBufferUsage.cpp.o
[1628/4503] Building CXX object tools/clang/lib/Sema/CMakeFiles/obj.clangSema.dir/ScopeInfo.cpp.o
[1629/4503] Building CXX object tools/clang/lib/Sema/CMakeFiles/obj.clangSema.dir/MultiplexExternalSemaSource.cpp.o
[1630/4503] Building CXX object tools/clang/lib/Sema/CMakeFiles/obj.clangSema.dir/JumpDiagnostics.cpp.o
[1631/4503] Building CXX object lib/Bitcode/Writer/CMakeFiles/LLVMBitWriter.dir/BitcodeWriter.cpp.o
[1632/4503] Building CXX object tools/clang/lib/Sema/CMakeFiles/obj.clangSema.dir/SemaAVR.cpp.o
[1633/4503] Building CXX object tools/clang/lib/Sema/CMakeFiles/obj.clangSema.dir/SemaBase.cpp.o
[1634/4503] Building CXX object tools/clang/lib/Sema/CMakeFiles/obj.clangSema.dir/AnalysisBasedWarnings.cpp.o
[1635/4503] Building CXX object tools/clang/lib/Sema/CMakeFiles/obj.clangSema.dir/SemaConsumer.cpp.o
[1636/4503] Building CXX object tools/clang/lib/Sema/CMakeFiles/obj.clangSema.dir/SemaAMDGPU.cpp.o
[1637/4503] Building CXX object tools/clang/lib/Sema/CMakeFiles/obj.clangSema.dir/SemaBPF.cpp.o
[1638/4503] Building CXX object tools/clang/lib/Sema/CMakeFiles/obj.clangSema.dir/SemaAccess.cpp.o
[1639/4503] Building CXX object tools/clang/lib/Sema/CMakeFiles/obj.clangSema.dir/ParsedAttr.cpp.o
[1640/4503] Building CXX object tools/clang/lib/Sema/CMakeFiles/obj.clangSema.dir/SemaBoundsSafety.cpp.o
[1641/4503] Building CXX object tools/clang/lib/Sema/CMakeFiles/obj.clangSema.dir/SemaAPINotes.cpp.o
[1642/4503] Building CXX object tools/clang/lib/Sema/CMakeFiles/obj.clangSema.dir/SemaAvailability.cpp.o
[1643/4503] Building CXX object tools/clang/lib/Sema/CMakeFiles/obj.clangSema.dir/SemaAttr.cpp.o
[1644/4503] Building CXX object tools/clang/lib/Sema/CMakeFiles/obj.clangSema.dir/SemaCXXScopeSpec.cpp.o
[1645/4503] Building CXX object tools/clang/lib/Sema/CMakeFiles/obj.clangSema.dir/SemaARM.cpp.o
[1646/4503] Building CXX object tools/clang/lib/Sema/CMakeFiles/obj.clangSema.dir/SemaDirectX.cpp.o
[1647/4503] Building CXX object tools/clang/lib/Sema/CMakeFiles/obj.clangSema.dir/SemaCast.cpp.o
[1648/4503] Building CXX object tools/clang/lib/Sema/CMakeFiles/obj.clangSema.dir/Sema.cpp.o
[1649/4503] Building CXX object tools/clang/lib/Sema/CMakeFiles/obj.clangSema.dir/SemaCoroutine.cpp.o
[1650/4503] Building CXX object tools/clang/lib/Sema/CMakeFiles/obj.clangSema.dir/SemaCUDA.cpp.o
[1651/4503] Building CXX object tools/clang/lib/Sema/CMakeFiles/obj.clangSema.dir/SemaExceptionSpec.cpp.o
[1652/4503] Building CXX object tools/clang/lib/Sema/CMakeFiles/obj.clangSema.dir/SemaFixItUtils.cpp.o
[1653/4503] Building CXX object tools/clang/lib/Sema/CMakeFiles/obj.clangSema.dir/SemaExprMember.cpp.o
[1654/4503] Building CXX object tools/clang/lib/Sema/CMakeFiles/obj.clangSema.dir/SemaHexagon.cpp.o
[1655/4503] Building CXX object tools/clang/lib/Sema/CMakeFiles/obj.clangSema.dir/SemaDeclObjC.cpp.o
[1656/4503] Building CXX object tools/clang/lib/Sema/CMakeFiles/obj.clangSema.dir/SemaFunctionEffects.cpp.o
[1657/4503] Building CXX object tools/clang/lib/Sema/CMakeFiles/obj.clangSema.dir/SemaCodeComplete.cpp.o
[1658/4503] Building CXX object tools/clang/lib/Sema/CMakeFiles/obj.clangSema.dir/SemaExprObjC.cpp.o
[1659/4503] Building CXX object tools/clang/lib/Sema/CMakeFiles/obj.clangSema.dir/SemaChecking.cpp.o
/builddir/rocm-llvm-7.2.3/clang/lib/Sema/SemaChecking.cpp: In function 'void DiagnoseMixedUnicodeImplicitConversion(clang::Sema&, const clang::Type*, const clang::Type*, clang::Expr*, clang::QualType, clang::SourceLocation)':
/builddir/rocm-llvm-7.2.3/clang/lib/Sema/SemaChecking.cpp:12338:10: warning: unused variable 'LosesPrecision' [-Wunused-variable]
12338 |     bool LosesPrecision = S.getASTContext().getIntWidth(E->getType()) >
      |          ^~~~~~~~~~~~~~
[1660/4503] Building CXX object tools/clang/lib/Sema/CMakeFiles/obj.clangSema.dir/SemaHLSL.cpp.o
[1661/4503] Building CXX object tools/clang/lib/Sema/CMakeFiles/obj.clangSema.dir/SemaM68k.cpp.o
[1662/4503] Building CXX object tools/clang/lib/Sema/CMakeFiles/obj.clangSema.dir/SemaLoongArch.cpp.o
[1663/4503] Building CXX object tools/clang/lib/Sema/CMakeFiles/obj.clangSema.dir/SemaMSP430.cpp.o
[1664/4503] Building CXX object tools/clang/lib/Sema/CMakeFiles/obj.clangSema.dir/SemaDeclAttr.cpp.o
[1665/4503] Building CXX object tools/clang/lib/Sema/CMakeFiles/obj.clangSema.dir/SemaExprCXX.cpp.o
[1666/4503] Building CXX object tools/clang/lib/Sema/CMakeFiles/obj.clangSema.dir/SemaLambda.cpp.o
[1667/4503] Building CXX object tools/clang/lib/Sema/CMakeFiles/obj.clangSema.dir/SemaMIPS.cpp.o
[1668/4503] Building CXX object tools/clang/lib/Sema/CMakeFiles/obj.clangSema.dir/SemaNVPTX.cpp.o
[1669/4503] Building CXX object tools/clang/lib/Sema/CMakeFiles/obj.clangSema.dir/SemaInit.cpp.o
[1670/4503] Building CXX object tools/clang/lib/Sema/CMakeFiles/obj.clangSema.dir/SemaOpenACCAtomic.cpp.o
[1671/4503] Building CXX object tools/clang/lib/Sema/CMakeFiles/obj.clangSema.dir/SemaOpenACCClauseAppertainment.cpp.o
[1672/4503] Building CXX object tools/clang/lib/Sema/CMakeFiles/obj.clangSema.dir/SemaModule.cpp.o
[1673/4503] Building CXX object tools/clang/lib/Sema/CMakeFiles/obj.clangSema.dir/SemaOpenACCClause.cpp.o
[1674/4503] Building CXX object tools/clang/lib/Sema/CMakeFiles/obj.clangSema.dir/SemaOpenACC.cpp.o
[1675/4503] Building CXX object tools/clang/lib/Sema/CMakeFiles/obj.clangSema.dir/SemaDeclCXX.cpp.o
[1676/4503] Building CXX object tools/clang/lib/Sema/CMakeFiles/obj.clangSema.dir/SemaOpenCL.cpp.o
[1677/4503] Building CXX object tools/clang/lib/Sema/CMakeFiles/obj.clangSema.dir/SemaObjCProperty.cpp.o
[1678/4503] Building CXX object tools/clang/lib/Sema/CMakeFiles/obj.clangSema.dir/SemaConcept.cpp.o
/builddir/rocm-llvm-7.2.3/clang/lib/Sema/SemaConcept.cpp: In member function 'clang::ExprResult {anonymous}::ConstraintSatisfactionChecker::Evaluate(const clang::NormalizedConstraint&, const clang::MultiLevelTemplateArgumentList&)':
/builddir/rocm-llvm-7.2.3/clang/lib/Sema/SemaConcept.cpp:1052:1: warning: control reaches end of non-void function [-Wreturn-type]
 1052 | }
      | ^
/builddir/rocm-llvm-7.2.3/clang/lib/Sema/SemaConcept.cpp: In member function 'bool {anonymous}::SubstituteParameterMappings::substitute(clang::NormalizedConstraint&)':
/builddir/rocm-llvm-7.2.3/clang/lib/Sema/SemaConcept.cpp:2144:1: warning: control reaches end of non-void function [-Wreturn-type]
 2144 | }
      | ^
/builddir/rocm-llvm-7.2.3/clang/lib/Sema/SemaConcept.cpp: In member function 'FormulaType clang::SubsumptionChecker::Normalize(const clang::NormalizedConstraint&) [with FormulaType = CNFFormula]':
/builddir/rocm-llvm-7.2.3/clang/lib/Sema/SemaConcept.cpp:2604:1: warning: control reaches end of non-void function [-Wreturn-type]
 2604 | }
      | ^
[1679/4503] Building CXX object tools/clang/lib/Sema/CMakeFiles/obj.clangSema.dir/SemaObjC.cpp.o
[1680/4503] Building CXX object tools/clang/lib/Sema/CMakeFiles/obj.clangSema.dir/SemaLookup.cpp.o
[1681/4503] Building CXX object tools/clang/lib/Sema/CMakeFiles/obj.clangSema.dir/SemaPPC.cpp.o
[1682/4503] Building CXX object tools/clang/lib/Sema/CMakeFiles/obj.clangSema.dir/SemaDecl.cpp.o
[1683/4503] Building CXX object tools/clang/lib/Sema/CMakeFiles/obj.clangSema.dir/SemaPseudoObject.cpp.o
[1684/4503] Building CXX object tools/clang/lib/Sema/CMakeFiles/obj.clangSema.dir/SemaSystemZ.cpp.o
[1685/4503] Building CXX object tools/clang/lib/Sema/CMakeFiles/obj.clangSema.dir/SemaRISCV.cpp.o
[1686/4503] Building CXX object tools/clang/lib/Sema/CMakeFiles/obj.clangSema.dir/SemaSPIRV.cpp.o
[1687/4503] Building CXX object tools/clang/lib/Sema/CMakeFiles/obj.clangSema.dir/SemaSwift.cpp.o
[1688/4503] Building CXX object tools/clang/lib/Sema/CMakeFiles/obj.clangSema.dir/SemaStmtAttr.cpp.o
[1689/4503] Building CXX object tools/clang/lib/Sema/CMakeFiles/obj.clangSema.dir/SemaStmtAsm.cpp.o
[1690/4503] Building CXX object tools/clang/lib/Sema/CMakeFiles/obj.clangSema.dir/SemaStmt.cpp.o
[1691/4503] Building CXX object tools/clang/lib/Sema/CMakeFiles/obj.clangSema.dir/TypeLocBuilder.cpp.o
[1692/4503] Linking CXX static library lib/libclangAnalysis.a
[1693/4503] Linking CXX static library lib/libclangEdit.a
[1694/4503] Linking CXX static library lib/libclangRewrite.a
[1695/4503] Building CXX object tools/clang/lib/Sema/CMakeFiles/obj.clangSema.dir/SemaOverload.cpp.o
[1696/4503] Linking CXX static library lib/libclangSupport.a
[1697/4503] Building CXX object tools/clang/lib/Sema/CMakeFiles/obj.clangSema.dir/SemaTemplateVariadic.cpp.o
[1698/4503] Building CXX object tools/clang/lib/Tooling/Core/CMakeFiles/obj.clangToolingCore.dir/Diagnostic.cpp.o
[1699/4503] Building CXX object tools/clang/lib/Sema/CMakeFiles/obj.clangSema.dir/SemaWasm.cpp.o
[1700/4503] Building CXX object tools/clang/lib/Sema/CMakeFiles/obj.clangSema.dir/SemaTypeTraits.cpp.o
[1701/4503] Building CXX object tools/clang/lib/Sema/CMakeFiles/obj.clangSema.dir/SemaX86.cpp.o
[1702/4503] Building CXX object lib/CGData/CMakeFiles/LLVMCGData.dir/OutlinedHashTree.cpp.o
[1703/4503] Building CXX object tools/clang/lib/Tooling/Core/CMakeFiles/obj.clangToolingCore.dir/Replacement.cpp.o
[1704/4503] Linking CXX static library lib/libLLVMBitWriter.a
[1705/4503] Building CXX object lib/CGData/CMakeFiles/LLVMCGData.dir/CodeGenDataWriter.cpp.o
[1706/4503] Building CXX object lib/CGData/CMakeFiles/LLVMCGData.dir/OutlinedHashTreeRecord.cpp.o
[1707/4503] Building CXX object lib/CGData/CMakeFiles/LLVMCGData.dir/CodeGenDataReader.cpp.o
[1708/4503] Building CXX object lib/CGData/CMakeFiles/LLVMCGData.dir/CodeGenData.cpp.o
[1709/4503] Building CXX object lib/CGData/CMakeFiles/LLVMCGData.dir/StableFunctionMap.cpp.o
[1710/4503] Building CXX object lib/Transforms/ObjCARC/CMakeFiles/LLVMObjCARCOpts.dir/ObjCARCExpand.cpp.o
[1711/4503] Building CXX object lib/CGData/CMakeFiles/LLVMCGData.dir/StableFunctionMapRecord.cpp.o
[1712/4503] Building CXX object lib/Transforms/ObjCARC/CMakeFiles/LLVMObjCARCOpts.dir/ObjCARC.cpp.o
[1713/4503] Building CXX object lib/Transforms/ObjCARC/CMakeFiles/LLVMObjCARCOpts.dir/DependencyAnalysis.cpp.o
[1714/4503] Building CXX object lib/Target/CMakeFiles/LLVMTarget.dir/RegisterTargetPassConfigCallback.cpp.o
[1715/4503] Building CXX object lib/Transforms/ObjCARC/CMakeFiles/LLVMObjCARCOpts.dir/ProvenanceAnalysisEvaluator.cpp.o
[1716/4503] Building CXX object lib/Transforms/ObjCARC/CMakeFiles/LLVMObjCARCOpts.dir/ProvenanceAnalysis.cpp.o
[1717/4503] Building CXX object lib/Transforms/ObjCARC/CMakeFiles/LLVMObjCARCOpts.dir/ObjCARCContract.cpp.o
[1718/4503] Building CXX object tools/clang/lib/Sema/CMakeFiles/obj.clangSema.dir/SemaSYCL.cpp.o
[1719/4503] Building CXX object lib/Transforms/ObjCARC/CMakeFiles/LLVMObjCARCOpts.dir/PtrState.cpp.o
[1720/4503] Building CXX object lib/Target/CMakeFiles/LLVMTarget.dir/Target.cpp.o
[1721/4503] Building CXX object lib/SandboxIR/CMakeFiles/LLVMSandboxIR.dir/Argument.cpp.o
[1722/4503] Building CXX object tools/clang/lib/Sema/CMakeFiles/obj.clangSema.dir/SemaType.cpp.o
[1723/4503] Building CXX object lib/Transforms/ObjCARC/CMakeFiles/LLVMObjCARCOpts.dir/ObjCARCOpts.cpp.o
[1724/4503] Building CXX object lib/Target/CMakeFiles/LLVMTarget.dir/TargetLoweringObjectFile.cpp.o
[1725/4503] Building CXX object lib/SandboxIR/CMakeFiles/LLVMSandboxIR.dir/Pass.cpp.o
[1726/4503] Building CXX object tools/clang/lib/Sema/CMakeFiles/obj.clangSema.dir/SemaTemplateDeductionGuide.cpp.o
[1727/4503] Building CXX object lib/SandboxIR/CMakeFiles/LLVMSandboxIR.dir/Function.cpp.o
[1728/4503] Building CXX object lib/SandboxIR/CMakeFiles/LLVMSandboxIR.dir/Constant.cpp.o
[1729/4503] Building CXX object lib/Target/CMakeFiles/LLVMTarget.dir/TargetMachineC.cpp.o
[1730/4503] Building CXX object lib/SandboxIR/CMakeFiles/LLVMSandboxIR.dir/PassManager.cpp.o
[1731/4503] Building CXX object lib/SandboxIR/CMakeFiles/LLVMSandboxIR.dir/BasicBlock.cpp.o
[1732/4503] Building CXX object lib/SandboxIR/CMakeFiles/LLVMSandboxIR.dir/Module.cpp.o
[1733/4503] Linking CXX static library lib/libLLVMWindowsDriver.a
[1734/4503] Building CXX object lib/Target/CMakeFiles/LLVMTarget.dir/TargetMachine.cpp.o
[1735/4503] Building CXX object lib/SandboxIR/CMakeFiles/LLVMSandboxIR.dir/User.cpp.o
[1736/4503] Building CXX object lib/SandboxIR/CMakeFiles/LLVMSandboxIR.dir/Use.cpp.o
[1737/4503] Building CXX object lib/SandboxIR/CMakeFiles/LLVMSandboxIR.dir/Value.cpp.o
[1738/4503] Building CXX object lib/SandboxIR/CMakeFiles/LLVMSandboxIR.dir/Type.cpp.o
[1739/4503] Building CXX object lib/SandboxIR/CMakeFiles/LLVMSandboxIR.dir/Tracker.cpp.o
[1740/4503] Building CXX object tools/clang/lib/Sema/CMakeFiles/obj.clangSema.dir/SemaTemplateDeduction.cpp.o
In file included from /builddir/rocm-llvm-7.2.3/clang/lib/Sema/TreeTransform.h:48,
                 from /builddir/rocm-llvm-7.2.3/clang/lib/Sema/SemaTemplateDeduction.cpp:13:
In constructor 'clang::LocalInstantiationScope::LocalInstantiationScope(clang::Sema&, bool, bool)',
    inlined from 'clang::TemplateDeductionResult clang::Sema::DeduceTemplateArguments(clang::FunctionTemplateDecl*, clang::TemplateArgumentListInfo*, llvm::ArrayRef<clang::Expr*>, clang::FunctionDecl*&, clang::sema::TemplateDeductionInfo&, bool, bool, bool, clang::QualType, clang::Expr::Classification, bool, llvm::function_ref<bool(llvm::ArrayRef<clang::QualType>, bool)>)' at /builddir/rocm-llvm-7.2.3/clang/lib/Sema/SemaTemplateDeduction.cpp:4558:42:
/builddir/rocm-llvm-7.2.3/clang/include/clang/Sema/Template.h:442:41: warning: storing the address of local variable 'InstScope' in '*this.clang::Sema::CurrentInstantiationScope' [-Wdangling-pointer=]
  442 |       SemaRef.CurrentInstantiationScope = this;
      |       ~~~~~~~~~~~~~~~~~~~~~~~~~~~~~~~~~~^~~~~~
/builddir/rocm-llvm-7.2.3/clang/lib/Sema/SemaTemplateDeduction.cpp: In member function 'clang::TemplateDeductionResult clang::Sema::DeduceTemplateArguments(clang::FunctionTemplateDecl*, clang::TemplateArgumentListInfo*, llvm::ArrayRef<clang::Expr*>, clang::FunctionDecl*&, clang::sema::TemplateDeductionInfo&, bool, bool, bool, clang::QualType, clang::Expr::Classification, bool, llvm::function_ref<bool(llvm::ArrayRef<clang::QualType>, bool)>)':
/builddir/rocm-llvm-7.2.3/clang/lib/Sema/SemaTemplateDeduction.cpp:4558:27: note: 'InstScope' declared here
 4558 |   LocalInstantiationScope InstScope(*this);
      |                           ^~~~~~~~~
/builddir/rocm-llvm-7.2.3/clang/lib/Sema/SemaTemplateDeduction.cpp:4517:73: note: 'this' declared here
 4517 |     llvm::function_ref<bool(ArrayRef<QualType>, bool)> CheckNonDependent) {
      |                                                                         ^
[1741/4503] Building CXX object lib/SandboxIR/CMakeFiles/LLVMSandboxIR.dir/Region.cpp.o
[1742/4503] Building CXX object lib/SandboxIR/CMakeFiles/LLVMSandboxIR.dir/Context.cpp.o
[1743/4503] Building CXX object tools/clang/lib/Sema/CMakeFiles/obj.clangSema.dir/SemaExpr.cpp.o
/builddir/rocm-llvm-7.2.3/clang/lib/Sema/SemaExpr.cpp:20856:14: warning: 'clang::Expr* MaybeHandleAMDGPUPredicateBI(clang::Sema&, clang::Expr*, bool&)' defined but not used [-Wunused-function]
20856 | static Expr *MaybeHandleAMDGPUPredicateBI(Sema &Sema, Expr *E, bool &Invalid) {
      |              ^~~~~~~~~~~~~~~~~~~~~~~~~~~~
[1744/4503] Building CXX object tools/clang/lib/Sema/CMakeFiles/obj.clangSema.dir/SemaTemplate.cpp.o
[1745/4503] Building CXX object lib/SandboxIR/CMakeFiles/LLVMSandboxIR.dir/Instruction.cpp.o
[1746/4503] Building CXX object tools/clang/lib/Sema/CMakeFiles/obj.clangSema.dir/SemaTemplateInstantiate.cpp.o
[1747/4503] Building CXX object tools/clang/lib/Parse/CMakeFiles/obj.clangParse.dir/ParseAST.cpp.o
[1748/4503] Building CXX object tools/clang/lib/Sema/CMakeFiles/obj.clangSema.dir/SemaTemplateInstantiateDecl.cpp.o
[1749/4503] Building CXX object tools/clang/lib/Parse/CMakeFiles/obj.clangParse.dir/ParseCXXInlineMethods.cpp.o
[1750/4503] Building CXX object tools/clang/lib/Parse/CMakeFiles/obj.clangParse.dir/ParseHLSL.cpp.o
[1751/4503] Building CXX object tools/clang/lib/Parse/CMakeFiles/obj.clangParse.dir/ParseInit.cpp.o
[1752/4503] Building CXX object tools/clang/lib/Parse/CMakeFiles/obj.clangParse.dir/ParseHLSLRootSignature.cpp.o
[1753/4503] Building CXX object tools/clang/lib/Driver/CMakeFiles/obj.clangDriver.dir/Action.cpp.o
[1754/4503] Building CXX object tools/clang/lib/Parse/CMakeFiles/obj.clangParse.dir/ParseExprCXX.cpp.o
[1755/4503] Building CXX object tools/clang/lib/Parse/CMakeFiles/obj.clangParse.dir/ParseDeclCXX.cpp.o
[1756/4503] Building CXX object tools/clang/lib/Parse/CMakeFiles/obj.clangParse.dir/ParseExpr.cpp.o
[1757/4503] Building CXX object tools/clang/lib/Driver/CMakeFiles/obj.clangDriver.dir/Distro.cpp.o
[1758/4503] Building CXX object tools/clang/lib/Parse/CMakeFiles/obj.clangParse.dir/ParseObjc.cpp.o
[1759/4503] Building CXX object tools/clang/lib/Driver/CMakeFiles/obj.clangDriver.dir/DriverOptions.cpp.o
[1760/4503] Building CXX object tools/clang/lib/Parse/CMakeFiles/obj.clangParse.dir/ParseDecl.cpp.o
[1761/4503] Building CXX object tools/clang/lib/Parse/CMakeFiles/obj.clangParse.dir/ParseStmt.cpp.o
[1762/4503] Building CXX object tools/clang/lib/Driver/CMakeFiles/obj.clangDriver.dir/Compilation.cpp.o
[1763/4503] Building CXX object tools/clang/lib/Driver/CMakeFiles/obj.clangDriver.dir/Phases.cpp.o
[1764/4503] Building CXX object tools/clang/lib/Driver/CMakeFiles/obj.clangDriver.dir/Job.cpp.o
[1765/4503] Building CXX object tools/clang/lib/Parse/CMakeFiles/obj.clangParse.dir/ParseTentative.cpp.o
[1766/4503] Building CXX object tools/clang/lib/Parse/CMakeFiles/obj.clangParse.dir/ParseTemplate.cpp.o
[1767/4503] Building CXX object tools/clang/lib/Parse/CMakeFiles/obj.clangParse.dir/ParseStmtAsm.cpp.o
[1768/4503] Building CXX object tools/clang/lib/Driver/CMakeFiles/obj.clangDriver.dir/Tool.cpp.o
[1769/4503] Building CXX object tools/clang/lib/Parse/CMakeFiles/obj.clangParse.dir/ParsePragma.cpp.o
[1770/4503] Building CXX object tools/clang/lib/Driver/CMakeFiles/obj.clangDriver.dir/OptionUtils.cpp.o
[1771/4503] Building CXX object tools/clang/lib/Driver/CMakeFiles/obj.clangDriver.dir/MultilibBuilder.cpp.o
[1772/4503] Building CXX object tools/clang/lib/Parse/CMakeFiles/obj.clangParse.dir/ParseOpenMP.cpp.o
[1773/4503] Building CXX object tools/clang/lib/Driver/CMakeFiles/obj.clangDriver.dir/Multilib.cpp.o
[1774/4503] Building CXX object tools/clang/lib/Driver/CMakeFiles/obj.clangDriver.dir/ToolChains/Arch/M68k.cpp.o
[1775/4503] Building CXX object tools/clang/lib/Driver/CMakeFiles/obj.clangDriver.dir/ToolChains/Arch/AArch64.cpp.o
[1776/4503] Building CXX object tools/clang/lib/Driver/CMakeFiles/obj.clangDriver.dir/OffloadBundler.cpp.o
[1777/4503] Building CXX object tools/clang/lib/Driver/CMakeFiles/obj.clangDriver.dir/ToolChains/Arch/LoongArch.cpp.o
[1778/4503] Building CXX object tools/clang/lib/Driver/CMakeFiles/obj.clangDriver.dir/ToolChains/Arch/CSKY.cpp.o
[1779/4503] Building CXX object tools/clang/lib/Parse/CMakeFiles/obj.clangParse.dir/Parser.cpp.o
[1780/4503] Building CXX object tools/clang/lib/Driver/CMakeFiles/obj.clangDriver.dir/ToolChains/Arch/Mips.cpp.o
[1781/4503] Building CXX object tools/clang/lib/Driver/CMakeFiles/obj.clangDriver.dir/ToolChains/Arch/VE.cpp.o
[1782/4503] Building CXX object tools/clang/lib/Driver/CMakeFiles/obj.clangDriver.dir/ToolChains/Arch/ARM.cpp.o
[1783/4503] Building CXX object tools/clang/lib/Driver/CMakeFiles/obj.clangDriver.dir/ToolChains/Arch/PPC.cpp.o
[1784/4503] Building CXX object tools/clang/lib/Driver/CMakeFiles/obj.clangDriver.dir/ToolChains/Arch/Sparc.cpp.o
[1785/4503] Building CXX object tools/clang/lib/Driver/CMakeFiles/obj.clangDriver.dir/ToolChains/Arch/SystemZ.cpp.o
[1786/4503] Building CXX object tools/clang/lib/Driver/CMakeFiles/obj.clangDriver.dir/SanitizerArgs.cpp.o
[1787/4503] Building CXX object tools/clang/lib/Driver/CMakeFiles/obj.clangDriver.dir/ToolChains/Arch/RISCV.cpp.o
[1788/4503] Building CXX object tools/clang/lib/Parse/CMakeFiles/obj.clangParse.dir/ParseOpenACC.cpp.o
[1789/4503] Building CXX object tools/clang/lib/Driver/CMakeFiles/obj.clangDriver.dir/ToolChain.cpp.o
[1790/4503] Building CXX object tools/clang/lib/Driver/CMakeFiles/obj.clangDriver.dir/ToolChains/Arch/X86.cpp.o
[1791/4503] Building CXX object tools/clang/lib/Driver/CMakeFiles/obj.clangDriver.dir/ToolChains/AVR.cpp.o
[1792/4503] Building CXX object tools/clang/lib/Driver/CMakeFiles/obj.clangDriver.dir/ToolChains/AMDGPUOpenMP.cpp.o
[1793/4503] Building CXX object tools/clang/lib/Driver/CMakeFiles/obj.clangDriver.dir/ToolChains/CrossWindows.cpp.o
[1794/4503] Building CXX object tools/clang/lib/Driver/CMakeFiles/obj.clangDriver.dir/ToolChains/AIX.cpp.o
[1795/4503] Building CXX object tools/clang/lib/Driver/CMakeFiles/obj.clangDriver.dir/ToolChains/OpaqueOffloadLinker.cpp.o
[1796/4503] Building CXX object tools/clang/lib/Driver/CMakeFiles/obj.clangDriver.dir/ToolChains/Cygwin.cpp.o
[1797/4503] Building CXX object tools/clang/lib/Driver/CMakeFiles/obj.clangDriver.dir/ToolChains/DragonFly.cpp.o
[1798/4503] Building CXX object tools/clang/lib/Driver/CMakeFiles/obj.clangDriver.dir/ToolChains/CSKYToolChain.cpp.o
[1799/4503] Building CXX object tools/clang/lib/Driver/CMakeFiles/obj.clangDriver.dir/ToolChains/AMDGPU.cpp.o
[1800/4503] Building CXX object tools/clang/lib/Driver/CMakeFiles/obj.clangDriver.dir/ToolChains/BareMetal.cpp.o
[1801/4503] Building CXX object tools/clang/lib/Driver/CMakeFiles/obj.clangDriver.dir/ToolChains/Cuda.cpp.o
[1802/4503] Building CXX object tools/clang/lib/Driver/CMakeFiles/obj.clangDriver.dir/ToolChains/Haiku.cpp.o
[1803/4503] Building CXX object tools/clang/lib/Driver/CMakeFiles/obj.clangDriver.dir/ToolChains/FreeBSD.cpp.o
[1804/4503] Building CXX object tools/clang/lib/Driver/CMakeFiles/obj.clangDriver.dir/Driver.cpp.o
/builddir/rocm-llvm-7.2.3/clang/lib/Driver/Driver.cpp: In member function 'void clang::driver::Driver::BuildActions(clang::driver::Compilation&, llvm::opt::DerivedArgList&, const InputList&, clang::driver::ActionList&) const':
/builddir/rocm-llvm-7.2.3/clang/lib/Driver/Driver.cpp:4371:14: warning: unused variable 'FinalPhase' [-Wunused-variable]
 4371 |   phases::ID FinalPhase = getFinalPhase(Args, &FinalPhaseArg);
      |              ^~~~~~~~~~
[1805/4503] Building CXX object tools/clang/lib/Driver/CMakeFiles/obj.clangDriver.dir/ToolChains/Fuchsia.cpp.o
[1806/4503] Building CXX object tools/clang/lib/Sema/CMakeFiles/obj.clangSema.dir/SemaOpenMP.cpp.o
[1807/4503] Building CXX object tools/clang/lib/Driver/CMakeFiles/obj.clangDriver.dir/ToolChains/HIPSPV.cpp.o
[1808/4503] Building CXX object tools/clang/lib/Driver/CMakeFiles/obj.clangDriver.dir/ToolChains/Flang.cpp.o
[1809/4503] Linking CXX static library lib/libclangSema.a
[1810/4503] Building CXX object tools/clang/lib/Driver/CMakeFiles/obj.clangDriver.dir/ToolChains/HIPAMD.cpp.o
[1811/4503] Building CXX object tools/clang/lib/Driver/CMakeFiles/obj.clangDriver.dir/ToolChains/CommonArgs.cpp.o
[1812/4503] Building CXX object tools/clang/lib/Driver/CMakeFiles/obj.clangDriver.dir/ToolChains/HIPUtility.cpp.o
[1813/4503] Building CXX object tools/clang/lib/Driver/CMakeFiles/obj.clangDriver.dir/ToolChains/Hurd.cpp.o
[1814/4503] Building CXX object tools/clang/lib/Driver/CMakeFiles/obj.clangDriver.dir/ToolChains/Darwin.cpp.o
[1815/4503] Building CXX object tools/clang/lib/Driver/CMakeFiles/obj.clangDriver.dir/ToolChains/Hexagon.cpp.o
[1816/4503] Building CXX object tools/clang/lib/Driver/CMakeFiles/obj.clangDriver.dir/ToolChains/Managarm.cpp.o
[1817/4503] Building CXX object tools/clang/lib/Driver/CMakeFiles/obj.clangDriver.dir/ToolChains/MipsLinux.cpp.o
[1818/4503] Building CXX object tools/clang/lib/Driver/CMakeFiles/obj.clangDriver.dir/ToolChains/SPIRVOpenMP.cpp.o
[1819/4503] Building CXX object tools/clang/lib/Driver/CMakeFiles/obj.clangDriver.dir/ToolChains/OpenBSD.cpp.o
[1820/4503] Building CXX object tools/clang/lib/Driver/CMakeFiles/obj.clangDriver.dir/ToolChains/NetBSD.cpp.o
[1821/4503] Building CXX object tools/clang/lib/Driver/CMakeFiles/obj.clangDriver.dir/ToolChains/Linux.cpp.o
[1822/4503] Building CXX object tools/clang/lib/Driver/CMakeFiles/obj.clangDriver.dir/ToolChains/Gnu.cpp.o
[1823/4503] Building CXX object tools/clang/lib/Driver/CMakeFiles/obj.clangDriver.dir/ToolChains/MinGW.cpp.o
[1824/4503] Building CXX object tools/clang/lib/Driver/CMakeFiles/obj.clangDriver.dir/ToolChains/SYCL.cpp.o
[1825/4503] Building CXX object tools/clang/lib/Driver/CMakeFiles/obj.clangDriver.dir/ToolChains/SPIRV.cpp.o
[1826/4503] Building CXX object tools/clang/lib/Driver/CMakeFiles/obj.clangDriver.dir/ToolChains/Solaris.cpp.o
[1827/4503] Building CXX object tools/clang/lib/Driver/CMakeFiles/obj.clangDriver.dir/ToolChains/HLSL.cpp.o
[1828/4503] Building CXX object tools/clang/lib/Driver/CMakeFiles/obj.clangDriver.dir/ToolChains/MSVC.cpp.o
[1829/4503] Building CXX object tools/clang/lib/Driver/CMakeFiles/obj.clangDriver.dir/ToolChains/PS4CPU.cpp.o
[1830/4503] Building CXX object tools/clang/lib/Driver/CMakeFiles/obj.clangDriver.dir/ToolChains/TCE.cpp.o
[1831/4503] Building CXX object tools/clang/lib/Driver/CMakeFiles/obj.clangDriver.dir/ToolChains/OHOS.cpp.o
[1832/4503] Building CXX object tools/clang/lib/Driver/CMakeFiles/obj.clangDriver.dir/ToolChains/MSP430.cpp.o
[1833/4503] Building CXX object tools/clang/lib/Driver/CMakeFiles/obj.clangDriver.dir/ToolChains/UEFI.cpp.o
[1834/4503] Building CXX object tools/clang/lib/Driver/CMakeFiles/obj.clangDriver.dir/ToolChains/VEToolchain.cpp.o
[1835/4503] Building CXX object tools/clang/lib/Driver/CMakeFiles/obj.clangDriver.dir/ToolChains/Clang.cpp.o
[1836/4503] Building CXX object tools/clang/lib/Driver/CMakeFiles/obj.clangDriver.dir/ToolChains/PPCFreeBSD.cpp.o
[1837/4503] Building CXX object tools/clang/lib/Driver/CMakeFiles/obj.clangDriver.dir/ToolChains/XCore.cpp.o
[1838/4503] Building CXX object tools/clang/lib/Driver/CMakeFiles/obj.clangDriver.dir/Types.cpp.o
[1839/4503] Building CXX object tools/clang/lib/Driver/CMakeFiles/obj.clangDriver.dir/ToolChains/PPCLinux.cpp.o
[1840/4503] Building CXX object tools/clang/lib/Driver/CMakeFiles/obj.clangDriver.dir/ToolChains/InterfaceStubs.cpp.o
[1841/4503] Building CXX object tools/clang/lib/Serialization/CMakeFiles/obj.clangSerialization.dir/InMemoryModuleCache.cpp.o
[1842/4503] Building CXX object tools/clang/lib/Serialization/CMakeFiles/obj.clangSerialization.dir/ModuleFileExtension.cpp.o
[1843/4503] Building CXX object tools/clang/lib/Driver/CMakeFiles/obj.clangDriver.dir/ToolChains/ZOS.cpp.o
[1844/4503] Building CXX object tools/clang/lib/Driver/CMakeFiles/obj.clangDriver.dir/XRayArgs.cpp.o
[1845/4503] Building CXX object tools/clang/lib/Serialization/CMakeFiles/obj.clangSerialization.dir/PCHContainerOperations.cpp.o
[1846/4503] Building CXX object tools/clang/lib/Driver/CMakeFiles/obj.clangDriver.dir/ToolChains/WebAssembly.cpp.o
[1847/4503] Linking CXX static library lib/libclangToolingCore.a
[1848/4503] Building CXX object tools/clang/lib/Serialization/CMakeFiles/obj.clangSerialization.dir/ASTCommon.cpp.o
[1849/4503] Building CXX object tools/clang/lib/Serialization/CMakeFiles/obj.clangSerialization.dir/ObjectFilePCHContainerReader.cpp.o
[1850/4503] Linking CXX static library lib/libLLVMCGData.a
[1851/4503] Building CXX object tools/clang/lib/Tooling/Inclusions/CMakeFiles/obj.clangToolingInclusions.dir/IncludeStyle.cpp.o
[1852/4503] Building CXX object tools/clang/lib/Serialization/CMakeFiles/obj.clangSerialization.dir/ModuleCache.cpp.o
[1853/4503] Building CXX object tools/clang/lib/Serialization/CMakeFiles/obj.clangSerialization.dir/ModuleFile.cpp.o
[1854/4503] Building CXX object tools/clang/lib/Tooling/Inclusions/CMakeFiles/obj.clangToolingInclusions.dir/HeaderAnalysis.cpp.o
[1855/4503] Building CXX object tools/clang/lib/Serialization/CMakeFiles/obj.clangSerialization.dir/TemplateArgumentHasher.cpp.o
[1856/4503] Building CXX object lib/CodeGen/CMakeFiles/LLVMCodeGen.dir/AllocationOrder.cpp.o
[1857/4503] Building CXX object tools/clang/lib/Tooling/Inclusions/CMakeFiles/obj.clangToolingInclusions.dir/HeaderIncludes.cpp.o
[1858/4503] Building CXX object tools/clang/lib/Serialization/CMakeFiles/obj.clangSerialization.dir/ModuleManager.cpp.o
[1859/4503] Building CXX object tools/clang/lib/Serialization/CMakeFiles/obj.clangSerialization.dir/GlobalModuleIndex.cpp.o
[1860/4503] Building CXX object tools/clang/lib/Serialization/CMakeFiles/obj.clangSerialization.dir/GeneratePCH.cpp.o
[1861/4503] Building CXX object lib/CodeGen/CMakeFiles/LLVMCodeGen.dir/AggressiveAntiDepBreaker.cpp.o
[1862/4503] Building CXX object lib/CodeGen/CMakeFiles/LLVMCodeGen.dir/BranchRelaxation.cpp.o
[1863/4503] Building CXX object lib/CodeGen/CMakeFiles/LLVMCodeGen.dir/BasicBlockSections.cpp.o
[1864/4503] Building CXX object lib/CodeGen/CMakeFiles/LLVMCodeGen.dir/BreakFalseDeps.cpp.o
[1865/4503] Building CXX object lib/CodeGen/CMakeFiles/LLVMCodeGen.dir/Analysis.cpp.o
[1866/4503] Building CXX object lib/CodeGen/CMakeFiles/LLVMCodeGen.dir/BasicBlockPathCloning.cpp.o
[1867/4503] Building CXX object lib/CodeGen/CMakeFiles/LLVMCodeGen.dir/AtomicExpandPass.cpp.o
[1868/4503] Building CXX object lib/CodeGen/CMakeFiles/LLVMCodeGen.dir/BranchFolding.cpp.o
[1869/4503] Building CXX object tools/clang/lib/Serialization/CMakeFiles/obj.clangSerialization.dir/ASTWriterStmt.cpp.o
[1870/4503] Building CXX object tools/clang/lib/Serialization/CMakeFiles/obj.clangSerialization.dir/ASTReaderStmt.cpp.o
[1871/4503] Building CXX object lib/CodeGen/CMakeFiles/LLVMCodeGen.dir/CodeGen.cpp.o
[1872/4503] Building CXX object lib/CodeGen/CMakeFiles/LLVMCodeGen.dir/CallBrPrepare.cpp.o
[1873/4503] Building CXX object lib/CodeGen/CMakeFiles/LLVMCodeGen.dir/CFGuardLongjmp.cpp.o
[1874/4503] Building CXX object tools/clang/lib/Serialization/CMakeFiles/obj.clangSerialization.dir/ASTWriterDecl.cpp.o
[1875/4503] Building CXX object lib/CodeGen/CMakeFiles/LLVMCodeGen.dir/BasicBlockSectionsProfileReader.cpp.o
[1876/4503] Building CXX object lib/CodeGen/CMakeFiles/LLVMCodeGen.dir/CalcSpillWeights.cpp.o
[1877/4503] Building CXX object lib/CodeGen/CMakeFiles/LLVMCodeGen.dir/CallingConvLower.cpp.o
[1878/4503] Building CXX object lib/CodeGen/CMakeFiles/LLVMCodeGen.dir/CFIFixup.cpp.o
[1879/4503] Building CXX object lib/CodeGen/CMakeFiles/LLVMCodeGen.dir/BasicTargetTransformInfo.cpp.o
[1880/4503] Building CXX object lib/CodeGen/CMakeFiles/LLVMCodeGen.dir/DetectDeadLanes.cpp.o
[1881/4503] Building CXX object lib/CodeGen/CMakeFiles/LLVMCodeGen.dir/CFIInstrInserter.cpp.o
[1882/4503] Building CXX object lib/CodeGen/CMakeFiles/LLVMCodeGen.dir/DeadMachineInstructionElim.cpp.o
[1883/4503] Building CXX object lib/CodeGen/CMakeFiles/LLVMCodeGen.dir/CodeGenCommonISel.cpp.o
[1884/4503] Building CXX object lib/CodeGen/CMakeFiles/LLVMCodeGen.dir/AssignmentTrackingAnalysis.cpp.o
[1885/4503] Building CXX object lib/CodeGen/CMakeFiles/LLVMCodeGen.dir/DroppedVariableStatsMIR.cpp.o
[1886/4503] Building CXX object lib/CodeGen/CMakeFiles/LLVMCodeGen.dir/CriticalAntiDepBreaker.cpp.o
[1887/4503] Building CXX object lib/CodeGen/CMakeFiles/LLVMCodeGen.dir/CommandFlags.cpp.o
[1888/4503] Building CXX object lib/CodeGen/CMakeFiles/LLVMCodeGen.dir/EdgeBundles.cpp.o
[1889/4503] Building CXX object lib/CodeGen/CMakeFiles/LLVMCodeGen.dir/DFAPacketizer.cpp.o
[1890/4503] Building CXX object lib/CodeGen/CMakeFiles/LLVMCodeGen.dir/EHContGuardTargets.cpp.o
[1891/4503] Building CXX object lib/CodeGen/CMakeFiles/LLVMCodeGen.dir/ExecutionDomainFix.cpp.o
[1892/4503] Building CXX object lib/CodeGen/CMakeFiles/LLVMCodeGen.dir/EarlyIfConversion.cpp.o
[1893/4503] Building CXX object lib/CodeGen/CMakeFiles/LLVMCodeGen.dir/DwarfEHPrepare.cpp.o
[1894/4503] Building CXX object lib/CodeGen/CMakeFiles/LLVMCodeGen.dir/ExpandLargeDivRem.cpp.o
[1895/4503] Building CXX object lib/CodeGen/CMakeFiles/LLVMCodeGen.dir/ExpandPostRAPseudos.cpp.o
[1896/4503] Building CXX object lib/CodeGen/CMakeFiles/LLVMCodeGen.dir/ComplexDeinterleavingPass.cpp.o
[1897/4503] Building CXX object lib/CodeGen/CMakeFiles/LLVMCodeGen.dir/ExpandReductions.cpp.o
[1898/4503] Building CXX object lib/CodeGen/CMakeFiles/LLVMCodeGen.dir/FEntryInserter.cpp.o
[1899/4503] Building CXX object lib/CodeGen/CMakeFiles/LLVMCodeGen.dir/GCMetadataPrinter.cpp.o
[1900/4503] Building CXX object tools/clang/lib/Serialization/CMakeFiles/obj.clangSerialization.dir/ASTReaderDecl.cpp.o
[1901/4503] Building CXX object lib/CodeGen/CMakeFiles/LLVMCodeGen.dir/ExpandVectorPredication.cpp.o
[1902/4503] Building CXX object lib/CodeGen/CMakeFiles/LLVMCodeGen.dir/FuncletLayout.cpp.o
[1903/4503] Building CXX object lib/CodeGen/CMakeFiles/LLVMCodeGen.dir/FaultMaps.cpp.o
[1904/4503] Building CXX object lib/CodeGen/CMakeFiles/LLVMCodeGen.dir/ExpandMemCmp.cpp.o
[1905/4503] Building CXX object lib/CodeGen/CMakeFiles/LLVMCodeGen.dir/GCMetadata.cpp.o
[1906/4503] Building CXX object lib/CodeGen/CMakeFiles/LLVMCodeGen.dir/ExpandFp.cpp.o
[1907/4503] Building CXX object lib/CodeGen/CMakeFiles/LLVMCodeGen.dir/MachineFunctionAnalysis.cpp.o
[1908/4503] Building CXX object lib/CodeGen/CMakeFiles/LLVMCodeGen.dir/FinalizeISel.cpp.o
[1909/4503] Building CXX object lib/CodeGen/CMakeFiles/LLVMCodeGen.dir/IndirectBrExpandPass.cpp.o
[1910/4503] Building CXX object lib/CodeGen/CMakeFiles/LLVMCodeGen.dir/InterferenceCache.cpp.o
[1911/4503] Building CXX object lib/CodeGen/CMakeFiles/LLVMCodeGen.dir/ImplicitNullChecks.cpp.o
[1912/4503] Building CXX object lib/CodeGen/CMakeFiles/LLVMCodeGen.dir/InitUndef.cpp.o
[1913/4503] Building CXX object lib/CodeGen/CMakeFiles/LLVMCodeGen.dir/HardwareLoops.cpp.o
[1914/4503] Building CXX object lib/CodeGen/CMakeFiles/LLVMCodeGen.dir/FixupStatepointCallerSaved.cpp.o
[1915/4503] Building CXX object lib/CodeGen/CMakeFiles/LLVMCodeGen.dir/GCRootLowering.cpp.o
[1916/4503] Building CXX object lib/CodeGen/CMakeFiles/LLVMCodeGen.dir/GlobalMergeFunctions.cpp.o
[1917/4503] Building CXX object lib/CodeGen/CMakeFiles/LLVMCodeGen.dir/GlobalMerge.cpp.o
[1918/4503] Building CXX object lib/CodeGen/CMakeFiles/LLVMCodeGen.dir/IntrinsicLowering.cpp.o
[1919/4503] Building CXX object lib/CodeGen/CMakeFiles/LLVMCodeGen.dir/JMCInstrumenter.cpp.o
[1920/4503] Building CXX object lib/CodeGen/CMakeFiles/LLVMCodeGen.dir/IfConversion.cpp.o
[1921/4503] Building CXX object lib/CodeGen/CMakeFiles/LLVMCodeGen.dir/LazyMachineBlockFrequencyInfo.cpp.o
[1922/4503] Building CXX object lib/CodeGen/CMakeFiles/LLVMCodeGen.dir/LatencyPriorityQueue.cpp.o
[1923/4503] Building CXX object tools/clang/lib/Serialization/CMakeFiles/obj.clangSerialization.dir/ASTWriter.cpp.o
[1924/4503] Building CXX object lib/CodeGen/CMakeFiles/LLVMCodeGen.dir/InlineSpiller.cpp.o
[1925/4503] Building CXX object lib/CodeGen/CMakeFiles/LLVMCodeGen.dir/KCFI.cpp.o
[1926/4503] Building CXX object lib/CodeGen/CMakeFiles/LLVMCodeGen.dir/LiveIntervalUnion.cpp.o
[1927/4503] Building CXX object lib/CodeGen/CMakeFiles/LLVMCodeGen.dir/LexicalScopes.cpp.o
[1928/4503] Building CXX object lib/CodeGen/CMakeFiles/LLVMCodeGen.dir/InterleavedAccessPass.cpp.o
[1929/4503] Building CXX object lib/CodeGen/CMakeFiles/LLVMCodeGen.dir/LiveInterval.cpp.o
[1930/4503] Building CXX object lib/CodeGen/CMakeFiles/LLVMCodeGen.dir/InterleavedLoadCombinePass.cpp.o
[1931/4503] Building CXX object lib/CodeGen/CMakeFiles/LLVMCodeGen.dir/LivePhysRegs.cpp.o
[1932/4503] Building CXX object lib/CodeGen/CMakeFiles/LLVMCodeGen.dir/CodeGenPrepare.cpp.o
[1933/4503] Building CXX object lib/CodeGen/CMakeFiles/LLVMCodeGen.dir/LiveIntervalCalc.cpp.o
[1934/4503] Building CXX object lib/CodeGen/CMakeFiles/LLVMCodeGen.dir/LiveRangeCalc.cpp.o
[1935/4503] Building CXX object lib/CodeGen/CMakeFiles/LLVMCodeGen.dir/LowLevelTypeUtils.cpp.o
[1936/4503] Building CXX object lib/CodeGen/CMakeFiles/LLVMCodeGen.dir/LiveRegUnits.cpp.o
[1937/4503] Building CXX object lib/CodeGen/CMakeFiles/LLVMCodeGen.dir/LiveRangeShrink.cpp.o
[1938/4503] Building CXX object lib/CodeGen/CMakeFiles/LLVMCodeGen.dir/LoopTraversal.cpp.o
[1939/4503] Building CXX object lib/CodeGen/CMakeFiles/LLVMCodeGen.dir/LiveRegMatrix.cpp.o
[1940/4503] Building CXX object lib/CodeGen/CMakeFiles/LLVMCodeGen.dir/LiveRangeEdit.cpp.o
[1941/4503] Building CXX object lib/CodeGen/CMakeFiles/LLVMCodeGen.dir/LiveStacks.cpp.o
[1942/4503] Building CXX object lib/CodeGen/CMakeFiles/LLVMCodeGen.dir/LiveIntervals.cpp.o
[1943/4503] Building CXX object lib/CodeGen/CMakeFiles/LLVMCodeGen.dir/LocalStackSlotAllocation.cpp.o
[1944/4503] Building CXX object lib/CodeGen/CMakeFiles/LLVMCodeGen.dir/MachineBranchProbabilityInfo.cpp.o
[1945/4503] Building CXX object lib/CodeGen/CMakeFiles/LLVMCodeGen.dir/LowerEmuTLS.cpp.o
[1946/4503] Building CXX object lib/CodeGen/CMakeFiles/LLVMCodeGen.dir/MachineCFGPrinter.cpp.o
[1947/4503] Building CXX object lib/CodeGen/CMakeFiles/LLVMCodeGen.dir/LiveVariables.cpp.o
[1948/4503] Building CXX object lib/CodeGen/CMakeFiles/LLVMCodeGen.dir/LiveDebugVariables.cpp.o
[1949/4503] Building CXX object lib/CodeGen/CMakeFiles/LLVMCodeGen.dir/MachineCombiner.cpp.o
[1950/4503] Building CXX object lib/CodeGen/CMakeFiles/LLVMCodeGen.dir/MachineConvergenceVerifier.cpp.o
[1951/4503] Building CXX object lib/CodeGen/CMakeFiles/LLVMCodeGen.dir/MachineBlockFrequencyInfo.cpp.o
[1952/4503] Building CXX object tools/clang/lib/Serialization/CMakeFiles/obj.clangSerialization.dir/ASTReader.cpp.o
[1953/4503] Building CXX object lib/CodeGen/CMakeFiles/LLVMCodeGen.dir/MachineCheckDebugify.cpp.o
[1954/4503] Building CXX object lib/CodeGen/CMakeFiles/LLVMCodeGen.dir/MachineDominanceFrontier.cpp.o
[1955/4503] Building CXX object lib/CodeGen/CMakeFiles/LLVMCodeGen.dir/MachineCSE.cpp.o
[1956/4503] Building CXX object lib/CodeGen/CMakeFiles/LLVMCodeGen.dir/MachineDomTreeUpdater.cpp.o
[1957/4503] Building CXX object lib/CodeGen/CMakeFiles/LLVMCodeGen.dir/MachineCycleAnalysis.cpp.o
[1958/4503] Building CXX object lib/CodeGen/CMakeFiles/LLVMCodeGen.dir/CodeGenTargetMachineImpl.cpp.o
[1959/4503] Building CXX object lib/CodeGen/CMakeFiles/LLVMCodeGen.dir/MachineCopyPropagation.cpp.o
[1960/4503] Building CXX object lib/CodeGen/CMakeFiles/LLVMCodeGen.dir/MachineBasicBlock.cpp.o
[1961/4503] Building CXX object lib/CodeGen/CMakeFiles/LLVMCodeGen.dir/MachineFunctionPrinterPass.cpp.o
[1962/4503] Building CXX object lib/CodeGen/CMakeFiles/LLVMCodeGen.dir/MachineFrameInfo.cpp.o
[1963/4503] Building CXX object lib/CodeGen/CMakeFiles/LLVMCodeGen.dir/MachineDebugify.cpp.o
[1964/4503] Building CXX object lib/CodeGen/CMakeFiles/LLVMCodeGen.dir/MachineDominators.cpp.o
[1965/4503] Building CXX object lib/CodeGen/CMakeFiles/LLVMCodeGen.dir/MachineInstrBundle.cpp.o
[1966/4503] Building CXX object lib/CodeGen/CMakeFiles/LLVMCodeGen.dir/MachineBlockPlacement.cpp.o
[1967/4503] Building CXX object lib/CodeGen/CMakeFiles/LLVMCodeGen.dir/MachineFunctionPass.cpp.o
[1968/4503] Building CXX object lib/CodeGen/CMakeFiles/LLVMCodeGen.dir/MachineModuleInfoImpls.cpp.o
[1969/4503] Building CXX object lib/CodeGen/CMakeFiles/LLVMCodeGen.dir/MachineModuleSlotTracker.cpp.o
[1970/4503] Building CXX object lib/CodeGen/CMakeFiles/LLVMCodeGen.dir/MachineOptimizationRemarkEmitter.cpp.o
[1971/4503] Building CXX object lib/CodeGen/CMakeFiles/LLVMCodeGen.dir/MachineLoopUtils.cpp.o
[1972/4503] Building CXX object lib/CodeGen/CMakeFiles/LLVMCodeGen.dir/MachineFunctionSplitter.cpp.o
[1973/4503] Building CXX object lib/CodeGen/CMakeFiles/LLVMCodeGen.dir/MachineLateInstrsCleanup.cpp.o
[1974/4503] Building CXX object lib/CodeGen/CMakeFiles/LLVMCodeGen.dir/MachineModuleInfo.cpp.o
[1975/4503] Building CXX object lib/CodeGen/CMakeFiles/LLVMCodeGen.dir/MachineOperand.cpp.o
[1976/4503] Building CXX object lib/CodeGen/CMakeFiles/LLVMCodeGen.dir/MachineLoopInfo.cpp.o
[1977/4503] Building CXX object lib/CodeGen/CMakeFiles/LLVMCodeGen.dir/MachineSizeOpts.cpp.o
[1978/4503] Building CXX object lib/CodeGen/CMakeFiles/LLVMCodeGen.dir/MachineSSAContext.cpp.o
[1979/4503] Building CXX object lib/CodeGen/CMakeFiles/LLVMCodeGen.dir/MachineRegisterInfo.cpp.o
[1980/4503] Building CXX object lib/CodeGen/CMakeFiles/LLVMCodeGen.dir/MachinePassManager.cpp.o
[1981/4503] Building CXX object lib/CodeGen/CMakeFiles/LLVMCodeGen.dir/MachineFunction.cpp.o
[1982/4503] Building CXX object lib/CodeGen/CMakeFiles/LLVMCodeGen.dir/MachinePostDominators.cpp.o
[1983/4503] Building CXX object lib/CodeGen/CMakeFiles/LLVMCodeGen.dir/MachineInstr.cpp.o
[1984/4503] Building CXX object lib/CodeGen/CMakeFiles/LLVMCodeGen.dir/MachineSSAUpdater.cpp.o
[1985/4503] Building CXX object lib/CodeGen/CMakeFiles/LLVMCodeGen.dir/MachineLICM.cpp.o
[1986/4503] Building CXX object lib/CodeGen/CMakeFiles/LLVMCodeGen.dir/MachineRegionInfo.cpp.o
[1987/4503] Building CXX object lib/CodeGen/CMakeFiles/LLVMCodeGen.dir/MachineStripDebug.cpp.o
[1988/4503] Building CXX object lib/CodeGen/CMakeFiles/LLVMCodeGen.dir/MultiHazardRecognizer.cpp.o
[1989/4503] Building CXX object lib/CodeGen/CMakeFiles/LLVMCodeGen.dir/MIRYamlMapping.cpp.o
[1990/4503] Building CXX object lib/CodeGen/CMakeFiles/LLVMCodeGen.dir/MachineTraceMetrics.cpp.o
[1991/4503] Building CXX object lib/CodeGen/CMakeFiles/LLVMCodeGen.dir/MBFIWrapper.cpp.o
[1992/4503] Building CXX object lib/CodeGen/CMakeFiles/LLVMCodeGen.dir/NonRelocatableStringpool.cpp.o
[1993/4503] Building CXX object lib/CodeGen/CMakeFiles/LLVMCodeGen.dir/MIRFSDiscriminator.cpp.o
[1994/4503] Building CXX object lib/CodeGen/CMakeFiles/LLVMCodeGen.dir/PatchableFunction.cpp.o
[1995/4503] Building CXX object lib/CodeGen/CMakeFiles/LLVMCodeGen.dir/MachineOutliner.cpp.o
[1996/4503] Building CXX object lib/CodeGen/CMakeFiles/LLVMCodeGen.dir/MLRegAllocPriorityAdvisor.cpp.o
[1997/4503] Building CXX object lib/CodeGen/CMakeFiles/LLVMCodeGen.dir/MLRegAllocEvictAdvisor.cpp.o
[1998/4503] Building CXX object lib/CodeGen/CMakeFiles/LLVMCodeGen.dir/MIRPrintingPass.cpp.o
[1999/4503] Building CXX object lib/CodeGen/CMakeFiles/LLVMCodeGen.dir/MachineScheduler.cpp.o
[2000/4503] Building CXX object lib/CodeGen/CMakeFiles/LLVMCodeGen.dir/MachineUniformityAnalysis.cpp.o
[2001/4503] Building CXX object lib/CodeGen/CMakeFiles/LLVMCodeGen.dir/OptimizePHIs.cpp.o
[2002/4503] Building CXX object lib/CodeGen/CMakeFiles/LLVMCodeGen.dir/PHIEliminationUtils.cpp.o
[2003/4503] Building CXX object lib/CodeGen/CMakeFiles/LLVMCodeGen.dir/MachineSink.cpp.o
[2004/4503] Building CXX object lib/CodeGen/CMakeFiles/LLVMCodeGen.dir/MacroFusion.cpp.o
[2005/4503] Building CXX object lib/CodeGen/CMakeFiles/LLVMCodeGen.dir/PostRAHazardRecognizer.cpp.o
[2006/4503] Building CXX object lib/CodeGen/CMakeFiles/LLVMCodeGen.dir/ProcessImplicitDefs.cpp.o
[2007/4503] Building CXX object lib/CodeGen/CMakeFiles/LLVMCodeGen.dir/PHIElimination.cpp.o
[2008/4503] Building CXX object lib/CodeGen/CMakeFiles/LLVMCodeGen.dir/MIRSampleProfile.cpp.o
[2009/4503] Building CXX object lib/CodeGen/CMakeFiles/LLVMCodeGen.dir/PeepholeOptimizer.cpp.o
[2010/4503] Building CXX object lib/CodeGen/CMakeFiles/LLVMCodeGen.dir/MachineVerifier.cpp.o
[2011/4503] Building CXX object lib/CodeGen/CMakeFiles/LLVMCodeGen.dir/PseudoProbeInserter.cpp.o
[2012/4503] Building CXX object lib/CodeGen/CMakeFiles/LLVMCodeGen.dir/ModuloSchedule.cpp.o
[2013/4503] Building CXX object lib/CodeGen/CMakeFiles/LLVMCodeGen.dir/PseudoSourceValue.cpp.o
[2014/4503] Building CXX object lib/CodeGen/CMakeFiles/LLVMCodeGen.dir/PostRASchedulerList.cpp.o
[2015/4503] Building CXX object lib/CodeGen/CMakeFiles/LLVMCodeGen.dir/RDFRegisters.cpp.o
[2016/4503] Building CXX object lib/CodeGen/CMakeFiles/LLVMCodeGen.dir/MachinePipeliner.cpp.o
[2017/4503] Building CXX object lib/CodeGen/CMakeFiles/LLVMCodeGen.dir/PreISelIntrinsicLowering.cpp.o
[2018/4503] Building CXX object lib/CodeGen/CMakeFiles/LLVMCodeGen.dir/MIRPrinter.cpp.o
[2019/4503] Building CXX object lib/CodeGen/CMakeFiles/LLVMCodeGen.dir/RegisterClassInfo.cpp.o
[2020/4503] Building CXX object lib/CodeGen/CMakeFiles/LLVMCodeGen.dir/RegAllocScore.cpp.o
[2021/4503] Building CXX object lib/CodeGen/CMakeFiles/LLVMCodeGen.dir/RegAllocBase.cpp.o
[2022/4503] Building CXX object lib/CodeGen/CMakeFiles/LLVMCodeGen.dir/RegAllocBasic.cpp.o
[2023/4503] Building CXX object lib/CodeGen/CMakeFiles/LLVMCodeGen.dir/RegAllocPriorityAdvisor.cpp.o
[2024/4503] Building CXX object lib/CodeGen/CMakeFiles/LLVMCodeGen.dir/RegAllocEvictionAdvisor.cpp.o
[2025/4503] Building CXX object lib/CodeGen/CMakeFiles/LLVMCodeGen.dir/ReachingDefAnalysis.cpp.o
[2026/4503] Building CXX object lib/CodeGen/CMakeFiles/LLVMCodeGen.dir/RDFLiveness.cpp.o
[2027/4503] Building CXX object lib/CodeGen/CMakeFiles/LLVMCodeGen.dir/RDFGraph.cpp.o
[2028/4503] Building CXX object lib/CodeGen/CMakeFiles/LLVMCodeGen.dir/PrologEpilogInserter.cpp.o
[2029/4503] Building CXX object lib/CodeGen/CMakeFiles/LLVMCodeGen.dir/GCEmptyBasicBlocks.cpp.o
[2030/4503] Building CXX object lib/CodeGen/CMakeFiles/LLVMCodeGen.dir/MIRNamerPass.cpp.o
[2031/4503] Building CXX object lib/CodeGen/CMakeFiles/LLVMCodeGen.dir/RegAllocFast.cpp.o
[2032/4503] Building CXX object lib/CodeGen/CMakeFiles/LLVMCodeGen.dir/RegisterScavenging.cpp.o
[2033/4503] Building CXX object lib/CodeGen/CMakeFiles/LLVMCodeGen.dir/RegisterPressure.cpp.o
[2034/4503] Building CXX object lib/CodeGen/CMakeFiles/LLVMCodeGen.dir/MachineStableHash.cpp.o
[2035/4503] Building CXX object lib/CodeGen/CMakeFiles/LLVMCodeGen.dir/MIRVRegNamerUtils.cpp.o
[2036/4503] Building CXX object lib/CodeGen/CMakeFiles/LLVMCodeGen.dir/RegUsageInfoPropagate.cpp.o
[2037/4503] Building CXX object lib/CodeGen/CMakeFiles/LLVMCodeGen.dir/RegUsageInfoCollector.cpp.o
[2038/4503] Building CXX object lib/CodeGen/CMakeFiles/LLVMCodeGen.dir/RegisterUsageInfo.cpp.o
[2039/4503] Building CXX object lib/CodeGen/CMakeFiles/LLVMCodeGen.dir/RenameIndependentSubregs.cpp.o
[2040/4503] Building CXX object lib/CodeGen/CMakeFiles/LLVMCodeGen.dir/RemoveRedundantDebugValues.cpp.o
[2041/4503] Building CXX object lib/CodeGen/CMakeFiles/LLVMCodeGen.dir/RegAllocPBQP.cpp.o
[2042/4503] Building CXX object lib/CodeGen/CMakeFiles/LLVMCodeGen.dir/RegisterBank.cpp.o
[2043/4503] Building CXX object lib/CodeGen/CMakeFiles/LLVMCodeGen.dir/RemoveLoadsIntoFakeUses.cpp.o
[2044/4503] Building CXX object lib/CodeGen/CMakeFiles/LLVMCodeGen.dir/MIRCanonicalizerPass.cpp.o
[2045/4503] Building CXX object lib/CodeGen/CMakeFiles/LLVMCodeGen.dir/SafeStackLayout.cpp.o
[2046/4503] Building CXX object lib/CodeGen/CMakeFiles/LLVMCodeGen.dir/RegisterCoalescer.cpp.o
[2047/4503] Building CXX object lib/CodeGen/CMakeFiles/LLVMCodeGen.dir/ResetMachineFunctionPass.cpp.o
[2048/4503] Building CXX object lib/CodeGen/CMakeFiles/LLVMCodeGen.dir/RegAllocGreedy.cpp.o
[2049/4503] Building CXX object lib/CodeGen/CMakeFiles/LLVMCodeGen.dir/RegisterBankInfo.cpp.o
[2050/4503] Building CXX object lib/CodeGen/CMakeFiles/LLVMCodeGen.dir/ReplaceWithVeclib.cpp.o
[2051/4503] Building CXX object lib/CodeGen/CMakeFiles/LLVMCodeGen.dir/SanitizerBinaryMetadata.cpp.o
[2052/4503] Building CXX object lib/CodeGen/CMakeFiles/LLVMCodeGen.dir/ScheduleDAGPrinter.cpp.o
[2053/4503] Building CXX object lib/CodeGen/CMakeFiles/LLVMCodeGen.dir/ScoreboardHazardRecognizer.cpp.o
[2054/4503] Building CXX object lib/CodeGen/CMakeFiles/LLVMCodeGen.dir/SlotIndexes.cpp.o
[2055/4503] Building CXX object lib/CodeGen/CMakeFiles/LLVMCodeGen.dir/SpillPlacement.cpp.o
[2056/4503] Building CXX object lib/CodeGen/CMakeFiles/LLVMCodeGen.dir/ShadowStackGCLowering.cpp.o
[2057/4503] Building CXX object lib/CodeGen/CMakeFiles/LLVMCodeGen.dir/ScheduleDAG.cpp.o
[2058/4503] Building CXX object lib/CodeGen/CMakeFiles/LLVMCodeGen.dir/SjLjEHPrepare.cpp.o
[2059/4503] Building CXX object lib/CodeGen/CMakeFiles/LLVMCodeGen.dir/StackMapLivenessAnalysis.cpp.o
[2060/4503] Building CXX object lib/CodeGen/CMakeFiles/LLVMCodeGen.dir/StaticDataAnnotator.cpp.o
[2061/4503] Building CXX object lib/CodeGen/CMakeFiles/LLVMCodeGen.dir/StaticDataSplitter.cpp.o
[2062/4503] Building CXX object lib/CodeGen/CMakeFiles/LLVMCodeGen.dir/SafeStack.cpp.o
[2063/4503] Building CXX object lib/CodeGen/CMakeFiles/LLVMCodeGen.dir/StackFrameLayoutAnalysisPass.cpp.o
[2064/4503] Building CXX object lib/CodeGen/CMakeFiles/LLVMCodeGen.dir/ScheduleDAGInstrs.cpp.o
[2065/4503] Building CXX object lib/CodeGen/CMakeFiles/LLVMCodeGen.dir/ShrinkWrap.cpp.o
[2066/4503] Building CXX object lib/CodeGen/CMakeFiles/LLVMCodeGen.dir/StackMaps.cpp.o
[2067/4503] Building CXX object lib/CodeGen/CMakeFiles/LLVMCodeGen.dir/TailDuplication.cpp.o
[2068/4503] Building CXX object lib/CodeGen/CMakeFiles/LLVMCodeGen.dir/StackSlotColoring.cpp.o
[2069/4503] Building CXX object lib/CodeGen/CMakeFiles/LLVMCodeGen.dir/SplitKit.cpp.o
[2070/4503] Building CXX object lib/CodeGen/CMakeFiles/LLVMCodeGen.dir/SelectOptimize.cpp.o
[2071/4503] Building CXX object lib/CodeGen/CMakeFiles/LLVMCodeGen.dir/SwiftErrorValueTracking.cpp.o
[2072/4503] Building CXX object lib/CodeGen/CMakeFiles/LLVMCodeGen.dir/StackColoring.cpp.o
[2073/4503] Building CXX object lib/CodeGen/CMakeFiles/LLVMCodeGen.dir/SwitchLoweringUtils.cpp.o
[2074/4503] Building CXX object lib/CodeGen/CMakeFiles/LLVMCodeGen.dir/TargetOptionsImpl.cpp.o
[2075/4503] Building CXX object lib/CodeGen/CMakeFiles/LLVMCodeGen.dir/TargetSubtargetInfo.cpp.o
[2076/4503] Building CXX object lib/CodeGen/CMakeFiles/LLVMCodeGen.dir/StackProtector.cpp.o
[2077/4503] Building CXX object lib/CodeGen/CMakeFiles/LLVMCodeGen.dir/ValueTypes.cpp.o
[2078/4503] Building CXX object lib/CodeGen/CMakeFiles/LLVMCodeGen.dir/TargetFrameLoweringImpl.cpp.o
[2079/4503] Building CXX object lib/CodeGen/CMakeFiles/LLVMCodeGen.dir/TargetSchedule.cpp.o
[2080/4503] Building CXX object lib/CodeGen/CMakeFiles/LLVMCodeGen.dir/TailDuplicator.cpp.o
[2081/4503] Building CXX object lib/CodeGen/CMakeFiles/LLVMCodeGen.dir/TargetRegisterInfo.cpp.o
[2082/4503] Building CXX object lib/CodeGen/CMakeFiles/LLVMCodeGen.dir/UnreachableBlockElim.cpp.o
[2083/4503] Building CXX object lib/CodeGen/CMakeFiles/LLVMCodeGen.dir/WasmEHPrepare.cpp.o
[2084/4503] Building CXX object lib/CodeGen/CMakeFiles/LLVMCodeGen.dir/TargetLoweringObjectFileImpl.cpp.o
[2085/4503] Building CXX object lib/CodeGen/CMakeFiles/LLVMCodeGen.dir/TargetInstrInfo.cpp.o
[2086/4503] Building CXX object lib/CodeGen/CMakeFiles/LLVMCodeGen.dir/TargetPassConfig.cpp.o
[2087/4503] Building CXX object lib/CodeGen/CMakeFiles/LLVMCodeGen.dir/VirtRegMap.cpp.o
[2088/4503] Building CXX object lib/CodeGen/CMakeFiles/LLVMCodeGen.dir/XRayInstrumentation.cpp.o
[2089/4503] Building CXX object lib/CodeGen/CMakeFiles/LLVMCodeGen.dir/VLIWMachineScheduler.cpp.o
[2090/4503] Building CXX object lib/CodeGen/CMakeFiles/LLVMCodeGen.dir/TargetLoweringBase.cpp.o
[2091/4503] Building CXX object lib/CodeGen/CMakeFiles/LLVMCodeGen.dir/WindowsSecureHotPatching.cpp.o
[2092/4503] Building CXX object lib/CodeGen/CMakeFiles/LLVMCodeGen.dir/TwoAddressInstructionPass.cpp.o
[2093/4503] Building CXX object lib/CodeGen/CMakeFiles/LLVMCodeGen.dir/TypePromotion.cpp.o
[2094/4503] Building CXX object lib/CodeGen/CMakeFiles/LLVMCodeGen.dir/LiveDebugValues/LiveDebugValues.cpp.o
[2095/4503] Building CXX object lib/CodeGen/CMakeFiles/LLVMCodeGen.dir/WinEHPrepare.cpp.o
[2096/4503] Building CXX object lib/Transforms/Instrumentation/CMakeFiles/LLVMInstrumentation.dir/BoundsChecking.cpp.o
[2097/4503] Building CXX object lib/Transforms/Instrumentation/CMakeFiles/LLVMInstrumentation.dir/CGProfile.cpp.o
[2098/4503] Building CXX object lib/Transforms/Instrumentation/CMakeFiles/LLVMInstrumentation.dir/BlockCoverageInference.cpp.o
[2099/4503] Building CXX object lib/CodeGen/CMakeFiles/LLVMCodeGen.dir/WindowScheduler.cpp.o
[2100/4503] Building CXX object lib/Transforms/Instrumentation/CMakeFiles/LLVMInstrumentation.dir/MemProfInstrumentation.cpp.o
[2101/4503] Building CXX object lib/Transforms/Instrumentation/CMakeFiles/LLVMInstrumentation.dir/KCFI.cpp.o
[2102/4503] Building CXX object lib/Transforms/Instrumentation/CMakeFiles/LLVMInstrumentation.dir/LowerAllowCheckPass.cpp.o
[2103/4503] Building CXX object lib/Transforms/Instrumentation/CMakeFiles/LLVMInstrumentation.dir/PGOForceFunctionAttrs.cpp.o
[2104/4503] Building CXX object lib/Transforms/Instrumentation/CMakeFiles/LLVMInstrumentation.dir/NumericalStabilitySanitizer.cpp.o
[2105/4503] Building CXX object lib/Transforms/Instrumentation/CMakeFiles/LLVMInstrumentation.dir/GCOVProfiling.cpp.o
[2106/4503] Building CXX object lib/Transforms/Instrumentation/CMakeFiles/LLVMInstrumentation.dir/ControlHeightReduction.cpp.o
[2107/4503] Building CXX object lib/Transforms/Instrumentation/CMakeFiles/LLVMInstrumentation.dir/MemProfUse.cpp.o
[2108/4503] Building CXX object lib/Transforms/Instrumentation/CMakeFiles/LLVMInstrumentation.dir/AddressSanitizer.cpp.o
[2109/4503] Building CXX object lib/CodeGen/CMakeFiles/LLVMCodeGen.dir/LiveDebugValues/VarLocBasedImpl.cpp.o
[2110/4503] Building CXX object lib/Transforms/Instrumentation/CMakeFiles/LLVMInstrumentation.dir/PGOCtxProfFlattening.cpp.o
[2111/4503] Building CXX object lib/Transforms/Instrumentation/CMakeFiles/LLVMInstrumentation.dir/DataFlowSanitizer.cpp.o
[2112/4503] Building CXX object lib/Transforms/Instrumentation/CMakeFiles/LLVMInstrumentation.dir/PGOCtxProfLowering.cpp.o
[2113/4503] Building CXX object lib/Transforms/Instrumentation/CMakeFiles/LLVMInstrumentation.dir/InstrProfiling.cpp.o
[2114/4503] Building CXX object lib/Transforms/Instrumentation/CMakeFiles/LLVMInstrumentation.dir/RealtimeSanitizer.cpp.o
[2115/4503] Building CXX object lib/Transforms/Instrumentation/CMakeFiles/LLVMInstrumentation.dir/IndirectCallPromotion.cpp.o
[2116/4503] Building CXX object lib/Transforms/Instrumentation/CMakeFiles/LLVMInstrumentation.dir/ValueProfileCollector.cpp.o
[2117/4503] Building CXX object lib/Transforms/Instrumentation/CMakeFiles/LLVMInstrumentation.dir/MemorySanitizer.cpp.o
[2118/4503] Building CXX object lib/Transforms/Instrumentation/CMakeFiles/LLVMInstrumentation.dir/PGOMemOPSizeOpt.cpp.o
[2119/4503] Building CXX object lib/Transforms/Instrumentation/CMakeFiles/LLVMInstrumentation.dir/SanitizerBinaryMetadata.cpp.o
[2120/4503] Building CXX object lib/Transforms/Instrumentation/CMakeFiles/LLVMInstrumentation.dir/SanitizerCoverage.cpp.o
[2121/4503] Building CXX object lib/Transforms/Instrumentation/CMakeFiles/LLVMInstrumentation.dir/ThreadSanitizer.cpp.o
[2122/4503] Building CXX object lib/Transforms/Instrumentation/CMakeFiles/LLVMInstrumentation.dir/TypeSanitizer.cpp.o
[2123/4503] Building CXX object lib/Transforms/Vectorize/CMakeFiles/LLVMVectorize.dir/LoopIdiomVectorize.cpp.o
[2124/4503] Building CXX object lib/Transforms/Vectorize/CMakeFiles/LLVMVectorize.dir/SandboxVectorizer/Interval.cpp.o
[2125/4503] Building CXX object lib/Transforms/Vectorize/CMakeFiles/LLVMVectorize.dir/SandboxVectorizer/InstrMaps.cpp.o
[2126/4503] Building CXX object lib/Transforms/Vectorize/CMakeFiles/LLVMVectorize.dir/SandboxVectorizer/DependencyGraph.cpp.o
[2127/4503] Building CXX object lib/Transforms/Vectorize/CMakeFiles/LLVMVectorize.dir/LoadStoreVectorizer.cpp.o
[2128/4503] Building CXX object lib/CodeGen/CMakeFiles/LLVMCodeGen.dir/LiveDebugValues/InstrRefBasedImpl.cpp.o
[2129/4503] Building CXX object lib/Transforms/Vectorize/CMakeFiles/LLVMVectorize.dir/SandboxVectorizer/Passes/RegionsFromBBs.cpp.o
[2130/4503] Building CXX object lib/Transforms/Vectorize/CMakeFiles/LLVMVectorize.dir/SandboxVectorizer/Passes/PackReuse.cpp.o
[2131/4503] Building CXX object lib/Transforms/Instrumentation/CMakeFiles/LLVMInstrumentation.dir/HWAddressSanitizer.cpp.o
[2132/4503] Building CXX object lib/Transforms/Vectorize/CMakeFiles/LLVMVectorize.dir/SandboxVectorizer/Passes/RegionsFromMetadata.cpp.o
[2133/4503] Building CXX object lib/Transforms/Vectorize/CMakeFiles/LLVMVectorize.dir/SandboxVectorizer/Legality.cpp.o
[2134/4503] Building CXX object lib/Transforms/Instrumentation/CMakeFiles/LLVMInstrumentation.dir/PGOInstrumentation.cpp.o
[2135/4503] Building CXX object lib/Transforms/Vectorize/CMakeFiles/LLVMVectorize.dir/Vectorize.cpp.o
[2136/4503] Building CXX object lib/Transforms/Vectorize/CMakeFiles/LLVMVectorize.dir/LoopVectorizationLegality.cpp.o
[2137/4503] Building CXX object lib/Transforms/Vectorize/CMakeFiles/LLVMVectorize.dir/SandboxVectorizer/Passes/BottomUpVec.cpp.o
[2138/4503] Building CXX object lib/Transforms/Vectorize/CMakeFiles/LLVMVectorize.dir/SandboxVectorizer/Passes/TransactionSave.cpp.o
[2139/4503] Building CXX object lib/Transforms/Vectorize/CMakeFiles/LLVMVectorize.dir/SandboxVectorizer/Passes/TransactionAcceptOrRevert.cpp.o
[2140/4503] Building CXX object lib/Transforms/Vectorize/CMakeFiles/LLVMVectorize.dir/SandboxVectorizer/SandboxVectorizer.cpp.o
[2141/4503] Building CXX object lib/Transforms/Vectorize/CMakeFiles/LLVMVectorize.dir/SandboxVectorizer/Passes/SeedCollection.cpp.o
[2142/4503] Building CXX object lib/Transforms/Vectorize/CMakeFiles/LLVMVectorize.dir/SandboxVectorizer/VecUtils.cpp.o
[2143/4503] Building CXX object lib/Transforms/Vectorize/CMakeFiles/LLVMVectorize.dir/SandboxVectorizer/Scheduler.cpp.o
[2144/4503] Building CXX object lib/Transforms/Vectorize/CMakeFiles/LLVMVectorize.dir/SandboxVectorizer/SandboxVectorizerPassBuilder.cpp.o
[2145/4503] Linking CXX static library lib/libLLVMObjCARCOpts.a
[2146/4503] Building CXX object lib/Transforms/Vectorize/CMakeFiles/LLVMVectorize.dir/SandboxVectorizer/SeedCollector.cpp.o
[2147/4503] Linking CXX static library lib/libLLVMTarget.a
[2148/4503] Linking CXX static library lib/libLLVMSandboxIR.a
[2149/4503] Linking CXX static library lib/libclangParse.a
[2150/4503] Linking CXX static library lib/libclangDriver.a
[2151/4503] Linking CXX static library lib/libclangSerialization.a
[2152/4503] Building CXX object lib/Transforms/Vectorize/CMakeFiles/LLVMVectorize.dir/VPlanPredicator.cpp.o
[2153/4503] Building CXX object lib/Linker/CMakeFiles/LLVMLinker.dir/LinkModules.cpp.o
[2154/4503] Building CXX object lib/Transforms/Vectorize/CMakeFiles/LLVMVectorize.dir/VPlanSLP.cpp.o
[2155/4503] Building CXX object lib/Transforms/Vectorize/CMakeFiles/LLVMVectorize.dir/VPlanConstruction.cpp.o
[2156/4503] Building CXX object lib/Transforms/Vectorize/CMakeFiles/LLVMVectorize.dir/VPlanAnalysis.cpp.o
[2157/4503] Building CXX object lib/Transforms/Vectorize/CMakeFiles/LLVMVectorize.dir/VPlanUtils.cpp.o
In file included from /builddir/rocm-llvm-7.2.3/llvm/lib/Transforms/Vectorize/VPlanUtils.cpp:11:
/builddir/rocm-llvm-7.2.3/llvm/lib/Transforms/Vectorize/VPlanPatternMatch.h: In instantiation of 'bool llvm::VPlanPatternMatch::Recipe_match<Ops_t, Opcode, Commutative, RecipeTys>::all_of_tuple_elements(std::index_sequence<Idx ...>, Fn) const [with Fn = llvm::VPlanPatternMatch::Recipe_match<std::tuple<>, 77, false, llvm::VPInstruction>::match(const llvm::VPRecipeBase*) const::<lambda(auto:35, unsigned int)>; long unsigned int ...Is = {}; Ops_t = std::tuple<>; unsigned int Opcode = 77; bool Commutative = false; RecipeTys = {llvm::VPInstruction}; std::index_sequence<Idx ...> = std::integer_sequence<long unsigned int>]':
/builddir/rocm-llvm-7.2.3/llvm/lib/Transforms/Vectorize/VPlanPatternMatch.h:282:30:   required from 'bool llvm::VPlanPatternMatch::Recipe_match<Ops_t, Opcode, Commutative, RecipeTys>::match(const llvm::VPRecipeBase*) const [with Ops_t = std::tuple<>; unsigned int Opcode = 77; bool Commutative = false; RecipeTys = {llvm::VPInstruction}]'
  282 |     if (all_of_tuple_elements(IdxSeq, [R](auto Op, unsigned Idx) {
      |         ~~~~~~~~~~~~~~~~~~~~~^~~~~~~~~~~~~~~~~~~~~~~~~~~~~~~~~~~~~
  283 |           return Op.match(R->getOperand(Idx));
      |           ~~~~~~~~~~~~~~~~~~~~~~~~~~~~~~~~~~~~
  284 |         }))
      |         ~~                    
/builddir/rocm-llvm-7.2.3/llvm/lib/Transforms/Vectorize/VPlanPatternMatch.h:24:17:   required from 'bool llvm::VPlanPatternMatch::match(Val*, const Pattern&) [with Val = llvm::VPRecipeBase; Pattern = Recipe_match<std::tuple<>, 77, false, llvm::VPInstruction>]'
   24 |   return P.match(V);
      |          ~~~~~~~^~~
/builddir/rocm-llvm-7.2.3/llvm/lib/Transforms/Vectorize/VPlanUtils.cpp:99:14:   required from here
   99 |     if (match(V->getDefiningRecipe(),
      |         ~~~~~^~~~~~~~~~~~~~~~~~~~~~~~
  100 |               m_VPInstruction<VPInstruction::CanonicalIVIncrementForPart>()))
      |               ~~~~~~~~~~~~~~~~~~~~~~~~~~~~~~~~~~~~~~~~~~~~~~~~~~~~~~~~~~~~~~
/builddir/rocm-llvm-7.2.3/llvm/lib/Transforms/Vectorize/VPlanPatternMatch.h:309:61: warning: parameter 'P' set but not used [-Wunused-but-set-parameter]
  309 |   bool all_of_tuple_elements(std::index_sequence<Is...>, Fn P) const {
      |                                                          ~~~^
/builddir/rocm-llvm-7.2.3/llvm/lib/Transforms/Vectorize/VPlanPatternMatch.h: In instantiation of 'bool llvm::VPlanPatternMatch::Recipe_match<Ops_t, Opcode, Commutative, RecipeTys>::all_of_tuple_elements(std::index_sequence<Idx ...>, Fn) const [with Fn = llvm::VPlanPatternMatch::Recipe_match<std::tuple<>, 77, false, llvm::VPInstruction>::match(const llvm::VPRecipeBase*) const::<lambda(auto:36, unsigned int)>; long unsigned int ...Is = {}; Ops_t = std::tuple<>; unsigned int Opcode = 77; bool Commutative = false; RecipeTys = {llvm::VPInstruction}; std::index_sequence<Idx ...> = std::integer_sequence<long unsigned int>]':
/builddir/rocm-llvm-7.2.3/llvm/lib/Transforms/Vectorize/VPlanPatternMatch.h:288:33:   required from 'bool llvm::VPlanPatternMatch::Recipe_match<Ops_t, Opcode, Commutative, RecipeTys>::match(const llvm::VPRecipeBase*) const [with Ops_t = std::tuple<>; unsigned int Opcode = 77; bool Commutative = false; RecipeTys = {llvm::VPInstruction}]'
  288 |            all_of_tuple_elements(IdxSeq, [R](auto Op, unsigned Idx) {
      |            ~~~~~~~~~~~~~~~~~~~~~^~~~~~~~~~~~~~~~~~~~~~~~~~~~~~~~~~~~~
  289 |              return Op.match(R->getOperand(R->getNumOperands() - Idx - 1));
      |              ~~~~~~~~~~~~~~~~~~~~~~~~~~~~~~~~~~~~~~~~~~~~~~~~~~~~~~~~~~~~~~
  290 |            });
      |            ~~                    
/builddir/rocm-llvm-7.2.3/llvm/lib/Transforms/Vectorize/VPlanPatternMatch.h:24:17:   required from 'bool llvm::VPlanPatternMatch::match(Val*, const Pattern&) [with Val = llvm::VPRecipeBase; Pattern = Recipe_match<std::tuple<>, 77, false, llvm::VPInstruction>]'
   24 |   return P.match(V);
      |          ~~~~~~~^~~
/builddir/rocm-llvm-7.2.3/llvm/lib/Transforms/Vectorize/VPlanUtils.cpp:99:14:   required from here
   99 |     if (match(V->getDefiningRecipe(),
      |         ~~~~~^~~~~~~~~~~~~~~~~~~~~~~~
  100 |               m_VPInstruction<VPInstruction::CanonicalIVIncrementForPart>()))
      |               ~~~~~~~~~~~~~~~~~~~~~~~~~~~~~~~~~~~~~~~~~~~~~~~~~~~~~~~~~~~~~~
/builddir/rocm-llvm-7.2.3/llvm/lib/Transforms/Vectorize/VPlanPatternMatch.h:309:61: warning: parameter 'P' set but not used [-Wunused-but-set-parameter]
  309 |   bool all_of_tuple_elements(std::index_sequence<Is...>, Fn P) const {
      |                                                          ~~~^
[2158/4503] Building CXX object tools/clang/lib/Frontend/CMakeFiles/obj.clangFrontend.dir/ChainedDiagnosticConsumer.cpp.o
[2159/4503] Building CXX object lib/Transforms/Vectorize/CMakeFiles/LLVMVectorize.dir/VPlanVerifier.cpp.o
[2160/4503] Building CXX object lib/Transforms/Vectorize/CMakeFiles/LLVMVectorize.dir/VPlanUnroll.cpp.o
In file included from /builddir/rocm-llvm-7.2.3/llvm/lib/Transforms/Vectorize/VPlanUnroll.cpp:19:
/builddir/rocm-llvm-7.2.3/llvm/lib/Transforms/Vectorize/VPlanPatternMatch.h: In instantiation of 'bool llvm::VPlanPatternMatch::Recipe_match<Ops_t, Opcode, Commutative, RecipeTys>::all_of_tuple_elements(std::index_sequence<Idx ...>, Fn) const [with Fn = llvm::VPlanPatternMatch::Recipe_match<std::tuple<>, 77, false, llvm::VPInstruction>::match(const llvm::VPRecipeBase*) const::<lambda(auto:35, unsigned int)>; long unsigned int ...Is = {}; Ops_t = std::tuple<>; unsigned int Opcode = 77; bool Commutative = false; RecipeTys = {llvm::VPInstruction}; std::index_sequence<Idx ...> = std::integer_sequence<long unsigned int>]':
/builddir/rocm-llvm-7.2.3/llvm/lib/Transforms/Vectorize/VPlanPatternMatch.h:282:30:   required from 'bool llvm::VPlanPatternMatch::Recipe_match<Ops_t, Opcode, Commutative, RecipeTys>::match(const llvm::VPRecipeBase*) const [with Ops_t = std::tuple<>; unsigned int Opcode = 77; bool Commutative = false; RecipeTys = {llvm::VPInstruction}]'
  282 |     if (all_of_tuple_elements(IdxSeq, [R](auto Op, unsigned Idx) {
      |         ~~~~~~~~~~~~~~~~~~~~~^~~~~~~~~~~~~~~~~~~~~~~~~~~~~~~~~~~~~
  283 |           return Op.match(R->getOperand(Idx));
      |           ~~~~~~~~~~~~~~~~~~~~~~~~~~~~~~~~~~~~
  284 |         }))
      |         ~~                    
/builddir/rocm-llvm-7.2.3/llvm/lib/Transforms/Vectorize/VPlanPatternMatch.h:24:17:   required from 'bool llvm::VPlanPatternMatch::match(Val*, const Pattern&) [with Val = llvm::VPRecipeBase; Pattern = Recipe_match<std::tuple<>, 77, false, llvm::VPInstruction>]'
   24 |   return P.match(V);
      |          ~~~~~~~^~~
/builddir/rocm-llvm-7.2.3/llvm/lib/Transforms/Vectorize/VPlanUnroll.cpp:320:14:   required from here
  320 |         match(Copy,
      |         ~~~~~^~~~~~
  321 |               m_VPInstruction<VPInstruction::CanonicalIVIncrementForPart>()))
      |               ~~~~~~~~~~~~~~~~~~~~~~~~~~~~~~~~~~~~~~~~~~~~~~~~~~~~~~~~~~~~~~
/builddir/rocm-llvm-7.2.3/llvm/lib/Transforms/Vectorize/VPlanPatternMatch.h:309:61: warning: parameter 'P' set but not used [-Wunused-but-set-parameter]
  309 |   bool all_of_tuple_elements(std::index_sequence<Is...>, Fn P) const {
      |                                                          ~~~^
/builddir/rocm-llvm-7.2.3/llvm/lib/Transforms/Vectorize/VPlanPatternMatch.h: In instantiation of 'bool llvm::VPlanPatternMatch::Recipe_match<Ops_t, Opcode, Commutative, RecipeTys>::all_of_tuple_elements(std::index_sequence<Idx ...>, Fn) const [with Fn = llvm::VPlanPatternMatch::Recipe_match<std::tuple<>, 77, false, llvm::VPInstruction>::match(const llvm::VPRecipeBase*) const::<lambda(auto:36, unsigned int)>; long unsigned int ...Is = {}; Ops_t = std::tuple<>; unsigned int Opcode = 77; bool Commutative = false; RecipeTys = {llvm::VPInstruction}; std::index_sequence<Idx ...> = std::integer_sequence<long unsigned int>]':
/builddir/rocm-llvm-7.2.3/llvm/lib/Transforms/Vectorize/VPlanPatternMatch.h:288:33:   required from 'bool llvm::VPlanPatternMatch::Recipe_match<Ops_t, Opcode, Commutative, RecipeTys>::match(const llvm::VPRecipeBase*) const [with Ops_t = std::tuple<>; unsigned int Opcode = 77; bool Commutative = false; RecipeTys = {llvm::VPInstruction}]'
  288 |            all_of_tuple_elements(IdxSeq, [R](auto Op, unsigned Idx) {
      |            ~~~~~~~~~~~~~~~~~~~~~^~~~~~~~~~~~~~~~~~~~~~~~~~~~~~~~~~~~~
  289 |              return Op.match(R->getOperand(R->getNumOperands() - Idx - 1));
      |              ~~~~~~~~~~~~~~~~~~~~~~~~~~~~~~~~~~~~~~~~~~~~~~~~~~~~~~~~~~~~~~
  290 |            });
      |            ~~                    
/builddir/rocm-llvm-7.2.3/llvm/lib/Transforms/Vectorize/VPlanPatternMatch.h:24:17:   required from 'bool llvm::VPlanPatternMatch::match(Val*, const Pattern&) [with Val = llvm::VPRecipeBase; Pattern = Recipe_match<std::tuple<>, 77, false, llvm::VPInstruction>]'
   24 |   return P.match(V);
      |          ~~~~~~~^~~
/builddir/rocm-llvm-7.2.3/llvm/lib/Transforms/Vectorize/VPlanUnroll.cpp:320:14:   required from here
  320 |         match(Copy,
      |         ~~~~~^~~~~~
  321 |               m_VPInstruction<VPInstruction::CanonicalIVIncrementForPart>()))
      |               ~~~~~~~~~~~~~~~~~~~~~~~~~~~~~~~~~~~~~~~~~~~~~~~~~~~~~~~~~~~~~~
/builddir/rocm-llvm-7.2.3/llvm/lib/Transforms/Vectorize/VPlanPatternMatch.h:309:61: warning: parameter 'P' set but not used [-Wunused-but-set-parameter]
  309 |   bool all_of_tuple_elements(std::index_sequence<Is...>, Fn P) const {
      |                                                          ~~~^
/builddir/rocm-llvm-7.2.3/llvm/lib/Transforms/Vectorize/VPlanPatternMatch.h: In instantiation of 'bool llvm::VPlanPatternMatch::Recipe_match<Ops_t, Opcode, Commutative, RecipeTys>::all_of_tuple_elements(std::index_sequence<Idx ...>, Fn) const [with Fn = llvm::VPlanPatternMatch::Recipe_match<std::tuple<>, 82, false, llvm::VPInstruction>::match(const llvm::VPRecipeBase*) const::<lambda(auto:35, unsigned int)>; long unsigned int ...Is = {}; Ops_t = std::tuple<>; unsigned int Opcode = 82; bool Commutative = false; RecipeTys = {llvm::VPInstruction}; std::index_sequence<Idx ...> = std::integer_sequence<long unsigned int>]':
/builddir/rocm-llvm-7.2.3/llvm/lib/Transforms/Vectorize/VPlanPatternMatch.h:282:30:   required from 'bool llvm::VPlanPatternMatch::Recipe_match<Ops_t, Opcode, Commutative, RecipeTys>::match(const llvm::VPRecipeBase*) const [with Ops_t = std::tuple<>; unsigned int Opcode = 82; bool Commutative = false; RecipeTys = {llvm::VPInstruction}]'
  282 |     if (all_of_tuple_elements(IdxSeq, [R](auto Op, unsigned Idx) {
      |         ~~~~~~~~~~~~~~~~~~~~~^~~~~~~~~~~~~~~~~~~~~~~~~~~~~~~~~~~~~
  283 |           return Op.match(R->getOperand(Idx));
      |           ~~~~~~~~~~~~~~~~~~~~~~~~~~~~~~~~~~~~
  284 |         }))
      |         ~~                    
/builddir/rocm-llvm-7.2.3/llvm/lib/Transforms/Vectorize/VPlanPatternMatch.h:258:25:   required from 'bool llvm::VPlanPatternMatch::Recipe_match<Ops_t, Opcode, Commutative, RecipeTys>::match(const llvm::VPValue*) const [with Ops_t = std::tuple<>; unsigned int Opcode = 82; bool Commutative = false; RecipeTys = {llvm::VPInstruction}]'
  258 |     return DefR && match(DefR);
      |                    ~~~~~^~~~~~
/builddir/rocm-llvm-7.2.3/llvm/lib/Transforms/Vectorize/VPlanPatternMatch.h:24:17:   required from 'bool llvm::VPlanPatternMatch::match(Val*, const Pattern&) [with Val = llvm::VPValue; Pattern = Recipe_match<std::tuple<>, 82, false, llvm::VPInstruction>]'
   24 |   return P.match(V);
      |          ~~~~~~~^~~
/builddir/rocm-llvm-7.2.3/llvm/lib/Transforms/Vectorize/VPlanUnroll.cpp:494:14:   required from here
  494 |     if (match(Op, m_BuildVector())) {
      |         ~~~~~^~~~~~~~~~~~~~~~~~~~~
/builddir/rocm-llvm-7.2.3/llvm/lib/Transforms/Vectorize/VPlanPatternMatch.h:309:61: warning: parameter 'P' set but not used [-Wunused-but-set-parameter]
  309 |   bool all_of_tuple_elements(std::index_sequence<Is...>, Fn P) const {
      |                                                          ~~~^
/builddir/rocm-llvm-7.2.3/llvm/lib/Transforms/Vectorize/VPlanPatternMatch.h: In instantiation of 'bool llvm::VPlanPatternMatch::Recipe_match<Ops_t, Opcode, Commutative, RecipeTys>::all_of_tuple_elements(std::index_sequence<Idx ...>, Fn) const [with Fn = llvm::VPlanPatternMatch::Recipe_match<std::tuple<>, 82, false, llvm::VPInstruction>::match(const llvm::VPRecipeBase*) const::<lambda(auto:36, unsigned int)>; long unsigned int ...Is = {}; Ops_t = std::tuple<>; unsigned int Opcode = 82; bool Commutative = false; RecipeTys = {llvm::VPInstruction}; std::index_sequence<Idx ...> = std::integer_sequence<long unsigned int>]':
/builddir/rocm-llvm-7.2.3/llvm/lib/Transforms/Vectorize/VPlanPatternMatch.h:288:33:   required from 'bool llvm::VPlanPatternMatch::Recipe_match<Ops_t, Opcode, Commutative, RecipeTys>::match(const llvm::VPRecipeBase*) const [with Ops_t = std::tuple<>; unsigned int Opcode = 82; bool Commutative = false; RecipeTys = {llvm::VPInstruction}]'
  288 |            all_of_tuple_elements(IdxSeq, [R](auto Op, unsigned Idx) {
      |            ~~~~~~~~~~~~~~~~~~~~~^~~~~~~~~~~~~~~~~~~~~~~~~~~~~~~~~~~~~
  289 |              return Op.match(R->getOperand(R->getNumOperands() - Idx - 1));
      |              ~~~~~~~~~~~~~~~~~~~~~~~~~~~~~~~~~~~~~~~~~~~~~~~~~~~~~~~~~~~~~~
  290 |            });
      |            ~~                    
/builddir/rocm-llvm-7.2.3/llvm/lib/Transforms/Vectorize/VPlanPatternMatch.h:258:25:   required from 'bool llvm::VPlanPatternMatch::Recipe_match<Ops_t, Opcode, Commutative, RecipeTys>::match(const llvm::VPValue*) const [with Ops_t = std::tuple<>; unsigned int Opcode = 82; bool Commutative = false; RecipeTys = {llvm::VPInstruction}]'
  258 |     return DefR && match(DefR);
      |                    ~~~~~^~~~~~
/builddir/rocm-llvm-7.2.3/llvm/lib/Transforms/Vectorize/VPlanPatternMatch.h:24:17:   required from 'bool llvm::VPlanPatternMatch::match(Val*, const Pattern&) [with Val = llvm::VPValue; Pattern = Recipe_match<std::tuple<>, 82, false, llvm::VPInstruction>]'
   24 |   return P.match(V);
      |          ~~~~~~~^~~
/builddir/rocm-llvm-7.2.3/llvm/lib/Transforms/Vectorize/VPlanUnroll.cpp:494:14:   required from here
  494 |     if (match(Op, m_BuildVector())) {
      |         ~~~~~^~~~~~~~~~~~~~~~~~~~~
/builddir/rocm-llvm-7.2.3/llvm/lib/Transforms/Vectorize/VPlanPatternMatch.h:309:61: warning: parameter 'P' set but not used [-Wunused-but-set-parameter]
  309 |   bool all_of_tuple_elements(std::index_sequence<Is...>, Fn P) const {
      |                                                          ~~~^
[2161/4503] Building CXX object lib/Linker/CMakeFiles/LLVMLinker.dir/IRMover.cpp.o
[2162/4503] Building CXX object lib/Transforms/Vectorize/CMakeFiles/LLVMVectorize.dir/VPlan.cpp.o
In file included from /builddir/rocm-llvm-7.2.3/llvm/lib/Transforms/Vectorize/VPlan.cpp:24:
/builddir/rocm-llvm-7.2.3/llvm/lib/Transforms/Vectorize/VPlanPatternMatch.h: In instantiation of 'bool llvm::VPlanPatternMatch::Recipe_match<Ops_t, Opcode, Commutative, RecipeTys>::all_of_tuple_elements(std::index_sequence<Idx ...>, Fn) const [with Fn = llvm::VPlanPatternMatch::Recipe_match<std::tuple<>, 82, false, llvm::VPInstruction>::match(const llvm::VPRecipeBase*) const::<lambda(auto:35, unsigned int)>; long unsigned int ...Is = {}; Ops_t = std::tuple<>; unsigned int Opcode = 82; bool Commutative = false; RecipeTys = {llvm::VPInstruction}; std::index_sequence<Idx ...> = std::integer_sequence<long unsigned int>]':
/builddir/rocm-llvm-7.2.3/llvm/lib/Transforms/Vectorize/VPlanPatternMatch.h:282:30:   required from 'bool llvm::VPlanPatternMatch::Recipe_match<Ops_t, Opcode, Commutative, RecipeTys>::match(const llvm::VPRecipeBase*) const [with Ops_t = std::tuple<>; unsigned int Opcode = 82; bool Commutative = false; RecipeTys = {llvm::VPInstruction}]'
  282 |     if (all_of_tuple_elements(IdxSeq, [R](auto Op, unsigned Idx) {
      |         ~~~~~~~~~~~~~~~~~~~~~^~~~~~~~~~~~~~~~~~~~~~~~~~~~~~~~~~~~~
  283 |           return Op.match(R->getOperand(Idx));
      |           ~~~~~~~~~~~~~~~~~~~~~~~~~~~~~~~~~~~~
  284 |         }))
      |         ~~                    
/builddir/rocm-llvm-7.2.3/llvm/lib/Transforms/Vectorize/VPlanPatternMatch.h:258:25:   required from 'bool llvm::VPlanPatternMatch::Recipe_match<Ops_t, Opcode, Commutative, RecipeTys>::match(const llvm::VPValue*) const [with Ops_t = std::tuple<>; unsigned int Opcode = 82; bool Commutative = false; RecipeTys = {llvm::VPInstruction}]'
  258 |     return DefR && match(DefR);
      |                    ~~~~~^~~~~~
/builddir/rocm-llvm-7.2.3/llvm/lib/Transforms/Vectorize/VPlanPatternMatch.h:24:17:   required from 'bool llvm::VPlanPatternMatch::match(Val*, const Pattern&) [with Val = const llvm::VPValue; Pattern = Recipe_match<std::tuple<>, 82, false, llvm::VPInstruction>]'
   24 |   return P.match(V);
      |          ~~~~~~~^~~
/builddir/rocm-llvm-7.2.3/llvm/lib/Transforms/Vectorize/VPlan.cpp:275:53:   required from here
  275 |   if (Lane.getKind() == VPLane::Kind::First && match(Def, m_BuildVector())) {
      |                                                ~~~~~^~~~~~~~~~~~~~~~~~~~~~
/builddir/rocm-llvm-7.2.3/llvm/lib/Transforms/Vectorize/VPlanPatternMatch.h:309:61: warning: parameter 'P' set but not used [-Wunused-but-set-parameter]
  309 |   bool all_of_tuple_elements(std::index_sequence<Is...>, Fn P) const {
      |                                                          ~~~^
/builddir/rocm-llvm-7.2.3/llvm/lib/Transforms/Vectorize/VPlanPatternMatch.h: In instantiation of 'bool llvm::VPlanPatternMatch::Recipe_match<Ops_t, Opcode, Commutative, RecipeTys>::all_of_tuple_elements(std::index_sequence<Idx ...>, Fn) const [with Fn = llvm::VPlanPatternMatch::Recipe_match<std::tuple<>, 82, false, llvm::VPInstruction>::match(const llvm::VPRecipeBase*) const::<lambda(auto:36, unsigned int)>; long unsigned int ...Is = {}; Ops_t = std::tuple<>; unsigned int Opcode = 82; bool Commutative = false; RecipeTys = {llvm::VPInstruction}; std::index_sequence<Idx ...> = std::integer_sequence<long unsigned int>]':
/builddir/rocm-llvm-7.2.3/llvm/lib/Transforms/Vectorize/VPlanPatternMatch.h:288:33:   required from 'bool llvm::VPlanPatternMatch::Recipe_match<Ops_t, Opcode, Commutative, RecipeTys>::match(const llvm::VPRecipeBase*) const [with Ops_t = std::tuple<>; unsigned int Opcode = 82; bool Commutative = false; RecipeTys = {llvm::VPInstruction}]'
  288 |            all_of_tuple_elements(IdxSeq, [R](auto Op, unsigned Idx) {
      |            ~~~~~~~~~~~~~~~~~~~~~^~~~~~~~~~~~~~~~~~~~~~~~~~~~~~~~~~~~~
  289 |              return Op.match(R->getOperand(R->getNumOperands() - Idx - 1));
      |              ~~~~~~~~~~~~~~~~~~~~~~~~~~~~~~~~~~~~~~~~~~~~~~~~~~~~~~~~~~~~~~
  290 |            });
      |            ~~                    
/builddir/rocm-llvm-7.2.3/llvm/lib/Transforms/Vectorize/VPlanPatternMatch.h:258:25:   required from 'bool llvm::VPlanPatternMatch::Recipe_match<Ops_t, Opcode, Commutative, RecipeTys>::match(const llvm::VPValue*) const [with Ops_t = std::tuple<>; unsigned int Opcode = 82; bool Commutative = false; RecipeTys = {llvm::VPInstruction}]'
  258 |     return DefR && match(DefR);
      |                    ~~~~~^~~~~~
/builddir/rocm-llvm-7.2.3/llvm/lib/Transforms/Vectorize/VPlanPatternMatch.h:24:17:   required from 'bool llvm::VPlanPatternMatch::match(Val*, const Pattern&) [with Val = const llvm::VPValue; Pattern = Recipe_match<std::tuple<>, 82, false, llvm::VPInstruction>]'
   24 |   return P.match(V);
      |          ~~~~~~~^~~
/builddir/rocm-llvm-7.2.3/llvm/lib/Transforms/Vectorize/VPlan.cpp:275:53:   required from here
  275 |   if (Lane.getKind() == VPLane::Kind::First && match(Def, m_BuildVector())) {
      |                                                ~~~~~^~~~~~~~~~~~~~~~~~~~~~
/builddir/rocm-llvm-7.2.3/llvm/lib/Transforms/Vectorize/VPlanPatternMatch.h:309:61: warning: parameter 'P' set but not used [-Wunused-but-set-parameter]
  309 |   bool all_of_tuple_elements(std::index_sequence<Is...>, Fn P) const {
      |                                                          ~~~^
[2163/4503] Building CXX object lib/Transforms/Vectorize/CMakeFiles/LLVMVectorize.dir/VPlanRecipes.cpp.o
[2164/4503] Building CXX object lib/Transforms/Vectorize/CMakeFiles/LLVMVectorize.dir/VectorCombine.cpp.o
[2165/4503] Building CXX object tools/clang/lib/Frontend/CMakeFiles/obj.clangFrontend.dir/DiagnosticRenderer.cpp.o
[2166/4503] Building CXX object tools/clang/lib/Frontend/CMakeFiles/obj.clangFrontend.dir/FrontendOptions.cpp.o
[2167/4503] Building CXX object tools/clang/lib/Frontend/CMakeFiles/obj.clangFrontend.dir/DependencyGraph.cpp.o
[2168/4503] Building CXX object tools/clang/lib/Frontend/CMakeFiles/obj.clangFrontend.dir/ASTMerge.cpp.o
[2169/4503] Building CXX object lib/Transforms/Vectorize/CMakeFiles/LLVMVectorize.dir/LoopVectorize.cpp.o
[2170/4503] Building CXX object tools/clang/lib/Frontend/CMakeFiles/obj.clangFrontend.dir/CreateInvocationFromCommandLine.cpp.o
[2171/4503] Building CXX object tools/clang/lib/Frontend/CMakeFiles/obj.clangFrontend.dir/LogDiagnosticPrinter.cpp.o
[2172/4503] Building CXX object tools/clang/lib/Frontend/CMakeFiles/obj.clangFrontend.dir/HeaderIncludeGen.cpp.o
[2173/4503] Building CXX object tools/clang/lib/Frontend/CMakeFiles/obj.clangFrontend.dir/ChainedIncludesSource.cpp.o
[2174/4503] Building CXX object tools/clang/lib/Frontend/CMakeFiles/obj.clangFrontend.dir/LayoutOverrideSource.cpp.o
[2175/4503] Building CXX object tools/clang/lib/Frontend/CMakeFiles/obj.clangFrontend.dir/DependencyFile.cpp.o
[2176/4503] Building CXX object tools/clang/lib/Frontend/CMakeFiles/obj.clangFrontend.dir/MultiplexConsumer.cpp.o
[2177/4503] Building CXX object tools/clang/lib/Frontend/CMakeFiles/obj.clangFrontend.dir/SARIFDiagnosticPrinter.cpp.o
[2178/4503] Building CXX object lib/Transforms/Vectorize/CMakeFiles/LLVMVectorize.dir/VPlanTransforms.cpp.o
In file included from /builddir/rocm-llvm-7.2.3/llvm/lib/Transforms/Vectorize/VPlanTransforms.cpp:21:
/builddir/rocm-llvm-7.2.3/llvm/lib/Transforms/Vectorize/VPlanPatternMatch.h: In instantiation of 'bool llvm::VPlanPatternMatch::Recipe_match<Ops_t, Opcode, Commutative, RecipeTys>::all_of_tuple_elements(std::index_sequence<Idx ...>, Fn) const [with Fn = llvm::VPlanPatternMatch::Recipe_match<std::tuple<>, 82, false, llvm::VPInstruction>::match(const llvm::VPRecipeBase*) const::<lambda(auto:35, unsigned int)>; long unsigned int ...Is = {}; Ops_t = std::tuple<>; unsigned int Opcode = 82; bool Commutative = false; RecipeTys = {llvm::VPInstruction}; std::index_sequence<Idx ...> = std::integer_sequence<long unsigned int>]':
/builddir/rocm-llvm-7.2.3/llvm/lib/Transforms/Vectorize/VPlanPatternMatch.h:282:30:   required from 'bool llvm::VPlanPatternMatch::Recipe_match<Ops_t, Opcode, Commutative, RecipeTys>::match(const llvm::VPRecipeBase*) const [with Ops_t = std::tuple<>; unsigned int Opcode = 82; bool Commutative = false; RecipeTys = {llvm::VPInstruction}]'
  282 |     if (all_of_tuple_elements(IdxSeq, [R](auto Op, unsigned Idx) {
      |         ~~~~~~~~~~~~~~~~~~~~~^~~~~~~~~~~~~~~~~~~~~~~~~~~~~~~~~~~~~
  283 |           return Op.match(R->getOperand(Idx));
      |           ~~~~~~~~~~~~~~~~~~~~~~~~~~~~~~~~~~~~
  284 |         }))
      |         ~~                    
/builddir/rocm-llvm-7.2.3/llvm/lib/Transforms/Vectorize/VPlanPatternMatch.h:258:25:   required from 'bool llvm::VPlanPatternMatch::Recipe_match<Ops_t, Opcode, Commutative, RecipeTys>::match(const llvm::VPValue*) const [with Ops_t = std::tuple<>; unsigned int Opcode = 82; bool Commutative = false; RecipeTys = {llvm::VPInstruction}]'
  258 |     return DefR && match(DefR);
      |                    ~~~~~^~~~~~
/builddir/rocm-llvm-7.2.3/llvm/lib/Transforms/Vectorize/VPlanPatternMatch.h:283:26:   required from 'llvm::VPlanPatternMatch::Recipe_match<std::tuple<llvm::VPlanPatternMatch::Recipe_match<std::tuple<>, 82, false, llvm::VPInstruction> >, 86, false, llvm::VPInstruction>::match(const llvm::VPRecipeBase*) const::<lambda(auto:35, unsigned int)> [with auto:35 = llvm::VPlanPatternMatch::Recipe_match<std::tuple<>, 82, false, llvm::VPInstruction>]'
  283 |           return Op.match(R->getOperand(Idx));
      |                  ~~~~~~~~^~~~~~~~~~~~~~~~~~~~
/builddir/rocm-llvm-7.2.3/llvm/lib/Transforms/Vectorize/VPlanPatternMatch.h:310:14:   required from 'bool llvm::VPlanPatternMatch::Recipe_match<Ops_t, Opcode, Commutative, RecipeTys>::all_of_tuple_elements(std::index_sequence<Idx ...>, Fn) const [with Fn = llvm::VPlanPatternMatch::Recipe_match<std::tuple<llvm::VPlanPatternMatch::Recipe_match<std::tuple<>, 82, false, llvm::VPInstruction> >, 86, false, llvm::VPInstruction>::match(const llvm::VPRecipeBase*) const::<lambda(auto:35, unsigned int)>; long unsigned int ...Is = {0}; Ops_t = std::tuple<llvm::VPlanPatternMatch::Recipe_match<std::tuple<>, 82, false, llvm::VPInstruction> >; unsigned int Opcode = 86; bool Commutative = false; RecipeTys = {llvm::VPInstruction}; std::index_sequence<Idx ...> = std::integer_sequence<long unsigned int, 0>]'
  310 |     return (P(std::get<Is>(Ops), Is) && ...);
      |             ~^~~~~~~~~~~~~~~~~~~~~~~
/builddir/rocm-llvm-7.2.3/llvm/lib/Transforms/Vectorize/VPlanPatternMatch.h:282:30:   required from 'bool llvm::VPlanPatternMatch::Recipe_match<Ops_t, Opcode, Commutative, RecipeTys>::match(const llvm::VPRecipeBase*) const [with Ops_t = std::tuple<llvm::VPlanPatternMatch::Recipe_match<std::tuple<>, 82, false, llvm::VPInstruction> >; unsigned int Opcode = 86; bool Commutative = false; RecipeTys = {llvm::VPInstruction}]'
  282 |     if (all_of_tuple_elements(IdxSeq, [R](auto Op, unsigned Idx) {
      |         ~~~~~~~~~~~~~~~~~~~~~^~~~~~~~~~~~~~~~~~~~~~~~~~~~~~~~~~~~~
  283 |           return Op.match(R->getOperand(Idx));
      |           ~~~~~~~~~~~~~~~~~~~~~~~~~~~~~~~~~~~~
  284 |         }))
      |         ~~                    
/builddir/rocm-llvm-7.2.3/llvm/lib/Transforms/Vectorize/VPlanPatternMatch.h:24:17:   required from 'bool llvm::VPlanPatternMatch::match(Val*, const Pattern&) [with Val = llvm::VPRecipeBase; Pattern = Recipe_match<std::tuple<Recipe_match<std::tuple<>, 82, false, llvm::VPInstruction> >, 86, false, llvm::VPInstruction>]'
   24 |   return P.match(V);
      |          ~~~~~~~^~~
/builddir/rocm-llvm-7.2.3/llvm/lib/Transforms/Vectorize/VPlanTransforms.cpp:1210:12:   required from here
 1210 |   if (match(&R, m_ExtractLastElement(m_BuildVector()))) {
      |       ~~~~~^~~~~~~~~~~~~~~~~~~~~~~~~~~~~~~~~~~~~~~~~~~
/builddir/rocm-llvm-7.2.3/llvm/lib/Transforms/Vectorize/VPlanPatternMatch.h:309:61: warning: parameter 'P' set but not used [-Wunused-but-set-parameter]
  309 |   bool all_of_tuple_elements(std::index_sequence<Is...>, Fn P) const {
      |                                                          ~~~^
/builddir/rocm-llvm-7.2.3/llvm/lib/Transforms/Vectorize/VPlanPatternMatch.h: In instantiation of 'bool llvm::VPlanPatternMatch::Recipe_match<Ops_t, Opcode, Commutative, RecipeTys>::all_of_tuple_elements(std::index_sequence<Idx ...>, Fn) const [with Fn = llvm::VPlanPatternMatch::Recipe_match<std::tuple<>, 82, false, llvm::VPInstruction>::match(const llvm::VPRecipeBase*) const::<lambda(auto:36, unsigned int)>; long unsigned int ...Is = {}; Ops_t = std::tuple<>; unsigned int Opcode = 82; bool Commutative = false; RecipeTys = {llvm::VPInstruction}; std::index_sequence<Idx ...> = std::integer_sequence<long unsigned int>]':
/builddir/rocm-llvm-7.2.3/llvm/lib/Transforms/Vectorize/VPlanPatternMatch.h:288:33:   required from 'bool llvm::VPlanPatternMatch::Recipe_match<Ops_t, Opcode, Commutative, RecipeTys>::match(const llvm::VPRecipeBase*) const [with Ops_t = std::tuple<>; unsigned int Opcode = 82; bool Commutative = false; RecipeTys = {llvm::VPInstruction}]'
  288 |            all_of_tuple_elements(IdxSeq, [R](auto Op, unsigned Idx) {
      |            ~~~~~~~~~~~~~~~~~~~~~^~~~~~~~~~~~~~~~~~~~~~~~~~~~~~~~~~~~~
  289 |              return Op.match(R->getOperand(R->getNumOperands() - Idx - 1));
      |              ~~~~~~~~~~~~~~~~~~~~~~~~~~~~~~~~~~~~~~~~~~~~~~~~~~~~~~~~~~~~~~
  290 |            });
      |            ~~                    
/builddir/rocm-llvm-7.2.3/llvm/lib/Transforms/Vectorize/VPlanPatternMatch.h:258:25:   required from 'bool llvm::VPlanPatternMatch::Recipe_match<Ops_t, Opcode, Commutative, RecipeTys>::match(const llvm::VPValue*) const [with Ops_t = std::tuple<>; unsigned int Opcode = 82; bool Commutative = false; RecipeTys = {llvm::VPInstruction}]'
  258 |     return DefR && match(DefR);
      |                    ~~~~~^~~~~~
/builddir/rocm-llvm-7.2.3/llvm/lib/Transforms/Vectorize/VPlanPatternMatch.h:283:26:   required from 'llvm::VPlanPatternMatch::Recipe_match<std::tuple<llvm::VPlanPatternMatch::Recipe_match<std::tuple<>, 82, false, llvm::VPInstruction> >, 86, false, llvm::VPInstruction>::match(const llvm::VPRecipeBase*) const::<lambda(auto:35, unsigned int)> [with auto:35 = llvm::VPlanPatternMatch::Recipe_match<std::tuple<>, 82, false, llvm::VPInstruction>]'
  283 |           return Op.match(R->getOperand(Idx));
      |                  ~~~~~~~~^~~~~~~~~~~~~~~~~~~~
/builddir/rocm-llvm-7.2.3/llvm/lib/Transforms/Vectorize/VPlanPatternMatch.h:310:14:   required from 'bool llvm::VPlanPatternMatch::Recipe_match<Ops_t, Opcode, Commutative, RecipeTys>::all_of_tuple_elements(std::index_sequence<Idx ...>, Fn) const [with Fn = llvm::VPlanPatternMatch::Recipe_match<std::tuple<llvm::VPlanPatternMatch::Recipe_match<std::tuple<>, 82, false, llvm::VPInstruction> >, 86, false, llvm::VPInstruction>::match(const llvm::VPRecipeBase*) const::<lambda(auto:35, unsigned int)>; long unsigned int ...Is = {0}; Ops_t = std::tuple<llvm::VPlanPatternMatch::Recipe_match<std::tuple<>, 82, false, llvm::VPInstruction> >; unsigned int Opcode = 86; bool Commutative = false; RecipeTys = {llvm::VPInstruction}; std::index_sequence<Idx ...> = std::integer_sequence<long unsigned int, 0>]'
  310 |     return (P(std::get<Is>(Ops), Is) && ...);
      |             ~^~~~~~~~~~~~~~~~~~~~~~~
/builddir/rocm-llvm-7.2.3/llvm/lib/Transforms/Vectorize/VPlanPatternMatch.h:282:30:   required from 'bool llvm::VPlanPatternMatch::Recipe_match<Ops_t, Opcode, Commutative, RecipeTys>::match(const llvm::VPRecipeBase*) const [with Ops_t = std::tuple<llvm::VPlanPatternMatch::Recipe_match<std::tuple<>, 82, false, llvm::VPInstruction> >; unsigned int Opcode = 86; bool Commutative = false; RecipeTys = {llvm::VPInstruction}]'
  282 |     if (all_of_tuple_elements(IdxSeq, [R](auto Op, unsigned Idx) {
      |         ~~~~~~~~~~~~~~~~~~~~~^~~~~~~~~~~~~~~~~~~~~~~~~~~~~~~~~~~~~
  283 |           return Op.match(R->getOperand(Idx));
      |           ~~~~~~~~~~~~~~~~~~~~~~~~~~~~~~~~~~~~
  284 |         }))
      |         ~~                    
/builddir/rocm-llvm-7.2.3/llvm/lib/Transforms/Vectorize/VPlanPatternMatch.h:24:17:   required from 'bool llvm::VPlanPatternMatch::match(Val*, const Pattern&) [with Val = llvm::VPRecipeBase; Pattern = Recipe_match<std::tuple<Recipe_match<std::tuple<>, 82, false, llvm::VPInstruction> >, 86, false, llvm::VPInstruction>]'
   24 |   return P.match(V);
      |          ~~~~~~~^~~
/builddir/rocm-llvm-7.2.3/llvm/lib/Transforms/Vectorize/VPlanTransforms.cpp:1210:12:   required from here
 1210 |   if (match(&R, m_ExtractLastElement(m_BuildVector()))) {
      |       ~~~~~^~~~~~~~~~~~~~~~~~~~~~~~~~~~~~~~~~~~~~~~~~~
/builddir/rocm-llvm-7.2.3/llvm/lib/Transforms/Vectorize/VPlanPatternMatch.h:309:61: warning: parameter 'P' set but not used [-Wunused-but-set-parameter]
  309 |   bool all_of_tuple_elements(std::index_sequence<Is...>, Fn P) const {
      |                                                          ~~~^
[2179/4503] Building CXX object tools/clang/lib/Frontend/CMakeFiles/obj.clangFrontend.dir/PrintPreprocessedOutput.cpp.o
[2180/4503] Building CXX object tools/clang/lib/Frontend/CMakeFiles/obj.clangFrontend.dir/SARIFDiagnostic.cpp.o
[2181/4503] Building CXX object tools/clang/lib/Frontend/CMakeFiles/obj.clangFrontend.dir/SerializedDiagnosticReader.cpp.o
[2182/4503] Building CXX object tools/clang/lib/Frontend/CMakeFiles/obj.clangFrontend.dir/ASTConsumers.cpp.o
[2183/4503] Building CXX object tools/clang/lib/Frontend/CMakeFiles/obj.clangFrontend.dir/TextDiagnosticBuffer.cpp.o
[2184/4503] Linking CXX static library lib/libclangToolingInclusions.a
[2185/4503] Building CXX object tools/clang/lib/Frontend/CMakeFiles/obj.clangFrontend.dir/SerializedDiagnosticPrinter.cpp.o
[2186/4503] Building CXX object tools/clang/lib/Frontend/CMakeFiles/obj.clangFrontend.dir/CompilerInstance.cpp.o
[2187/4503] Building CXX object tools/clang/lib/Frontend/CMakeFiles/obj.clangFrontend.dir/InitPreprocessor.cpp.o
[2188/4503] Building CXX object tools/clang/lib/Frontend/CMakeFiles/obj.clangFrontend.dir/ASTUnit.cpp.o
[2189/4503] Building CXX object tools/clang/lib/Frontend/CMakeFiles/obj.clangFrontend.dir/TextDiagnosticPrinter.cpp.o
[2190/4503] Building CXX object tools/clang/lib/Frontend/CMakeFiles/obj.clangFrontend.dir/TextDiagnostic.cpp.o
[2191/4503] Building CXX object tools/clang/lib/Frontend/CMakeFiles/obj.clangFrontend.dir/ModuleDependencyCollector.cpp.o
[2192/4503] Building CXX object tools/clang/lib/Format/CMakeFiles/obj.clangFormat.dir/AffectedRangeManager.cpp.o
[2193/4503] Building CXX object tools/clang/lib/Frontend/CMakeFiles/obj.clangFrontend.dir/FrontendActions.cpp.o
[2194/4503] Building CXX object tools/clang/lib/Frontend/CMakeFiles/obj.clangFrontend.dir/FrontendAction.cpp.o
[2195/4503] Building CXX object tools/clang/lib/Format/CMakeFiles/obj.clangFormat.dir/FormatToken.cpp.o
[2196/4503] Building CXX object tools/clang/lib/Format/CMakeFiles/obj.clangFormat.dir/MatchFilePath.cpp.o
[2197/4503] Building CXX object tools/clang/lib/Frontend/CMakeFiles/obj.clangFrontend.dir/VerifyDiagnosticConsumer.cpp.o
[2198/4503] Building CXX object tools/clang/lib/Format/CMakeFiles/obj.clangFormat.dir/BreakableToken.cpp.o
[2199/4503] Building CXX object tools/clang/lib/Format/CMakeFiles/obj.clangFormat.dir/DefinitionBlockSeparator.cpp.o
[2200/4503] Building CXX object tools/clang/lib/Format/CMakeFiles/obj.clangFormat.dir/NumericLiteralInfo.cpp.o
[2201/4503] Building CXX object tools/clang/lib/Format/CMakeFiles/obj.clangFormat.dir/IntegerLiteralSeparatorFixer.cpp.o
[2202/4503] Building CXX object tools/clang/lib/Format/CMakeFiles/obj.clangFormat.dir/MacroCallReconstructor.cpp.o
[2203/4503] Building CXX object tools/clang/lib/Frontend/CMakeFiles/obj.clangFrontend.dir/PrecompiledPreamble.cpp.o
[2204/4503] Building CXX object tools/clang/lib/Frontend/CMakeFiles/obj.clangFrontend.dir/TestModuleFileExtension.cpp.o
[2205/4503] Building CXX object tools/clang/lib/Format/CMakeFiles/obj.clangFormat.dir/ContinuationIndenter.cpp.o
[2206/4503] Building CXX object tools/clang/lib/Format/CMakeFiles/obj.clangFormat.dir/NumericLiteralCaseFixer.cpp.o
[2207/4503] Building CXX object tools/clang/lib/Format/CMakeFiles/obj.clangFormat.dir/MacroExpander.cpp.o
[2208/4503] Building CXX object tools/clang/lib/Format/CMakeFiles/obj.clangFormat.dir/NamespaceEndCommentsFixer.cpp.o
[2209/4503] Building CXX object tools/clang/lib/Format/CMakeFiles/obj.clangFormat.dir/FormatTokenLexer.cpp.o
[2210/4503] Linking CXX static library lib/libLLVMCodeGen.a
[2211/4503] Building CXX object tools/clang/lib/Format/CMakeFiles/obj.clangFormat.dir/ObjCPropertyAttributeOrderFixer.cpp.o
[2212/4503] Building CXX object tools/clang/lib/Format/CMakeFiles/obj.clangFormat.dir/QualifierAlignmentFixer.cpp.o
[2213/4503] Building CXX object tools/clang/lib/Format/CMakeFiles/obj.clangFormat.dir/SortJavaScriptImports.cpp.o
[2214/4503] Building CXX object tools/clang/lib/Format/CMakeFiles/obj.clangFormat.dir/TokenAnalyzer.cpp.o
[2215/4503] Building CXX object tools/clang/lib/Format/CMakeFiles/obj.clangFormat.dir/UnwrappedLineFormatter.cpp.o
[2216/4503] Building CXX object tools/clang/lib/Format/CMakeFiles/obj.clangFormat.dir/UsingDeclarationsSorter.cpp.o
[2217/4503] Building CXX object tools/clang/lib/Format/CMakeFiles/obj.clangFormat.dir/WhitespaceManager.cpp.o
[2218/4503] Building CXX object tools/clang/lib/Format/CMakeFiles/obj.clangFormat.dir/Format.cpp.o
[2219/4503] Building CXX object tools/clang/lib/Format/CMakeFiles/obj.clangFormat.dir/TokenAnnotator.cpp.o
[2220/4503] Building CXX object tools/clang/lib/Format/CMakeFiles/obj.clangFormat.dir/UnwrappedLineParser.cpp.o
[2221/4503] Building CXX object lib/CodeGen/SelectionDAG/CMakeFiles/LLVMSelectionDAG.dir/InstrEmitter.cpp.o
[2222/4503] Building CXX object lib/CodeGen/SelectionDAG/CMakeFiles/LLVMSelectionDAG.dir/SDNodeInfo.cpp.o
[2223/4503] Building CXX object lib/CodeGen/SelectionDAG/CMakeFiles/LLVMSelectionDAG.dir/FunctionLoweringInfo.cpp.o
[2224/4503] Building CXX object lib/CodeGen/SelectionDAG/CMakeFiles/LLVMSelectionDAG.dir/LegalizeTypesGeneric.cpp.o
[2225/4503] Building CXX object lib/CodeGen/SelectionDAG/CMakeFiles/LLVMSelectionDAG.dir/FastISel.cpp.o
[2226/4503] Building CXX object tools/clang/lib/Frontend/CMakeFiles/obj.clangFrontend.dir/InterfaceStubFunctionsConsumer.cpp.o
[2227/4503] Building CXX object lib/CodeGen/SelectionDAG/CMakeFiles/LLVMSelectionDAG.dir/ResourcePriorityQueue.cpp.o
[2228/4503] Building CXX object lib/CodeGen/SelectionDAG/CMakeFiles/LLVMSelectionDAG.dir/LegalizeFloatTypes.cpp.o
[2229/4503] Building CXX object lib/CodeGen/SelectionDAG/CMakeFiles/LLVMSelectionDAG.dir/LegalizeTypes.cpp.o
[2230/4503] Building CXX object tools/clang/lib/Frontend/CMakeFiles/obj.clangFrontend.dir/CompilerInvocation.cpp.o
[2231/4503] Building CXX object lib/CodeGen/SelectionDAG/CMakeFiles/LLVMSelectionDAG.dir/LegalizeDAG.cpp.o
[2232/4503] Building CXX object lib/CodeGen/SelectionDAG/CMakeFiles/LLVMSelectionDAG.dir/ScheduleDAGFast.cpp.o
[2233/4503] Building CXX object lib/CodeGen/SelectionDAG/CMakeFiles/LLVMSelectionDAG.dir/LegalizeVectorOps.cpp.o
[2234/4503] Building CXX object lib/CodeGen/SelectionDAG/CMakeFiles/LLVMSelectionDAG.dir/ScheduleDAGVLIW.cpp.o
[2235/4503] Linking CXX static library lib/libLLVMInstrumentation.a
[2236/4503] Building CXX object lib/CodeGen/SelectionDAG/CMakeFiles/LLVMSelectionDAG.dir/SelectionDAGTargetInfo.cpp.o
[2237/4503] Building CXX object lib/CodeGen/SelectionDAG/CMakeFiles/LLVMSelectionDAG.dir/SelectionDAGAddressAnalysis.cpp.o
[2238/4503] Building CXX object lib/CodeGen/SelectionDAG/CMakeFiles/LLVMSelectionDAG.dir/ScheduleDAGRRList.cpp.o
[2239/4503] Building CXX object lib/CodeGen/SelectionDAG/CMakeFiles/LLVMSelectionDAG.dir/ScheduleDAGSDNodes.cpp.o
[2240/4503] Building CXX object lib/CodeGen/SelectionDAG/CMakeFiles/LLVMSelectionDAG.dir/LegalizeIntegerTypes.cpp.o
[2241/4503] Building CXX object lib/CodeGen/SelectionDAG/CMakeFiles/LLVMSelectionDAG.dir/SelectionDAGPrinter.cpp.o
[2242/4503] Building CXX object lib/Transforms/IPO/CMakeFiles/LLVMipo.dir/Annotation2Metadata.cpp.o
[2243/4503] Building CXX object lib/Transforms/IPO/CMakeFiles/LLVMipo.dir/BarrierNoopPass.cpp.o
[2244/4503] Building CXX object lib/CodeGen/SelectionDAG/CMakeFiles/LLVMSelectionDAG.dir/SelectionDAGDumper.cpp.o
[2245/4503] Building CXX object lib/Transforms/IPO/CMakeFiles/LLVMipo.dir/AlwaysInliner.cpp.o
[2246/4503] Building CXX object lib/Transforms/IPO/CMakeFiles/LLVMipo.dir/ConstantMerge.cpp.o
[2247/4503] Building CXX object lib/Transforms/IPO/CMakeFiles/LLVMipo.dir/BlockExtractor.cpp.o
[2248/4503] Building CXX object lib/CodeGen/SelectionDAG/CMakeFiles/LLVMSelectionDAG.dir/LegalizeVectorTypes.cpp.o
[2249/4503] Building CXX object lib/Transforms/IPO/CMakeFiles/LLVMipo.dir/CrossDSOCFI.cpp.o
[2250/4503] Building CXX object lib/Transforms/IPO/CMakeFiles/LLVMipo.dir/CalledValuePropagation.cpp.o
[2251/4503] Building CXX object lib/Transforms/IPO/CMakeFiles/LLVMipo.dir/ExtractGV.cpp.o
[2252/4503] Building CXX object lib/Transforms/IPO/CMakeFiles/LLVMipo.dir/EmbedBitcodePass.cpp.o
[2253/4503] Building CXX object lib/CodeGen/SelectionDAG/CMakeFiles/LLVMSelectionDAG.dir/StatepointLowering.cpp.o
[2254/4503] Building CXX object lib/Transforms/IPO/CMakeFiles/LLVMipo.dir/FatLTOCleanup.cpp.o
[2255/4503] Building CXX object lib/Transforms/IPO/CMakeFiles/LLVMipo.dir/ElimAvailExtern.cpp.o
[2256/4503] Building CXX object lib/Transforms/IPO/CMakeFiles/LLVMipo.dir/ArgumentPromotion.cpp.o
[2257/4503] Building CXX object lib/Transforms/IPO/CMakeFiles/LLVMipo.dir/ForceFunctionAttrs.cpp.o
[2258/4503] Building CXX object lib/Transforms/IPO/CMakeFiles/LLVMipo.dir/DeadArgumentElimination.cpp.o
[2259/4503] Building CXX object lib/Transforms/IPO/CMakeFiles/LLVMipo.dir/ExpandVariadics.cpp.o
[2260/4503] Building CXX object lib/Transforms/IPO/CMakeFiles/LLVMipo.dir/IPO.cpp.o
[2261/4503] Building CXX object lib/Transforms/IPO/CMakeFiles/LLVMipo.dir/GlobalSplit.cpp.o
[2262/4503] Building CXX object lib/CodeGen/SelectionDAG/CMakeFiles/LLVMSelectionDAG.dir/SelectionDAGISel.cpp.o
[2263/4503] Building CXX object lib/Transforms/IPO/CMakeFiles/LLVMipo.dir/InferFunctionAttrs.cpp.o
[2264/4503] Building CXX object lib/Transforms/IPO/CMakeFiles/LLVMipo.dir/GlobalDCE.cpp.o
[2265/4503] Building CXX object lib/Transforms/IPO/CMakeFiles/LLVMipo.dir/HotColdSplitting.cpp.o
[2266/4503] Building CXX object lib/Transforms/IPO/CMakeFiles/LLVMipo.dir/FunctionSpecialization.cpp.o
[2267/4503] Building CXX object lib/Transforms/IPO/CMakeFiles/LLVMipo.dir/LoopExtractor.cpp.o
[2268/4503] Building CXX object lib/Transforms/IPO/CMakeFiles/LLVMipo.dir/Internalize.cpp.o
[2269/4503] Building CXX object lib/Transforms/IPO/CMakeFiles/LLVMipo.dir/GlobalOpt.cpp.o
[2270/4503] Building CXX object lib/Transforms/IPO/CMakeFiles/LLVMipo.dir/FunctionAttrs.cpp.o
[2271/4503] Building CXX object lib/Transforms/IPO/CMakeFiles/LLVMipo.dir/FunctionImport.cpp.o
[2272/4503] Building CXX object lib/Transforms/IPO/CMakeFiles/LLVMipo.dir/Inliner.cpp.o
[2273/4503] Building CXX object lib/Transforms/IPO/CMakeFiles/LLVMipo.dir/Attributor.cpp.o
[2274/4503] Building CXX object lib/CodeGen/SelectionDAG/CMakeFiles/LLVMSelectionDAG.dir/TargetLowering.cpp.o
[2275/4503] Building CXX object lib/Transforms/IPO/CMakeFiles/LLVMipo.dir/ModuleInliner.cpp.o
[2276/4503] Building CXX object lib/CodeGen/SelectionDAG/CMakeFiles/LLVMSelectionDAG.dir/SelectionDAGBuilder.cpp.o
[2277/4503] Building CXX object lib/CodeGen/SelectionDAG/CMakeFiles/LLVMSelectionDAG.dir/SelectionDAG.cpp.o
In file included from /builddir/rocm-llvm-7.2.3/llvm/lib/CodeGen/SelectionDAG/SelectionDAG.cpp:13:
In constructor 'llvm::SelectionDAG::DAGUpdateListener::DAGUpdateListener(llvm::SelectionDAG&)',
    inlined from '{anonymous}::RAUWUpdateListener::RAUWUpdateListener(llvm::SelectionDAG&, llvm::SDNode::use_iterator&, llvm::SDNode::use_iterator&)' at /builddir/rocm-llvm-7.2.3/llvm/lib/CodeGen/SelectionDAG/SelectionDAG.cpp:12235:56,
    inlined from 'void llvm::SelectionDAG::ReplaceAllUsesWith(llvm::SDNode*, llvm::SDNode*)' at /builddir/rocm-llvm-7.2.3/llvm/lib/CodeGen/SelectionDAG/SelectionDAG.cpp:12322:44:
/builddir/rocm-llvm-7.2.3/llvm/include/llvm/CodeGen/SelectionDAG.h:324:27: warning: storing the address of local variable 'Listener' in '*this.llvm::SelectionDAG::UpdateListeners' [-Wdangling-pointer=]
  324 |       DAG.UpdateListeners = this;
      |       ~~~~~~~~~~~~~~~~~~~~^~~~~~
/builddir/rocm-llvm-7.2.3/llvm/lib/CodeGen/SelectionDAG/SelectionDAG.cpp: In member function 'void llvm::SelectionDAG::ReplaceAllUsesWith(llvm::SDNode*, llvm::SDNode*)':
/builddir/rocm-llvm-7.2.3/llvm/lib/CodeGen/SelectionDAG/SelectionDAG.cpp:12322:22: note: 'Listener' declared here
12322 |   RAUWUpdateListener Listener(*this, UI, UE);
      |                      ^~~~~~~~
/builddir/rocm-llvm-7.2.3/llvm/lib/CodeGen/SelectionDAG/SelectionDAG.cpp:12298:63: note: 'this' declared here
12298 | void SelectionDAG::ReplaceAllUsesWith(SDNode *From, SDNode *To) {
      |                                                               ^
In constructor 'llvm::SelectionDAG::DAGUpdateListener::DAGUpdateListener(llvm::SelectionDAG&)',
    inlined from '{anonymous}::RAUWUpdateListener::RAUWUpdateListener(llvm::SelectionDAG&, llvm::SDNode::use_iterator&, llvm::SDNode::use_iterator&)' at /builddir/rocm-llvm-7.2.3/llvm/lib/CodeGen/SelectionDAG/SelectionDAG.cpp:12235:56,
    inlined from 'void llvm::SelectionDAG::ReplaceAllUsesWith(llvm::SDValue, llvm::SDValue)' at /builddir/rocm-llvm-7.2.3/llvm/lib/CodeGen/SelectionDAG/SelectionDAG.cpp:12264:44:
/builddir/rocm-llvm-7.2.3/llvm/include/llvm/CodeGen/SelectionDAG.h:324:27: warning: storing the address of local variable 'Listener' in '*this.llvm::SelectionDAG::UpdateListeners' [-Wdangling-pointer=]
  324 |       DAG.UpdateListeners = this;
      |       ~~~~~~~~~~~~~~~~~~~~^~~~~~
/builddir/rocm-llvm-7.2.3/llvm/lib/CodeGen/SelectionDAG/SelectionDAG.cpp: In member function 'void llvm::SelectionDAG::ReplaceAllUsesWith(llvm::SDValue, llvm::SDValue)':
/builddir/rocm-llvm-7.2.3/llvm/lib/CodeGen/SelectionDAG/SelectionDAG.cpp:12264:22: note: 'Listener' declared here
12264 |   RAUWUpdateListener Listener(*this, UI, UE);
      |                      ^~~~~~~~
/builddir/rocm-llvm-7.2.3/llvm/lib/CodeGen/SelectionDAG/SelectionDAG.cpp:12245:64: note: 'this' declared here
12245 | void SelectionDAG::ReplaceAllUsesWith(SDValue FromN, SDValue To) {
      |                                                                ^
In constructor 'llvm::SelectionDAG::DAGUpdateListener::DAGUpdateListener(llvm::SelectionDAG&)',
    inlined from '{anonymous}::RAUWUpdateListener::RAUWUpdateListener(llvm::SelectionDAG&, llvm::SDNode::use_iterator&, llvm::SDNode::use_iterator&)' at /builddir/rocm-llvm-7.2.3/llvm/lib/CodeGen/SelectionDAG/SelectionDAG.cpp:12235:56,
    inlined from 'void llvm::SelectionDAG::ReplaceAllUsesOfValueWith(llvm::SDValue, llvm::SDValue)' at /builddir/rocm-llvm-7.2.3/llvm/lib/CodeGen/SelectionDAG/SelectionDAG.cpp:12424:44:
/builddir/rocm-llvm-7.2.3/llvm/include/llvm/CodeGen/SelectionDAG.h:324:27: warning: storing the address of local variable 'Listener' in '*this.llvm::SelectionDAG::UpdateListeners' [-Wdangling-pointer=]
  324 |       DAG.UpdateListeners = this;
      |       ~~~~~~~~~~~~~~~~~~~~^~~~~~
/builddir/rocm-llvm-7.2.3/llvm/lib/CodeGen/SelectionDAG/SelectionDAG.cpp: In member function 'void llvm::SelectionDAG::ReplaceAllUsesOfValueWith(llvm::SDValue, llvm::SDValue)':
/builddir/rocm-llvm-7.2.3/llvm/lib/CodeGen/SelectionDAG/SelectionDAG.cpp:12424:22: note: 'Listener' declared here
12424 |   RAUWUpdateListener Listener(*this, UI, UE);
      |                      ^~~~~~~~
/builddir/rocm-llvm-7.2.3/llvm/lib/CodeGen/SelectionDAG/SelectionDAG.cpp:12406:70: note: 'this' declared here
12406 | void SelectionDAG::ReplaceAllUsesOfValueWith(SDValue From, SDValue To){
      |                                                                      ^
In constructor 'llvm::SelectionDAG::DAGUpdateListener::DAGUpdateListener(llvm::SelectionDAG&)',
    inlined from '{anonymous}::RAUOVWUpdateListener::RAUOVWUpdateListener(llvm::SelectionDAG&, llvm::SmallVectorImpl<{anonymous}::UseMemo>&)' at /builddir/rocm-llvm-7.2.3/llvm/lib/CodeGen/SelectionDAG/SelectionDAG.cpp:12498:54,
    inlined from 'void llvm::SelectionDAG::ReplaceAllUsesOfValuesWith(const llvm::SDValue*, const llvm::SDValue*, unsigned int)' at /builddir/rocm-llvm-7.2.3/llvm/lib/CodeGen/SelectionDAG/SelectionDAG.cpp:12608:44:
/builddir/rocm-llvm-7.2.3/llvm/include/llvm/CodeGen/SelectionDAG.h:324:27: warning: storing the address of local variable 'Listener' in '*this.llvm::SelectionDAG::UpdateListeners' [-Wdangling-pointer=]
  324 |       DAG.UpdateListeners = this;
      |       ~~~~~~~~~~~~~~~~~~~~^~~~~~
/builddir/rocm-llvm-7.2.3/llvm/lib/CodeGen/SelectionDAG/SelectionDAG.cpp: In member function 'void llvm::SelectionDAG::ReplaceAllUsesOfValuesWith(const llvm::SDValue*, const llvm::SDValue*, unsigned int)':
/builddir/rocm-llvm-7.2.3/llvm/lib/CodeGen/SelectionDAG/SelectionDAG.cpp:12608:24: note: 'Listener' declared here
12608 |   RAUOVWUpdateListener Listener(*this, Uses);
      |                        ^~~~~~~~
/builddir/rocm-llvm-7.2.3/llvm/lib/CodeGen/SelectionDAG/SelectionDAG.cpp:12583:59: note: 'this' declared here
12583 |                                               unsigned Num){
      |                                                           ^
In constructor 'llvm::SelectionDAG::DAGUpdateListener::DAGUpdateListener(llvm::SelectionDAG&)',
    inlined from '{anonymous}::RAUWUpdateListener::RAUWUpdateListener(llvm::SelectionDAG&, llvm::SDNode::use_iterator&, llvm::SDNode::use_iterator&)' at /builddir/rocm-llvm-7.2.3/llvm/lib/CodeGen/SelectionDAG/SelectionDAG.cpp:12235:56,
    inlined from 'void llvm::SelectionDAG::ReplaceAllUsesWith(llvm::SDNode*, const llvm::SDValue*)' at /builddir/rocm-llvm-7.2.3/llvm/lib/CodeGen/SelectionDAG/SelectionDAG.cpp:12370:44:
/builddir/rocm-llvm-7.2.3/llvm/include/llvm/CodeGen/SelectionDAG.h:324:27: warning: storing the address of local variable 'Listener' in '*this.llvm::SelectionDAG::UpdateListeners' [-Wdangling-pointer=]
  324 |       DAG.UpdateListeners = this;
      |       ~~~~~~~~~~~~~~~~~~~~^~~~~~
/builddir/rocm-llvm-7.2.3/llvm/lib/CodeGen/SelectionDAG/SelectionDAG.cpp: In member function 'void llvm::SelectionDAG::ReplaceAllUsesWith(llvm::SDNode*, const llvm::SDValue*)':
/builddir/rocm-llvm-7.2.3/llvm/lib/CodeGen/SelectionDAG/SelectionDAG.cpp:12370:22: note: 'Listener' declared here
12370 |   RAUWUpdateListener Listener(*this, UI, UE);
      |                      ^~~~~~~~
/builddir/rocm-llvm-7.2.3/llvm/lib/CodeGen/SelectionDAG/SelectionDAG.cpp:12356:70: note: 'this' declared here
12356 | void SelectionDAG::ReplaceAllUsesWith(SDNode *From, const SDValue *To) {
      |                                                                      ^
[2278/4503] Building CXX object lib/Transforms/IPO/CMakeFiles/LLVMipo.dir/MergeFunctions.cpp.o
[2279/4503] Building CXX object lib/Transforms/IPO/CMakeFiles/LLVMipo.dir/IROutliner.cpp.o
/builddir/rocm-llvm-7.2.3/llvm/lib/Transforms/IPO/IROutliner.cpp: In function 'void moveFunctionData(llvm::Function&, llvm::Function&, llvm::DenseMap<llvm::Value*, llvm::BasicBlock*>&)':
/builddir/rocm-llvm-7.2.3/llvm/lib/Transforms/IPO/IROutliner.cpp:744:17: warning: unused variable 'CI' [-Wunused-variable]
  744 |       CallInst *CI = cast<CallInst>(&Val);
      |                 ^~
[2280/4503] Building CXX object lib/Transforms/IPO/CMakeFiles/LLVMipo.dir/SampleContextTracker.cpp.o
[2281/4503] Linking CXX static library lib/libLLVMLinker.a
[2282/4503] Building CXX object lib/Transforms/IPO/CMakeFiles/LLVMipo.dir/StripDeadPrototypes.cpp.o
[2283/4503] Building CXX object lib/Transforms/Vectorize/CMakeFiles/LLVMVectorize.dir/SLPVectorizer.cpp.o
[2284/4503] Linking CXX static library lib/libLLVMVectorize.a
[2285/4503] Building CXX object lib/Transforms/IPO/CMakeFiles/LLVMipo.dir/SCCP.cpp.o
[2286/4503] Building CXX object lib/Transforms/IPO/CMakeFiles/LLVMipo.dir/StripSymbols.cpp.o
[2287/4503] Building CXX object lib/Transforms/IPO/CMakeFiles/LLVMipo.dir/PartialInlining.cpp.o
[2288/4503] Building CXX object lib/Transforms/IPO/CMakeFiles/LLVMipo.dir/SampleProfileMatcher.cpp.o
[2289/4503] Building CXX object lib/Transforms/IPO/CMakeFiles/LLVMipo.dir/SampleProfileProbe.cpp.o
[2290/4503] Building CXX object lib/Transforms/IPO/CMakeFiles/LLVMipo.dir/ThinLTOBitcodeWriter.cpp.o
[2291/4503] Building CXX object lib/CodeGen/SelectionDAG/CMakeFiles/LLVMSelectionDAG.dir/DAGCombiner.cpp.o
[2292/4503] Building CXX object lib/Transforms/IPO/CMakeFiles/LLVMipo.dir/LowerTypeTests.cpp.o
[2293/4503] Building CXX object lib/Transforms/IPO/CMakeFiles/LLVMipo.dir/AttributorAttributes.cpp.o
[2294/4503] Building CXX object lib/Transforms/IPO/CMakeFiles/LLVMipo.dir/SampleProfile.cpp.o
[2295/4503] Building CXX object lib/Transforms/IPO/CMakeFiles/LLVMipo.dir/WholeProgramDevirt.cpp.o
[2296/4503] Building AMDGPUGenDisassemblerTables.inc...
[2297/4503] Building CXX object lib/Transforms/IPO/CMakeFiles/LLVMipo.dir/OpenMPOpt.cpp.o
[2298/4503] Building AMDGPUGenMCPseudoLowering.inc...
[2299/4503] Building R600GenAsmWriter.inc...
[2300/4503] Building AMDGPUGenMCCodeEmitter.inc...
[2301/4503] Building R600GenCallingConv.inc...
[2302/4503] Building R600GenDFAPacketizer.inc...
[2303/4503] Building R600GenDAGISel.inc...
[2304/4503] Building AMDGPUGenPostLegalizeGICombiner.inc...
[2305/4503] Building R600GenMCCodeEmitter.inc...
[2306/4503] Building AMDGPUGenPreLegalizeGICombiner.inc...
[2307/4503] Building R600GenInstrInfo.inc...
[2308/4503] Linking CXX static library lib/libclangFrontend.a
[2309/4503] Building CXX object lib/Transforms/IPO/CMakeFiles/LLVMipo.dir/MemProfContextDisambiguation.cpp.o
[2310/4503] Building R600GenSubtargetInfo.inc...
[2311/4503] Building R600GenRegisterInfo.inc...
[2312/4503] Building AMDGPUGenCallingConv.inc...
[2313/4503] Building AMDGPUGenAsmWriter.inc...
[2314/4503] Building AMDGPUGenRegBankGICombiner.inc...
[2315/4503] Building CXX object tools/clang/lib/Index/CMakeFiles/obj.clangIndex.dir/FileIndexRecord.cpp.o
[2316/4503] Building AMDGPUGenDAGISel.inc...
[2317/4503] Linking CXX static library lib/libclangFormat.a
[2318/4503] Building CXX object tools/clang/lib/Index/CMakeFiles/obj.clangIndex.dir/IndexSymbol.cpp.o
[2319/4503] Linking CXX static library lib/libLLVMSelectionDAG.a
[2320/4503] Building CXX object tools/clang/lib/Index/CMakeFiles/obj.clangIndex.dir/CommentToXML.cpp.o
[2321/4503] Building CXX object tools/clang/lib/Index/CMakeFiles/obj.clangIndex.dir/IndexingContext.cpp.o
[2322/4503] Building AMDGPUGenGlobalISel.inc...
[2323/4503] Building CXX object tools/clang/lib/Index/CMakeFiles/obj.clangIndex.dir/IndexDecl.cpp.o
[2324/4503] Building CXX object lib/IRPrinter/CMakeFiles/LLVMIRPrinter.dir/IRPrintingPasses.cpp.o
[2325/4503] Building CXX object lib/CodeGen/GlobalISel/CMakeFiles/LLVMGlobalISel.dir/GlobalISel.cpp.o
[2326/4503] Building CXX object lib/CodeGen/GlobalISel/CMakeFiles/LLVMGlobalISel.dir/CSEInfo.cpp.o
[2327/4503] Building AMDGPUGenSearchableTables.inc...
[2328/4503] Building AMDGPUGenAsmMatcher.inc...
[2329/4503] Building AMDGPUGenInstrInfo.inc...
[2330/4503] Building CXX object tools/clang/lib/Index/CMakeFiles/obj.clangIndex.dir/IndexingAction.cpp.o
[2331/4503] Building CXX object lib/CodeGen/GlobalISel/CMakeFiles/LLVMGlobalISel.dir/CSEMIRBuilder.cpp.o
[2332/4503] Building AMDGPUGenSubtargetInfo.inc...
[2333/4503] Building CXX object tools/clang/lib/Index/CMakeFiles/obj.clangIndex.dir/USRGeneration.cpp.o
[2334/4503] Building CXX object lib/CodeGen/GlobalISel/CMakeFiles/LLVMGlobalISel.dir/GISelChangeObserver.cpp.o
[2335/4503] Building CXX object lib/CodeGen/GlobalISel/CMakeFiles/LLVMGlobalISel.dir/CombinerHelperArtifacts.cpp.o
[2336/4503] Building CXX object lib/CodeGen/GlobalISel/CMakeFiles/LLVMGlobalISel.dir/GISelValueTracking.cpp.o
[2337/4503] Building CXX object lib/CodeGen/GlobalISel/CMakeFiles/LLVMGlobalISel.dir/CallLowering.cpp.o
[2338/4503] Building CXX object lib/CodeGen/GlobalISel/CMakeFiles/LLVMGlobalISel.dir/GIMatchTableExecutor.cpp.o
[2339/4503] Building CXX object lib/CodeGen/GlobalISel/CMakeFiles/LLVMGlobalISel.dir/CombinerHelperCompares.cpp.o
[2340/4503] Building CXX object lib/CodeGen/GlobalISel/CMakeFiles/LLVMGlobalISel.dir/CombinerHelperCasts.cpp.o
[2341/4503] Building CXX object tools/clang/lib/Index/CMakeFiles/obj.clangIndex.dir/IndexBody.cpp.o
[2342/4503] Building CXX object lib/CodeGen/GlobalISel/CMakeFiles/LLVMGlobalISel.dir/CombinerHelperVectorOps.cpp.o
[2343/4503] Building CXX object lib/CodeGen/GlobalISel/CMakeFiles/LLVMGlobalISel.dir/Combiner.cpp.o
[2344/4503] Building CXX object tools/clang/lib/Index/CMakeFiles/obj.clangIndex.dir/IndexTypeSourceInfo.cpp.o
[2345/4503] Building CXX object lib/CodeGen/GlobalISel/CMakeFiles/LLVMGlobalISel.dir/LegalizeMutations.cpp.o
[2346/4503] Building CXX object lib/CodeGen/GlobalISel/CMakeFiles/LLVMGlobalISel.dir/LegalityPredicates.cpp.o
[2347/4503] Building CXX object lib/CodeGen/GlobalISel/CMakeFiles/LLVMGlobalISel.dir/InstructionSelector.cpp.o
[2348/4503] Building CXX object lib/CodeGen/GlobalISel/CMakeFiles/LLVMGlobalISel.dir/LegacyLegalizerInfo.cpp.o
[2349/4503] Building CXX object lib/CodeGen/GlobalISel/CMakeFiles/LLVMGlobalISel.dir/LegalizerInfo.cpp.o
[2350/4503] Linking CXX static library lib/libLLVMipo.a
[2351/4503] Building CXX object lib/CodeGen/GlobalISel/CMakeFiles/LLVMGlobalISel.dir/LostDebugLocObserver.cpp.o
[2352/4503] Building CXX object lib/CodeGen/GlobalISel/CMakeFiles/LLVMGlobalISel.dir/InlineAsmLowering.cpp.o
[2353/4503] Building CXX object lib/CodeGen/GlobalISel/CMakeFiles/LLVMGlobalISel.dir/MachineFloatingPointPredicateUtils.cpp.o
[2354/4503] Building CXX object lib/CodeGen/GlobalISel/CMakeFiles/LLVMGlobalISel.dir/InstructionSelect.cpp.o
[2355/4503] Building CXX object lib/Transforms/Coroutines/CMakeFiles/LLVMCoroutines.dir/CoroAnnotationElide.cpp.o
[2356/4503] Building CXX object lib/Transforms/Coroutines/CMakeFiles/LLVMCoroutines.dir/CoroCleanup.cpp.o
[2357/4503] Building CXX object lib/CodeGen/GlobalISel/CMakeFiles/LLVMGlobalISel.dir/Localizer.cpp.o
[2358/4503] Building CXX object lib/CodeGen/GlobalISel/CMakeFiles/LLVMGlobalISel.dir/LoadStoreOpt.cpp.o
[2359/4503] Building CXX object lib/Transforms/Coroutines/CMakeFiles/LLVMCoroutines.dir/Coroutines.cpp.o
[2360/4503] Building CXX object lib/Transforms/Coroutines/CMakeFiles/LLVMCoroutines.dir/CoroConditionalWrapper.cpp.o
[2361/4503] Building CXX object lib/CodeGen/GlobalISel/CMakeFiles/LLVMGlobalISel.dir/RegBankSelect.cpp.o
[2362/4503] Building CXX object lib/CodeGen/GlobalISel/CMakeFiles/LLVMGlobalISel.dir/Legalizer.cpp.o
[2363/4503] Building CXX object lib/CodeGen/GlobalISel/CMakeFiles/LLVMGlobalISel.dir/MachineIRBuilder.cpp.o
[2364/4503] Building CXX object lib/ExecutionEngine/Orc/Shared/CMakeFiles/LLVMOrcShared.dir/AllocationActions.cpp.o
[2365/4503] Building CXX object lib/Transforms/Coroutines/CMakeFiles/LLVMCoroutines.dir/CoroEarly.cpp.o
[2366/4503] Building CXX object lib/ExecutionEngine/Orc/Shared/CMakeFiles/LLVMOrcShared.dir/MachOObjectFormat.cpp.o
[2367/4503] Building CXX object lib/CodeGen/GlobalISel/CMakeFiles/LLVMGlobalISel.dir/Utils.cpp.o
[2368/4503] Building CXX object lib/ExecutionEngine/Orc/Shared/CMakeFiles/LLVMOrcShared.dir/ObjectFormats.cpp.o
[2369/4503] Building CXX object lib/Transforms/CFGuard/CMakeFiles/LLVMCFGuard.dir/CFGuard.cpp.o
[2370/4503] Building CXX object lib/ExecutionEngine/Orc/Shared/CMakeFiles/LLVMOrcShared.dir/OrcError.cpp.o
[2371/4503] Building CXX object lib/Transforms/Coroutines/CMakeFiles/LLVMCoroutines.dir/SuspendCrossingInfo.cpp.o
[2372/4503] Building CXX object lib/ExecutionEngine/Orc/Shared/CMakeFiles/LLVMOrcShared.dir/SymbolStringPool.cpp.o
[2373/4503] Building CXX object lib/ExecutionEngine/Orc/Shared/CMakeFiles/LLVMOrcShared.dir/OrcRTBridge.cpp.o
[2374/4503] Building CXX object lib/Transforms/HipStdPar/CMakeFiles/LLVMHipStdPar.dir/HipStdPar.cpp.o
[2375/4503] Building CXX object lib/ExecutionEngine/Orc/Shared/CMakeFiles/LLVMOrcShared.dir/SimpleRemoteEPCUtils.cpp.o
[2376/4503] Building CXX object lib/CodeGen/GlobalISel/CMakeFiles/LLVMGlobalISel.dir/CombinerHelper.cpp.o
[2377/4503] Building CXX object lib/Transforms/Coroutines/CMakeFiles/LLVMCoroutines.dir/MaterializationUtils.cpp.o
[2378/4503] Building CXX object lib/Transforms/Coroutines/CMakeFiles/LLVMCoroutines.dir/CoroElide.cpp.o
[2379/4503] Building CXX object lib/Transforms/Coroutines/CMakeFiles/LLVMCoroutines.dir/SpillUtils.cpp.o
[2380/4503] Building X86GenAsmWriter.inc...
[2381/4503] Building X86GenCallingConv.inc...
[2382/4503] Building CXX object lib/CodeGen/GlobalISel/CMakeFiles/LLVMGlobalISel.dir/IRTranslator.cpp.o
[2383/4503] Building X86GenAsmMatcher.inc...
[2384/4503] Building AMDGPUGenRegisterBank.inc...
[2385/4503] Building X86GenAsmWriter1.inc...
[2386/4503] Building X86GenExegesis.inc...
[2387/4503] Building X86GenDisassemblerTables.inc...
[2388/4503] Linking CXX static library lib/libclangIndex.a
[2389/4503] Linking CXX static library lib/libLLVMIRPrinter.a
[2390/4503] Building AMDGPUGenRegisterInfo.inc...
[2391/4503] Building X86GenFoldTables.inc...
[2392/4503] Linking CXX static library lib/libLLVMCFGuard.a
[2393/4503] Linking CXX static library lib/libLLVMHipStdPar.a
[2394/4503] Building CXX object lib/Extensions/CMakeFiles/LLVMExtensions.dir/Extensions.cpp.o
[2395/4503] Building X86GenRegisterBank.inc...
[2396/4503] Building X86GenMnemonicTables.inc...
[2397/4503] Building CXX object lib/Transforms/Coroutines/CMakeFiles/LLVMCoroutines.dir/CoroSplit.cpp.o
[2398/4503] Building X86GenRegisterInfo.inc...
[2399/4503] Building COFFOptions.inc...
[2400/4503] Linking CXX static library lib/libLLVMOrcShared.a
[2401/4503] Building X86GenInstrMapping.inc...
[2402/4503] Building CXX object lib/Transforms/Coroutines/CMakeFiles/LLVMCoroutines.dir/CoroFrame.cpp.o
[2403/4503] Linking CXX static library lib/libLLVMCoroutines.a
[2404/4503] Building CXX object lib/MC/MCDisassembler/CMakeFiles/LLVMMCDisassembler.dir/MCDisassembler.cpp.o
[2405/4503] Building CXX object lib/MC/MCDisassembler/CMakeFiles/LLVMMCDisassembler.dir/MCSymbolizer.cpp.o
[2406/4503] Building X86GenFastISel.inc...
[2407/4503] Building CXX object lib/MC/MCDisassembler/CMakeFiles/LLVMMCDisassembler.dir/MCRelocationInfo.cpp.o
[2408/4503] Building CXX object lib/CodeGen/GlobalISel/CMakeFiles/LLVMGlobalISel.dir/LegalizerHelper.cpp.o
/builddir/rocm-llvm-7.2.3/llvm/lib/CodeGen/GlobalISel/LegalizerHelper.cpp: In member function 'llvm::Register llvm::LegalizerHelper::buildVariableShiftPart(unsigned int, llvm::Register, llvm::Register, llvm::LLT, llvm::Register)':
/builddir/rocm-llvm-7.2.3/llvm/lib/CodeGen/GlobalISel/LegalizerHelper.cpp:6296:40: warning: enumerated and non-enumerated type in conditional expression [-Wextra]
 6296 |       (Opcode == TargetOpcode::G_ASHR) ? TargetOpcode::G_LSHR : Opcode;
      |       ~~~~~~~~~~~~~~~~~~~~~~~~~~~~~~~~~^~~~~~~~~~~~~~~~~~~~~~~~~~~~~~~
[2409/4503] Building CXX object lib/ExecutionEngine/Orc/TargetProcess/CMakeFiles/LLVMOrcTargetProcess.dir/DefaultHostBootstrapValues.cpp.o
[2410/4503] Linking CXX static library lib/libLLVMGlobalISel.a
[2411/4503] Building CXX object lib/ExecutionEngine/Orc/TargetProcess/CMakeFiles/LLVMOrcTargetProcess.dir/JITLoaderGDB.cpp.o
[2412/4503] Building CXX object lib/MC/MCDisassembler/CMakeFiles/LLVMMCDisassembler.dir/MCExternalSymbolizer.cpp.o
[2413/4503] Building CXX object lib/MC/MCDisassembler/CMakeFiles/LLVMMCDisassembler.dir/Disassembler.cpp.o
[2414/4503] Building X86GenGlobalISel.inc...
[2415/4503] Building CXX object lib/ExecutionEngine/Orc/TargetProcess/CMakeFiles/LLVMOrcTargetProcess.dir/JITLoaderVTune.cpp.o
[2416/4503] Building CXX object lib/ExecutionEngine/Orc/TargetProcess/CMakeFiles/LLVMOrcTargetProcess.dir/RegisterEHFrames.cpp.o
[2417/4503] Building X86GenDAGISel.inc...
[2418/4503] Building CXX object lib/ExecutionEngine/Orc/TargetProcess/CMakeFiles/LLVMOrcTargetProcess.dir/TargetExecutionUtils.cpp.o
[2419/4503] Building CXX object lib/ExecutionEngine/Orc/TargetProcess/CMakeFiles/LLVMOrcTargetProcess.dir/JITLoaderPerf.cpp.o
[2420/4503] Building CXX object lib/ExecutionEngine/RuntimeDyld/CMakeFiles/LLVMRuntimeDyld.dir/RTDyldMemoryManager.cpp.o
[2421/4503] Building CXX object lib/ExecutionEngine/Orc/TargetProcess/CMakeFiles/LLVMOrcTargetProcess.dir/UnwindInfoManager.cpp.o
[2422/4503] Building CXX object lib/ExecutionEngine/Orc/TargetProcess/CMakeFiles/LLVMOrcTargetProcess.dir/ExecutorSharedMemoryMapperService.cpp.o
[2423/4503] Building CXX object lib/ExecutionEngine/Orc/TargetProcess/CMakeFiles/LLVMOrcTargetProcess.dir/SimpleExecutorDylibManager.cpp.o
[2424/4503] Building CXX object lib/Passes/CMakeFiles/LLVMPasses.dir/OptimizationLevel.cpp.o
[2425/4503] Building CXX object lib/ExecutionEngine/Orc/TargetProcess/CMakeFiles/LLVMOrcTargetProcess.dir/SimpleExecutorMemoryManager.cpp.o
[2426/4503] Building CXX object lib/ExecutionEngine/Orc/TargetProcess/CMakeFiles/LLVMOrcTargetProcess.dir/OrcRTBootstrap.cpp.o
[2427/4503] Building CXX object lib/ExecutionEngine/Orc/TargetProcess/CMakeFiles/LLVMOrcTargetProcess.dir/SimpleRemoteEPCServer.cpp.o
[2428/4503] Building X86GenSubtargetInfo.inc...
[2429/4503] Building CXX object lib/Passes/CMakeFiles/LLVMPasses.dir/PassPlugin.cpp.o
[2430/4503] Building CXX object lib/ExecutionEngine/RuntimeDyld/CMakeFiles/LLVMRuntimeDyld.dir/JITSymbol.cpp.o
[2431/4503] Building CXX object lib/ExecutionEngine/RuntimeDyld/CMakeFiles/LLVMRuntimeDyld.dir/RuntimeDyldCOFF.cpp.o
[2432/4503] Building CXX object tools/clang/lib/StaticAnalyzer/Core/CMakeFiles/obj.clangStaticAnalyzerCore.dir/APSIntType.cpp.o
[2433/4503] Building CXX object lib/ExecutionEngine/RuntimeDyld/CMakeFiles/LLVMRuntimeDyld.dir/Targets/RuntimeDyldELFMips.cpp.o
[2434/4503] Building X86GenInstrInfo.inc...
[2435/4503] Building CXX object lib/ExecutionEngine/RuntimeDyld/CMakeFiles/LLVMRuntimeDyld.dir/RuntimeDyldMachO.cpp.o
[2436/4503] Building CXX object lib/Target/X86/TargetInfo/CMakeFiles/LLVMX86Info.dir/X86TargetInfo.cpp.o
[2437/4503] Building CXX object lib/ExecutionEngine/RuntimeDyld/CMakeFiles/LLVMRuntimeDyld.dir/RuntimeDyldChecker.cpp.o
[2438/4503] Building CXX object lib/ExecutionEngine/RuntimeDyld/CMakeFiles/LLVMRuntimeDyld.dir/RuntimeDyld.cpp.o
[2439/4503] Building CXX object tools/clang/lib/StaticAnalyzer/Core/CMakeFiles/obj.clangStaticAnalyzerCore.dir/BlockCounter.cpp.o
[2440/4503] Building CXX object lib/TextAPI/BinaryReader/CMakeFiles/LLVMTextAPIBinaryReader.dir/DylibReader.cpp.o
[2441/4503] Building CXX object tools/clang/lib/CrossTU/CMakeFiles/obj.clangCrossTU.dir/CrossTranslationUnit.cpp.o
[2442/4503] Linking CXX static library lib/libclangCrossTU.a
[2443/4503] Building CXX object tools/clang/lib/StaticAnalyzer/Core/CMakeFiles/obj.clangStaticAnalyzerCore.dir/AnalyzerOptions.cpp.o
[2444/4503] Building CXX object lib/Passes/CMakeFiles/LLVMPasses.dir/PassBuilderBindings.cpp.o
[2445/4503] Building CXX object tools/clang/lib/StaticAnalyzer/Core/CMakeFiles/obj.clangStaticAnalyzerCore.dir/BasicValueFactory.cpp.o
[2446/4503] Building CXX object lib/Passes/CMakeFiles/LLVMPasses.dir/CodeGenPassBuilder.cpp.o
[2447/4503] Building CXX object lib/ExecutionEngine/RuntimeDyld/CMakeFiles/LLVMRuntimeDyld.dir/RuntimeDyldELF.cpp.o
[2448/4503] Building CXX object tools/clang/lib/StaticAnalyzer/Core/CMakeFiles/obj.clangStaticAnalyzerCore.dir/CommonBugCategories.cpp.o
[2449/4503] Building CXX object tools/clang/lib/StaticAnalyzer/Core/CMakeFiles/obj.clangStaticAnalyzerCore.dir/AnalysisManager.cpp.o
[2450/4503] Building InstCombineTables.inc...
[2451/4503] Building CXX object lib/Target/AMDGPU/TargetInfo/CMakeFiles/LLVMAMDGPUInfo.dir/AMDGPUTargetInfo.cpp.o
[2452/4503] Building CXX object tools/clang/lib/StaticAnalyzer/Core/CMakeFiles/obj.clangStaticAnalyzerCore.dir/Checker.cpp.o
[2453/4503] Building CXX object tools/clang/lib/StaticAnalyzer/Core/CMakeFiles/obj.clangStaticAnalyzerCore.dir/BugSuppression.cpp.o
[2454/4503] Building CXX object tools/clang/lib/StaticAnalyzer/Core/CMakeFiles/obj.clangStaticAnalyzerCore.dir/CallDescription.cpp.o
[2455/4503] Building CXX object lib/Target/AMDGPU/Utils/CMakeFiles/LLVMAMDGPUUtils.dir/AMDGPUDelayedMCExpr.cpp.o
[2456/4503] Building CXX object lib/Target/AMDGPU/Utils/CMakeFiles/LLVMAMDGPUUtils.dir/AMDGPUAsmUtils.cpp.o
[2457/4503] Building CXX object tools/clang/lib/StaticAnalyzer/Core/CMakeFiles/obj.clangStaticAnalyzerCore.dir/CheckerRegistryData.cpp.o
[2458/4503] Building CXX object tools/clang/lib/StaticAnalyzer/Core/CMakeFiles/obj.clangStaticAnalyzerCore.dir/ConstraintManager.cpp.o
[2459/4503] Building CXX object tools/clang/lib/StaticAnalyzer/Core/CMakeFiles/obj.clangStaticAnalyzerCore.dir/CheckerHelpers.cpp.o
[2460/4503] Building CXX object tools/clang/lib/StaticAnalyzer/Core/CMakeFiles/obj.clangStaticAnalyzerCore.dir/CheckerContext.cpp.o
[2461/4503] Building CXX object tools/clang/lib/StaticAnalyzer/Core/CMakeFiles/obj.clangStaticAnalyzerCore.dir/CallEvent.cpp.o
[2462/4503] Building CXX object lib/Target/AMDGPU/Utils/CMakeFiles/LLVMAMDGPUUtils.dir/AMDGPUPALMetadata.cpp.o
[2463/4503] Building CXX object lib/Passes/CMakeFiles/LLVMPasses.dir/StandardInstrumentations.cpp.o
[2464/4503] Building CXX object lib/Target/AMDGPU/Utils/CMakeFiles/LLVMAMDGPUUtils.dir/AMDKernelCodeTUtils.cpp.o
[2465/4503] Building CXX object tools/clang/lib/StaticAnalyzer/Core/CMakeFiles/obj.clangStaticAnalyzerCore.dir/CoreEngine.cpp.o
[2466/4503] Building CXX object tools/clang/lib/StaticAnalyzer/Core/CMakeFiles/obj.clangStaticAnalyzerCore.dir/BugReporter.cpp.o
[2467/4503] Building CXX object tools/clang/lib/StaticAnalyzer/Core/CMakeFiles/obj.clangStaticAnalyzerCore.dir/CheckerManager.cpp.o
[2468/4503] Building CXX object lib/Passes/CMakeFiles/LLVMPasses.dir/PassBuilderPipelines.cpp.o
[2469/4503] Building CXX object tools/clang/lib/StaticAnalyzer/Core/CMakeFiles/obj.clangStaticAnalyzerCore.dir/FunctionSummary.cpp.o
[2470/4503] Building CXX object tools/clang/lib/StaticAnalyzer/Core/CMakeFiles/obj.clangStaticAnalyzerCore.dir/DynamicExtent.cpp.o
[2471/4503] Building CXX object tools/clang/lib/StaticAnalyzer/Core/CMakeFiles/obj.clangStaticAnalyzerCore.dir/EntryPointStats.cpp.o
[2472/4503] Building CXX object lib/Target/AMDGPU/Utils/CMakeFiles/LLVMAMDGPUUtils.dir/AMDGPUBaseInfo.cpp.o
[2473/4503] Building CXX object tools/clang/lib/StaticAnalyzer/Core/CMakeFiles/obj.clangStaticAnalyzerCore.dir/DynamicType.cpp.o
[2474/4503] Building CXX object tools/clang/lib/StaticAnalyzer/Core/CMakeFiles/obj.clangStaticAnalyzerCore.dir/Environment.cpp.o
[2475/4503] Building CXX object tools/clang/lib/StaticAnalyzer/Core/CMakeFiles/obj.clangStaticAnalyzerCore.dir/BugReporterVisitors.cpp.o
[2476/4503] Building CXX object tools/clang/lib/StaticAnalyzer/Core/CMakeFiles/obj.clangStaticAnalyzerCore.dir/ExplodedGraph.cpp.o
[2477/4503] Building CXX object tools/clang/lib/StaticAnalyzer/Core/CMakeFiles/obj.clangStaticAnalyzerCore.dir/ExprEngineObjC.cpp.o
[2478/4503] Building CXX object tools/clang/lib/StaticAnalyzer/Core/CMakeFiles/obj.clangStaticAnalyzerCore.dir/ExprEngineCXX.cpp.o
[2479/4503] Building CXX object tools/clang/lib/StaticAnalyzer/Core/CMakeFiles/obj.clangStaticAnalyzerCore.dir/ExprEngineC.cpp.o
[2480/4503] Building CXX object tools/clang/lib/StaticAnalyzer/Core/CMakeFiles/obj.clangStaticAnalyzerCore.dir/HTMLDiagnostics.cpp.o
[2481/4503] Building CXX object tools/clang/lib/StaticAnalyzer/Core/CMakeFiles/obj.clangStaticAnalyzerCore.dir/RangedConstraintManager.cpp.o
[2482/4503] Building CXX object tools/clang/lib/StaticAnalyzer/Core/CMakeFiles/obj.clangStaticAnalyzerCore.dir/ExprEngineCallAndReturn.cpp.o
[2483/4503] Building CXX object tools/clang/lib/StaticAnalyzer/Core/CMakeFiles/obj.clangStaticAnalyzerCore.dir/PlistDiagnostics.cpp.o
[2484/4503] Building CXX object tools/clang/lib/StaticAnalyzer/Core/CMakeFiles/obj.clangStaticAnalyzerCore.dir/MemRegion.cpp.o
[2485/4503] Building CXX object tools/clang/lib/StaticAnalyzer/Core/CMakeFiles/obj.clangStaticAnalyzerCore.dir/LoopWidening.cpp.o
[2486/4503] Building CXX object tools/clang/lib/StaticAnalyzer/Core/CMakeFiles/obj.clangStaticAnalyzerCore.dir/ExprEngine.cpp.o
[2487/4503] Building CXX object tools/clang/lib/StaticAnalyzer/Core/CMakeFiles/obj.clangStaticAnalyzerCore.dir/ProgramState.cpp.o
[2488/4503] Building ObjcopyOpts.inc...
[2489/4503] Building CXX object tools/clang/lib/StaticAnalyzer/Core/CMakeFiles/obj.clangStaticAnalyzerCore.dir/SimpleConstraintManager.cpp.o
[2490/4503] Building CXX object tools/clang/lib/StaticAnalyzer/Core/CMakeFiles/obj.clangStaticAnalyzerCore.dir/SMTConstraintManager.cpp.o
[2491/4503] Building CXX object tools/clang/lib/StaticAnalyzer/Core/CMakeFiles/obj.clangStaticAnalyzerCore.dir/SarifDiagnostics.cpp.o
[2492/4503] Building CXX object tools/clang/lib/StaticAnalyzer/Core/CMakeFiles/obj.clangStaticAnalyzerCore.dir/RangeConstraintManager.cpp.o
[2493/4503] Building CXX object tools/clang/lib/StaticAnalyzer/Core/CMakeFiles/obj.clangStaticAnalyzerCore.dir/SymbolManager.cpp.o
[2494/4503] Building CXX object tools/clang/lib/StaticAnalyzer/Core/CMakeFiles/obj.clangStaticAnalyzerCore.dir/SVals.cpp.o
[2495/4503] Building CXX object tools/clang/lib/StaticAnalyzer/Core/CMakeFiles/obj.clangStaticAnalyzerCore.dir/SimpleSValBuilder.cpp.o
[2496/4503] Building CXX object tools/clang/lib/StaticAnalyzer/Core/CMakeFiles/obj.clangStaticAnalyzerCore.dir/Store.cpp.o
[2497/4503] Building CXX object tools/clang/lib/StaticAnalyzer/Core/CMakeFiles/obj.clangStaticAnalyzerCore.dir/LoopUnrolling.cpp.o
[2498/4503] Building CXX object tools/clang/lib/StaticAnalyzer/Core/CMakeFiles/obj.clangStaticAnalyzerCore.dir/SValBuilder.cpp.o
[2499/4503] Building CXX object lib/CodeGen/AsmPrinter/CMakeFiles/LLVMAsmPrinter.dir/AddressPool.cpp.o
[2500/4503] Building CXX object tools/clang/lib/StaticAnalyzer/Core/CMakeFiles/obj.clangStaticAnalyzerCore.dir/WorkList.cpp.o
[2501/4503] Building CXX object lib/CodeGen/AsmPrinter/CMakeFiles/LLVMAsmPrinter.dir/ARMException.cpp.o
[2502/4503] Building CXX object tools/clang/lib/StaticAnalyzer/Core/CMakeFiles/obj.clangStaticAnalyzerCore.dir/TextDiagnostics.cpp.o
[2503/4503] Building CXX object lib/CodeGen/AsmPrinter/CMakeFiles/LLVMAsmPrinter.dir/AIXException.cpp.o
[2504/4503] Building CXX object lib/CodeGen/AsmPrinter/CMakeFiles/LLVMAsmPrinter.dir/AsmPrinterDwarf.cpp.o
[2505/4503] Building CXX object lib/CodeGen/AsmPrinter/CMakeFiles/LLVMAsmPrinter.dir/AsmPrinterInlineAsm.cpp.o
[2506/4503] Building CXX object tools/clang/lib/StaticAnalyzer/Core/CMakeFiles/obj.clangStaticAnalyzerCore.dir/Z3CrosscheckVisitor.cpp.o
[2507/4503] Building CXX object lib/CodeGen/AsmPrinter/CMakeFiles/LLVMAsmPrinter.dir/AccelTable.cpp.o
[2508/4503] Building CXX object lib/CodeGen/AsmPrinter/CMakeFiles/LLVMAsmPrinter.dir/DwarfCFIException.cpp.o
[2509/4503] Building CXX object lib/CodeGen/AsmPrinter/CMakeFiles/LLVMAsmPrinter.dir/DbgEntityHistoryCalculator.cpp.o
[2510/4503] Building CXX object tools/clang/lib/StaticAnalyzer/Core/CMakeFiles/obj.clangStaticAnalyzerCore.dir/RegionStore.cpp.o
[2511/4503] Building CXX object lib/CodeGen/AsmPrinter/CMakeFiles/LLVMAsmPrinter.dir/DebugHandlerBase.cpp.o
[2512/4503] Building CXX object lib/CodeGen/AsmPrinter/CMakeFiles/LLVMAsmPrinter.dir/DebugLocStream.cpp.o
[2513/4503] Building CXX object lib/CodeGen/AsmPrinter/CMakeFiles/LLVMAsmPrinter.dir/DIE.cpp.o
[2514/4503] Building CXX object lib/CodeGen/AsmPrinter/CMakeFiles/LLVMAsmPrinter.dir/DIEHash.cpp.o
[2515/4503] Building CXX object lib/CodeGen/AsmPrinter/CMakeFiles/LLVMAsmPrinter.dir/DwarfStringPool.cpp.o
[2516/4503] Building CXX object lib/CodeGen/AsmPrinter/CMakeFiles/LLVMAsmPrinter.dir/DwarfFile.cpp.o
[2517/4503] Building CXX object lib/CodeGen/AsmPrinter/CMakeFiles/LLVMAsmPrinter.dir/ErlangGCPrinter.cpp.o
[2518/4503] Building CXX object lib/CodeGen/AsmPrinter/CMakeFiles/LLVMAsmPrinter.dir/EHStreamer.cpp.o
[2519/4503] Linking CXX static library lib/libLLVMExtensions.a
[2520/4503] Building CXX object lib/CodeGen/MIRParser/CMakeFiles/LLVMMIRParser.dir/MILexer.cpp.o
[2521/4503] Building CXX object lib/CodeGen/AsmPrinter/CMakeFiles/LLVMAsmPrinter.dir/OcamlGCPrinter.cpp.o
[2522/4503] Building CXX object lib/CodeGen/AsmPrinter/CMakeFiles/LLVMAsmPrinter.dir/DwarfExpression.cpp.o
[2523/4503] Building CXX object lib/CodeGen/AsmPrinter/CMakeFiles/LLVMAsmPrinter.dir/WinCFGuard.cpp.o
[2524/4503] Building CXX object lib/CodeGen/AsmPrinter/CMakeFiles/LLVMAsmPrinter.dir/PseudoProbePrinter.cpp.o
[2525/4503] Building CXX object lib/CodeGen/AsmPrinter/CMakeFiles/LLVMAsmPrinter.dir/DwarfCompileUnit.cpp.o
[2526/4503] Building CXX object lib/CodeGen/AsmPrinter/CMakeFiles/LLVMAsmPrinter.dir/WasmException.cpp.o
[2527/4503] Linking CXX static library lib/libLLVMMCDisassembler.a
[2528/4503] Building CXX object lib/Frontend/Driver/CMakeFiles/LLVMFrontendDriver.dir/CodeGenOptions.cpp.o
[2529/4503] Building CXX object lib/CodeGen/AsmPrinter/CMakeFiles/LLVMAsmPrinter.dir/DwarfUnit.cpp.o
[2530/4503] Building CXX object lib/CodeGen/AsmPrinter/CMakeFiles/LLVMAsmPrinter.dir/WinException.cpp.o
[2531/4503] Building CXX object lib/ExecutionEngine/CMakeFiles/LLVMExecutionEngine.dir/GDBRegistrationListener.cpp.o
[2532/4503] Building CXX object lib/ExecutionEngine/CMakeFiles/LLVMExecutionEngine.dir/SectionMemoryManager.cpp.o
[2533/4503] Building CXX object lib/ExecutionEngine/CMakeFiles/LLVMExecutionEngine.dir/ExecutionEngineBindings.cpp.o
[2534/4503] Building CXX object lib/CodeGen/AsmPrinter/CMakeFiles/LLVMAsmPrinter.dir/AsmPrinter.cpp.o
[2535/4503] Building CXX object lib/LTO/CMakeFiles/LLVMLTO.dir/UpdateCompilerUsed.cpp.o
[2536/4503] Building CXX object lib/ExecutionEngine/CMakeFiles/LLVMExecutionEngine.dir/TargetSelect.cpp.o
[2537/4503] Building CXX object lib/ExecutionEngine/JITLink/CMakeFiles/LLVMJITLink.dir/CompactUnwindSupport.cpp.o
[2538/4503] Building CXX object lib/LTO/CMakeFiles/LLVMLTO.dir/LTOModule.cpp.o
[2539/4503] Building CXX object lib/CodeGen/MIRParser/CMakeFiles/LLVMMIRParser.dir/MIParser.cpp.o
[2540/4503] Building CXX object lib/ExecutionEngine/CMakeFiles/LLVMExecutionEngine.dir/ExecutionEngine.cpp.o
[2541/4503] Building CXX object lib/ExecutionEngine/JITLink/CMakeFiles/LLVMJITLink.dir/DWARFRecordSectionSplitter.cpp.o
[2542/4503] Building CXX object lib/LTO/CMakeFiles/LLVMLTO.dir/LTOCodeGenerator.cpp.o
[2543/4503] Building CXX object lib/ExecutionEngine/JITLink/CMakeFiles/LLVMJITLink.dir/EHFrameSupport.cpp.o
[2544/4503] Building CXX object lib/ExecutionEngine/JITLink/CMakeFiles/LLVMJITLink.dir/JITLinkGeneric.cpp.o
[2545/4503] Building CXX object lib/CodeGen/MIRParser/CMakeFiles/LLVMMIRParser.dir/MIRParser.cpp.o
[2546/4503] Building CXX object lib/CodeGen/AsmPrinter/CMakeFiles/LLVMAsmPrinter.dir/DwarfDebug.cpp.o
[2547/4503] Building CXX object lib/ExecutionEngine/JITLink/CMakeFiles/LLVMJITLink.dir/JITLink.cpp.o
[2548/4503] Building CXX object lib/ExecutionEngine/JITLink/CMakeFiles/LLVMJITLink.dir/MachO.cpp.o
[2549/4503] Building CXX object lib/CodeGen/AsmPrinter/CMakeFiles/LLVMAsmPrinter.dir/CodeViewDebug.cpp.o
[2550/4503] Building CXX object lib/ExecutionEngine/JITLink/CMakeFiles/LLVMJITLink.dir/ELFLinkGraphBuilder.cpp.o
[2551/4503] Building CXX object lib/LTO/CMakeFiles/LLVMLTO.dir/LTOBackend.cpp.o
[2552/4503] Building CXX object lib/ExecutionEngine/JITLink/CMakeFiles/LLVMJITLink.dir/JITLinkMemoryManager.cpp.o
[2553/4503] Building CXX object lib/ExecutionEngine/JITLink/CMakeFiles/LLVMJITLink.dir/ELF.cpp.o
[2554/4503] Building CXX object lib/ExecutionEngine/JITLink/CMakeFiles/LLVMJITLink.dir/MachO_arm64.cpp.o
[2555/4503] Building CXX object lib/ExecutionEngine/JITLink/CMakeFiles/LLVMJITLink.dir/MachO_x86_64.cpp.o
[2556/4503] Building CXX object lib/LTO/CMakeFiles/LLVMLTO.dir/ThinLTOCodeGenerator.cpp.o
[2557/4503] Building CXX object lib/ExecutionEngine/JITLink/CMakeFiles/LLVMJITLink.dir/MachOLinkGraphBuilder.cpp.o
[2558/4503] Building CXX object lib/ExecutionEngine/JITLink/CMakeFiles/LLVMJITLink.dir/COFFDirectiveParser.cpp.o
[2559/4503] Building CXX object lib/ExecutionEngine/JITLink/CMakeFiles/LLVMJITLink.dir/COFF.cpp.o
[2560/4503] Building CXX object lib/ExecutionEngine/JITLink/CMakeFiles/LLVMJITLink.dir/ELF_aarch32.cpp.o
[2561/4503] Building CXX object lib/ExecutionEngine/JITLink/CMakeFiles/LLVMJITLink.dir/ELF_aarch64.cpp.o
[2562/4503] Building CXX object lib/ExecutionEngine/JITLink/CMakeFiles/LLVMJITLink.dir/XCOFF.cpp.o
[2563/4503] Building CXX object lib/LTO/CMakeFiles/LLVMLTO.dir/LTO.cpp.o
[2564/4503] Building CXX object lib/ExecutionEngine/JITLink/CMakeFiles/LLVMJITLink.dir/XCOFF_ppc64.cpp.o
[2565/4503] Building CXX object lib/Passes/CMakeFiles/LLVMPasses.dir/PassBuilder.cpp.o
[2566/4503] Linking CXX static library lib/libLLVMOrcTargetProcess.a
[2567/4503] Building CXX object lib/ExecutionEngine/JITLink/CMakeFiles/LLVMJITLink.dir/ELF_x86.cpp.o
[2568/4503] Linking CXX static library lib/libLLVMRuntimeDyld.a
[2569/4503] Building CXX object lib/ExecutionEngine/JITLink/CMakeFiles/LLVMJITLink.dir/COFF_x86_64.cpp.o
[2570/4503] Building CXX object lib/ExecutionEngine/JITLink/CMakeFiles/LLVMJITLink.dir/ELF_loongarch.cpp.o
[2571/4503] Building CXX object lib/ExecutionEngine/JITLink/CMakeFiles/LLVMJITLink.dir/COFFLinkGraphBuilder.cpp.o
[2572/4503] Building CXX object lib/ExecutionEngine/JITLink/CMakeFiles/LLVMJITLink.dir/ELF_ppc64.cpp.o
[2573/4503] Building CXX object lib/ExecutionEngine/JITLink/CMakeFiles/LLVMJITLink.dir/loongarch.cpp.o
[2574/4503] Building CXX object lib/ExecutionEngine/JITLink/CMakeFiles/LLVMJITLink.dir/aarch64.cpp.o
[2575/4503] Building CXX object lib/ExecutionEngine/JITLink/CMakeFiles/LLVMJITLink.dir/ELF_x86_64.cpp.o
[2576/4503] Building CXX object lib/ExecutionEngine/JITLink/CMakeFiles/LLVMJITLink.dir/ELF_riscv.cpp.o
[2577/4503] Building CXX object lib/ExecutionEngine/JITLink/CMakeFiles/LLVMJITLink.dir/ppc64.cpp.o
[2578/4503] Building CXX object lib/Target/AMDGPU/MCTargetDesc/CMakeFiles/LLVMAMDGPUDesc.dir/AMDGPUELFStreamer.cpp.o
[2579/4503] Building CXX object lib/ExecutionEngine/JITLink/CMakeFiles/LLVMJITLink.dir/XCOFFLinkGraphBuilder.cpp.o
[2580/4503] Building CXX object lib/ExecutionEngine/JITLink/CMakeFiles/LLVMJITLink.dir/riscv.cpp.o
[2581/4503] Linking CXX static library lib/libLLVMAMDGPUInfo.a
[2582/4503] Linking CXX static library lib/libLLVMAMDGPUUtils.a
[2583/4503] Building CXX object lib/ExecutionEngine/JITLink/CMakeFiles/LLVMJITLink.dir/aarch32.cpp.o
[2584/4503] Building CXX object lib/ExecutionEngine/JITLink/CMakeFiles/LLVMJITLink.dir/x86.cpp.o
[2585/4503] Building CXX object lib/Target/AMDGPU/MCTargetDesc/CMakeFiles/LLVMAMDGPUDesc.dir/R600MCTargetDesc.cpp.o
[2586/4503] Building CXX object lib/Target/AMDGPU/MCTargetDesc/CMakeFiles/LLVMAMDGPUDesc.dir/R600InstPrinter.cpp.o
[2587/4503] Building CXX object lib/Target/AMDGPU/MCTargetDesc/CMakeFiles/LLVMAMDGPUDesc.dir/AMDGPUMCAsmInfo.cpp.o
[2588/4503] Building CXX object lib/ExecutionEngine/JITLink/CMakeFiles/LLVMJITLink.dir/x86_64.cpp.o
[2589/4503] Building CXX object lib/Target/AMDGPU/MCTargetDesc/CMakeFiles/LLVMAMDGPUDesc.dir/AMDGPUELFObjectWriter.cpp.o
[2590/4503] Building CXX object lib/Target/AMDGPU/MCTargetDesc/CMakeFiles/LLVMAMDGPUDesc.dir/R600MCCodeEmitter.cpp.o
[2591/4503] Building CXX object lib/Target/X86/MCTargetDesc/CMakeFiles/LLVMX86Desc.dir/X86ATTInstPrinter.cpp.o
[2592/4503] Building CXX object lib/Target/X86/MCTargetDesc/CMakeFiles/LLVMX86Desc.dir/X86InstPrinterCommon.cpp.o
[2593/4503] Building CXX object lib/Target/X86/MCTargetDesc/CMakeFiles/LLVMX86Desc.dir/X86IntelInstPrinter.cpp.o
[2594/4503] Building CXX object lib/Target/X86/MCTargetDesc/CMakeFiles/LLVMX86Desc.dir/X86ShuffleDecode.cpp.o
[2595/4503] Building CXX object lib/Target/X86/MCTargetDesc/CMakeFiles/LLVMX86Desc.dir/X86InstComments.cpp.o
[2596/4503] Building CXX object lib/Target/AMDGPU/MCTargetDesc/CMakeFiles/LLVMAMDGPUDesc.dir/AMDGPUAsmBackend.cpp.o
[2597/4503] Building CXX object lib/Target/X86/MCTargetDesc/CMakeFiles/LLVMX86Desc.dir/X86MCAsmInfo.cpp.o
[2598/4503] Building CXX object lib/Target/X86/MCTargetDesc/CMakeFiles/LLVMX86Desc.dir/X86EncodingOptimization.cpp.o
[2599/4503] Linking CXX static library lib/libLLVMX86Info.a
[2600/4503] Building CXX object lib/Target/AMDGPU/MCTargetDesc/CMakeFiles/LLVMAMDGPUDesc.dir/AMDGPUMCKernelDescriptor.cpp.o
[2601/4503] Building CXX object lib/Target/AMDGPU/MCTargetDesc/CMakeFiles/LLVMAMDGPUDesc.dir/AMDGPUTargetStreamer.cpp.o
[2602/4503] Building CXX object lib/Target/X86/MCTargetDesc/CMakeFiles/LLVMX86Desc.dir/X86ELFObjectWriter.cpp.o
[2603/4503] Building CXX object lib/Target/X86/MCTargetDesc/CMakeFiles/LLVMX86Desc.dir/X86WinCOFFObjectWriter.cpp.o
[2604/4503] Linking CXX static library lib/libLLVMTextAPIBinaryReader.a
[2605/4503] Building Options.inc...
[2606/4503] Generating VCSVersion.inc
[2607/4503] Copying clang's builtins.h...
[2608/4503] Building CXX object lib/Target/X86/MCTargetDesc/CMakeFiles/LLVMX86Desc.dir/X86WinCOFFStreamer.cpp.o
[2609/4503] Copying clang's float.h...
[2610/4503] Copying clang's iso646.h...
[2611/4503] Copying clang's inttypes.h...
[2612/4503] Copying clang's limits.h...
[2613/4503] Copying clang's stdalign.h...
[2614/4503] Copying clang's module.modulemap...
[2615/4503] Copying clang's stdarg.h...
[2616/4503] Copying clang's __stdarg___gnuc_va_list.h...
[2617/4503] Linking CXX static library lib/libLLVMPasses.a
[2618/4503] Copying clang's __stdarg___va_copy.h...
[2619/4503] Copying clang's __stdarg_va_arg.h...
[2620/4503] Copying clang's __stdarg_header_macro.h...
[2621/4503] Copying clang's __stdarg_va_list.h...
[2622/4503] Copying clang's __stdarg_va_copy.h...
[2623/4503] Copying clang's stdatomic.h...
[2624/4503] Copying clang's stdcountof.h...
[2625/4503] Copying clang's stdbool.h...
[2626/4503] Copying clang's stdckdint.h...
[2627/4503] Copying clang's stddef.h...
[2628/4503] Copying clang's __stddef_max_align_t.h...
[2629/4503] Copying clang's __stddef_null.h...
[2630/4503] Copying clang's __stddef_header_macro.h...
[2631/4503] Copying clang's __stddef_nullptr_t.h...
[2632/4503] Copying clang's __stddef_ptrdiff_t.h...
[2633/4503] Copying clang's __stddef_offsetof.h...
[2634/4503] Copying clang's __stddef_rsize_t.h...
[2635/4503] Copying clang's __stddef_size_t.h...
[2636/4503] Copying clang's __stddef_unreachable.h...
[2637/4503] Copying clang's __stddef_wchar_t.h...
[2638/4503] Copying clang's __stddef_wint_t.h...
[2639/4503] Copying clang's stdint.h...
[2640/4503] Copying clang's stdnoreturn.h...
[2641/4503] Copying clang's tgmath.h...
[2642/4503] Copying clang's varargs.h...
[2643/4503] Copying clang's unwind.h...
[2644/4503] Copying clang's arm_acle.h...
[2645/4503] Copying clang's armintr.h...
[2646/4503] Copying clang's arm_cmse.h...
[2647/4503] Copying clang's arm_neon_sve_bridge.h...
[2648/4503] Copying clang's arm64intr.h...
[2649/4503] Copying clang's __clang_cuda_builtin_vars.h...
[2650/4503] Copying clang's __clang_cuda_math.h...
[2651/4503] Copying clang's __clang_cuda_cmath.h...
[2652/4503] Copying clang's __clang_cuda_complex_builtins.h...
[2653/4503] Copying clang's __clang_cuda_device_functions.h...
[2654/4503] Copying clang's __clang_cuda_intrinsics.h...
[2655/4503] Copying clang's __clang_cuda_texture_intrinsics.h...
[2656/4503] Copying clang's __clang_cuda_libdevice_declares.h...
[2657/4503] Copying clang's __clang_cuda_math_forward_declares.h...
[2658/4503] Copying clang's hexagon_circ_brev_intrinsics.h...
[2659/4503] Copying clang's hexagon_protos.h...
[2660/4503] Copying clang's hexagon_types.h...
[2661/4503] Copying clang's hvx_hexagon_protos.h...
[2662/4503] Copying clang's __clang_hip_libdevice_declares.h...
[2663/4503] Copying clang's __clang_cuda_runtime_wrapper.h...
[2664/4503] Copying clang's __clang_hip_cmath.h...
[2665/4503] Copying clang's __clang_hip_stdlib.h...
[2666/4503] Copying clang's __clang_hip_runtime_wrapper.h...
[2667/4503] Copying clang's __clang_hip_math.h...
[2668/4503] Copying clang's larchintrin.h...
[2669/4503] Copying clang's lasxintrin.h...
[2670/4503] Copying clang's lsxintrin.h...
[2671/4503] Copying clang's opencl-c.h...
[2672/4503] Copying clang's opencl-c-base.h...
[2673/4503] Copying clang's msa.h...
[2674/4503] Copying clang's htmintrin.h...
[2675/4503] Copying clang's altivec.h...
[2676/4503] Copying clang's htmxlintrin.h...
[2677/4503] Copying clang's riscv_bitmanip.h...
[2678/4503] Copying clang's riscv_corev_alu.h...
[2679/4503] Copying clang's riscv_nds.h...
[2680/4503] Copying clang's riscv_crypto.h...
[2681/4503] Copying clang's riscv_ntlh.h...
[2682/4503] Copying clang's andes_vector.h...
[2683/4503] Copying clang's sifive_vector.h...
[2684/4503] Copying clang's __clang_spirv_builtins.h...
[2685/4503] Copying clang's riscv_mips.h...
[2686/4503] Copying clang's s390intrin.h...
[2687/4503] Copying clang's vecintrin.h...
[2688/4503] Copying clang's velintrin.h...
[2689/4503] Copying clang's velintrin_gen.h...
[2690/4503] Copying clang's velintrin_approx.h...
[2691/4503] Copying clang's adcintrin.h...
[2692/4503] Copying clang's adxintrin.h...
[2693/4503] Copying clang's amxavx512intrin.h...
[2694/4503] Copying clang's ammintrin.h...
[2695/4503] Copying clang's amxbf16transposeintrin.h...
[2696/4503] Copying clang's amxcomplexintrin.h...
[2697/4503] Copying clang's amxcomplextransposeintrin.h...
[2698/4503] Copying clang's amxfp16intrin.h...
[2699/4503] Copying clang's amxfp8intrin.h...
[2700/4503] Copying clang's amxfp16transposeintrin.h...
[2701/4503] Copying clang's amxintrin.h...
[2702/4503] Copying clang's amxmovrsintrin.h...
[2703/4503] Copying clang's amxtf32intrin.h...
[2704/4503] Copying clang's amxtf32transposeintrin.h...
[2705/4503] Copying clang's amxmovrstransposeintrin.h...
[2706/4503] Copying clang's amxtransposeintrin.h...
[2707/4503] Copying clang's avx10_2_512bf16intrin.h...
[2708/4503] Copying clang's avx10_2_512minmaxintrin.h...
[2709/4503] Copying clang's avx10_2_512niintrin.h...
[2710/4503] Copying clang's avx10_2_512convertintrin.h...
[2711/4503] Copying clang's avx10_2_512satcvtdsintrin.h...
[2712/4503] Copying clang's avx10_2bf16intrin.h...
[2713/4503] Copying clang's avx10_2_512satcvtintrin.h...
[2714/4503] Copying clang's avx10_2convertintrin.h...
[2715/4503] Copying clang's avx10_2copyintrin.h...
[2716/4503] Copying clang's avx10_2minmaxintrin.h...
[2717/4503] Copying clang's avx10_2satcvtdsintrin.h...
[2718/4503] Copying clang's avx10_2satcvtintrin.h...
[2719/4503] Copying clang's avx512bf16intrin.h...
[2720/4503] Copying clang's avx2intrin.h...
[2721/4503] Copying clang's avx10_2niintrin.h...
[2722/4503] Copying clang's avx512bitalgintrin.h...
[2723/4503] Copying clang's avx512cdintrin.h...
[2724/4503] Copying clang's avx512dqintrin.h...
[2725/4503] Copying clang's avx512fintrin.h...
[2726/4503] Copying clang's avx512bwintrin.h...
[2727/4503] Copying clang's avx512fp16intrin.h...
[2728/4503] Copying clang's avx512ifmavlintrin.h...
[2729/4503] Copying clang's avx512vbmi2intrin.h...
[2730/4503] Copying clang's avx512ifmaintrin.h...
[2731/4503] Copying clang's avx512vbmiintrin.h...
[2732/4503] Building CXX object lib/Target/X86/MCTargetDesc/CMakeFiles/LLVMX86Desc.dir/X86MachObjectWriter.cpp.o
[2733/4503] Copying clang's avx512vbmivlintrin.h...
[2734/4503] Copying clang's avx512vlbitalgintrin.h...
[2735/4503] Copying clang's avx512vlbwintrin.h...
[2736/4503] Copying clang's avx512vlbf16intrin.h...
[2737/4503] Copying clang's avx512vlcdintrin.h...
[2738/4503] Copying clang's avx512vldqintrin.h...
[2739/4503] Copying clang's avx512vlfp16intrin.h...
[2740/4503] Copying clang's avx512vlvnniintrin.h...
[2741/4503] Copying clang's avx512vlvbmi2intrin.h...
[2742/4503] Copying clang's avx512vlintrin.h...
[2743/4503] Copying clang's avx512vlvp2intersectintrin.h...
[2744/4503] Copying clang's avx512vnniintrin.h...
[2745/4503] Copying clang's avx512vp2intersectintrin.h...
[2746/4503] Copying clang's avx512vpopcntdqintrin.h...
[2747/4503] Copying clang's avxintrin.h...
[2748/4503] Copying clang's avxifmaintrin.h...
[2749/4503] Copying clang's avx512vpopcntdqvlintrin.h...
[2750/4503] Copying clang's avxneconvertintrin.h...
[2751/4503] Copying clang's avxvnniint16intrin.h...
[2752/4503] Copying clang's avxvnniint8intrin.h...
[2753/4503] Copying clang's avxvnniintrin.h...
[2754/4503] Copying clang's bmi2intrin.h...
[2755/4503] Copying clang's bmiintrin.h...
[2756/4503] Copying clang's cetintrin.h...
[2757/4503] Copying clang's clflushoptintrin.h...
[2758/4503] Copying clang's cldemoteintrin.h...
[2759/4503] Copying clang's clwbintrin.h...
[2760/4503] Copying clang's clzerointrin.h...
[2761/4503] Copying clang's cmpccxaddintrin.h...
[2762/4503] Copying clang's crc32intrin.h...
[2763/4503] Copying clang's emmintrin.h...
[2764/4503] Building CXX object lib/Target/X86/MCTargetDesc/CMakeFiles/LLVMX86Desc.dir/X86MCCodeEmitter.cpp.o
[2765/4503] Copying clang's enqcmdintrin.h...
[2766/4503] Copying clang's f16cintrin.h...
[2767/4503] Copying clang's fma4intrin.h...
[2768/4503] Copying clang's fmaintrin.h...
[2769/4503] Copying clang's fxsrintrin.h...
[2770/4503] Copying clang's hresetintrin.h...
[2771/4503] Copying clang's ia32intrin.h...
[2772/4503] Copying clang's immintrin.h...
[2773/4503] Copying clang's gfniintrin.h...
[2774/4503] Copying clang's lwpintrin.h...
[2775/4503] Copying clang's invpcidintrin.h...
[2776/4503] Copying clang's keylockerintrin.h...
[2777/4503] Copying clang's lzcntintrin.h...
[2778/4503] Copying clang's mm3dnow.h...
[2779/4503] Copying clang's mmintrin.h...
[2780/4503] Copying clang's movdirintrin.h...
[2781/4503] Copying clang's movrs_avx10_2intrin.h...
[2782/4503] Copying clang's movrs_avx10_2_512intrin.h...
[2783/4503] Copying clang's movrsintrin.h...
[2784/4503] Copying clang's mwaitxintrin.h...
[2785/4503] Copying clang's nmmintrin.h...
[2786/4503] Copying clang's omp_libmextras.h...
[2787/4503] Copying clang's pconfigintrin.h...
[2788/4503] Copying clang's pkuintrin.h...
[2789/4503] Copying clang's pmmintrin.h...
[2790/4503] Copying clang's popcntintrin.h...
[2791/4503] Copying clang's prfchiintrin.h...
[2792/4503] Copying clang's ptwriteintrin.h...
[2793/4503] Copying clang's ptrauth.h...
[2794/4503] Copying clang's prfchwintrin.h...
[2795/4503] Copying clang's raointintrin.h...
[2796/4503] Copying clang's rdseedintrin.h...
[2797/4503] Copying clang's sgxintrin.h...
[2798/4503] Copying clang's rtmintrin.h...
[2799/4503] Copying clang's rdpruintrin.h...
[2800/4503] Copying clang's serializeintrin.h...
[2801/4503] Copying clang's sha512intrin.h...
[2802/4503] Copying clang's sm3intrin.h...
[2803/4503] Copying clang's sm4intrin.h...
[2804/4503] Copying clang's sm4evexintrin.h...
[2805/4503] Copying clang's shaintrin.h...
[2806/4503] Copying clang's smmintrin.h...
[2807/4503] Copying clang's tmmintrin.h...
[2808/4503] Copying clang's tbmintrin.h...
[2809/4503] Copying clang's tsxldtrkintrin.h...
[2810/4503] Copying clang's uintrintrin.h...
[2811/4503] Copying clang's usermsrintrin.h...
[2812/4503] Copying clang's vaesintrin.h...
[2813/4503] Copying clang's vpclmulqdqintrin.h...
[2814/4503] Copying clang's waitpkgintrin.h...
[2815/4503] Copying clang's wbnoinvdintrin.h...
[2816/4503] Copying clang's __wmmintrin_aes.h...
[2817/4503] Copying clang's wmmintrin.h...
[2818/4503] Copying clang's __wmmintrin_pclmul.h...
[2819/4503] Copying clang's x86gprintrin.h...
[2820/4503] Copying clang's x86intrin.h...
[2821/4503] Copying clang's xopintrin.h...
[2822/4503] Copying clang's xmmintrin.h...
[2823/4503] Copying clang's xsaveintrin.h...
[2824/4503] Copying clang's xsavecintrin.h...
[2825/4503] Copying clang's xsaveoptintrin.h...
[2826/4503] Copying clang's xsavesintrin.h...
[2827/4503] Copying clang's xtestintrin.h...
[2828/4503] Copying clang's cet.h...
[2829/4503] Copying clang's nvptxintrin.h...
[2830/4503] Copying clang's amdgpuintrin.h...
[2831/4503] Copying clang's wasm_simd128.h...
[2832/4503] Copying clang's cpuid.h...
[2833/4503] Copying clang's intrin0.h...
[2834/4503] Copying clang's gpuintrin.h...
[2835/4503] Copying clang's intrin.h...
[2836/4503] Copying clang's yvals_core.h...
[2837/4503] Copying clang's vadefs.h...
[2838/4503] Copying clang's cuda_wrappers/algorithm...
[2839/4503] Copying clang's mm_malloc.h...
[2840/4503] Copying clang's cuda_wrappers/cmath...
[2841/4503] Copying clang's cuda_wrappers/complex...
[2842/4503] Copying clang's cuda_wrappers/bits/c++config.h...
[2843/4503] Copying clang's cuda_wrappers/bits/shared_ptr_base.h...
[2844/4503] Copying clang's cuda_wrappers/bits/basic_string.h...
[2845/4503] Copying clang's cuda_wrappers/__utility/declval.h...
[2846/4503] Copying clang's cuda_wrappers/new...
[2847/4503] Copying clang's ppc_wrappers/mmintrin.h...
[2848/4503] Copying clang's ppc_wrappers/xmmintrin.h...
[2849/4503] Copying clang's ppc_wrappers/mm_malloc.h...
[2850/4503] Copying clang's cuda_wrappers/bits/basic_string.tcc...
[2851/4503] Copying clang's ppc_wrappers/pmmintrin.h...
[2852/4503] Copying clang's ppc_wrappers/emmintrin.h...
[2853/4503] Copying clang's ppc_wrappers/tmmintrin.h...
[2854/4503] Copying clang's ppc_wrappers/smmintrin.h...
[2855/4503] Copying clang's ppc_wrappers/nmmintrin.h...
[2856/4503] Copying clang's ppc_wrappers/bmi2intrin.h...
[2857/4503] Copying clang's ppc_wrappers/bmiintrin.h...
[2858/4503] Copying clang's ppc_wrappers/immintrin.h...
[2859/4503] Copying clang's ppc_wrappers/x86intrin.h...
[2860/4503] Copying clang's ppc_wrappers/x86gprintrin.h...
[2861/4503] Copying clang's openmp_wrappers/math.h...
[2862/4503] Copying clang's openmp_wrappers/complex...
[2863/4503] Copying clang's openmp_wrappers/__clang_openmp_device_functions.h...
[2864/4503] Copying clang's openmp_wrappers/cmath...
[2865/4503] Copying clang's openmp_wrappers/complex.h...
[2866/4503] Copying clang's openmp_wrappers/complex_cmath.h...
[2867/4503] Copying clang's openmp_wrappers/new...
[2868/4503] Copying clang's hlsl.h...
[2869/4503] Copying clang's zos_wrappers/builtins.h...
[2870/4503] Copying clang's openmp_wrappers/hip/hip_runtime.h...
[2871/4503] Copying clang's hlsl/hlsl_basic_types.h...
[2872/4503] Copying clang's hlsl/hlsl_alias_intrinsics.h...
[2873/4503] Copying clang's hlsl/hlsl_compat_overloads.h...
[2874/4503] Copying clang's hlsl/hlsl_intrinsic_helpers.h...
[2875/4503] Copying clang's hlsl/hlsl_intrinsics.h...
[2876/4503] Copying clang's hlsl/hlsl_detail.h...
[2877/4503] Copying clang's hlsl/hlsl_spirv.h...
[2878/4503] Copying clang's llvm_libc_wrappers/assert.h...
[2879/4503] Copying clang's llvm_libc_wrappers/stdlib.h...
[2880/4503] Copying clang's llvm_libc_wrappers/stdio.h...
[2881/4503] Copying clang's llvm_libc_wrappers/inttypes.h...
[2882/4503] Copying clang's llvm_libc_wrappers/time.h...
[2883/4503] Copying clang's llvm_libc_wrappers/ctype.h...
[2884/4503] Copying clang's llvm_offload_wrappers/__llvm_offload.h...
[2885/4503] Copying clang's llvm_offload_wrappers/__llvm_offload_device.h...
[2886/4503] Copying clang's llvm_libc_wrappers/string.h...
[2887/4503] Copying clang's llvm_offload_wrappers/__llvm_offload_host.h...
[2888/4503] Building CXX object lib/Target/X86/MCTargetDesc/CMakeFiles/LLVMX86Desc.dir/X86AsmBackend.cpp.o
[2889/4503] Building CXX object lib/Target/X86/MCTargetDesc/CMakeFiles/LLVMX86Desc.dir/X86MnemonicTables.cpp.o
[2890/4503] Building CXX object lib/Target/X86/MCTargetDesc/CMakeFiles/LLVMX86Desc.dir/X86WinCOFFTargetStreamer.cpp.o
[2891/4503] Building CXX object lib/ProfileData/Coverage/CMakeFiles/LLVMCoverage.dir/CoverageMappingWriter.cpp.o
[2892/4503] Linking CXX static library lib/libclangStaticAnalyzerCore.a
[2893/4503] Building CXX object tools/clang/lib/InstallAPI/CMakeFiles/obj.clangInstallAPI.dir/Library.cpp.o
[2894/4503] Building CXX object tools/clang/lib/InstallAPI/CMakeFiles/obj.clangInstallAPI.dir/HeaderFile.cpp.o
[2895/4503] Building CXX object tools/clang/lib/InstallAPI/CMakeFiles/obj.clangInstallAPI.dir/DiagnosticBuilderWrappers.cpp.o
[2896/4503] Building CXX object tools/clang/lib/InstallAPI/CMakeFiles/obj.clangInstallAPI.dir/FileList.cpp.o
[2897/4503] Building CXX object lib/Target/AMDGPU/MCTargetDesc/CMakeFiles/LLVMAMDGPUDesc.dir/AMDGPUMCExpr.cpp.o
[2898/4503] Building CXX object tools/clang/lib/InstallAPI/CMakeFiles/obj.clangInstallAPI.dir/DirectoryScanner.cpp.o
[2899/4503] Building CXX object lib/Target/X86/MCTargetDesc/CMakeFiles/LLVMX86Desc.dir/X86MCTargetDesc.cpp.o
[2900/4503] Building CXX object tools/clang/lib/InstallAPI/CMakeFiles/obj.clangInstallAPI.dir/DylibVerifier.cpp.o
[2901/4503] Building CXX object lib/ProfileData/Coverage/CMakeFiles/LLVMCoverage.dir/CoverageMappingReader.cpp.o
[2902/4503] Building CXX object lib/ProfileData/Coverage/CMakeFiles/LLVMCoverage.dir/CoverageMapping.cpp.o
[2903/4503] Building CXX object tools/clang/lib/StaticAnalyzer/Checkers/CMakeFiles/obj.clangStaticAnalyzerCheckers.dir/AnalyzerStatsChecker.cpp.o
[2904/4503] Building CXX object tools/clang/lib/StaticAnalyzer/Checkers/CMakeFiles/obj.clangStaticAnalyzerCheckers.dir/AnalysisOrderChecker.cpp.o
[2905/4503] Building CXX object tools/clang/lib/StaticAnalyzer/Checkers/CMakeFiles/obj.clangStaticAnalyzerCheckers.dir/AssumeModeling.cpp.o
[2906/4503] Building CXX object lib/Target/AMDGPU/MCTargetDesc/CMakeFiles/LLVMAMDGPUDesc.dir/AMDGPUInstPrinter.cpp.o
[2907/4503] Building CXX object tools/clang/lib/StaticAnalyzer/Checkers/CMakeFiles/obj.clangStaticAnalyzerCheckers.dir/BitwiseShiftChecker.cpp.o
[2908/4503] Building CXX object tools/clang/lib/StaticAnalyzer/Checkers/CMakeFiles/obj.clangStaticAnalyzerCheckers.dir/ArrayBoundChecker.cpp.o
[2909/4503] Building CXX object tools/clang/lib/StaticAnalyzer/Checkers/CMakeFiles/obj.clangStaticAnalyzerCheckers.dir/BlockInCriticalSectionChecker.cpp.o
[2910/4503] Building CXX object tools/clang/lib/StaticAnalyzer/Checkers/CMakeFiles/obj.clangStaticAnalyzerCheckers.dir/BoolAssignmentChecker.cpp.o
[2911/4503] Building CXX object tools/clang/lib/InstallAPI/CMakeFiles/obj.clangInstallAPI.dir/Frontend.cpp.o
[2912/4503] Building CXX object tools/clang/lib/StaticAnalyzer/Checkers/CMakeFiles/obj.clangStaticAnalyzerCheckers.dir/BasicObjCFoundationChecks.cpp.o
[2913/4503] Building CXX object lib/Target/AMDGPU/MCTargetDesc/CMakeFiles/LLVMAMDGPUDesc.dir/AMDGPUMCTargetDesc.cpp.o
[2914/4503] Building CXX object tools/clang/lib/StaticAnalyzer/Checkers/CMakeFiles/obj.clangStaticAnalyzerCheckers.dir/BuiltinFunctionChecker.cpp.o
[2915/4503] Building CXX object tools/clang/lib/StaticAnalyzer/Checkers/CMakeFiles/obj.clangStaticAnalyzerCheckers.dir/CStringSyntaxChecker.cpp.o
[2916/4503] Building CXX object tools/clang/lib/StaticAnalyzer/Checkers/CMakeFiles/obj.clangStaticAnalyzerCheckers.dir/CheckObjCInstMethSignature.cpp.o
[2917/4503] Building CXX object tools/clang/lib/StaticAnalyzer/Checkers/CMakeFiles/obj.clangStaticAnalyzerCheckers.dir/CastToStructChecker.cpp.o
[2918/4503] Building CXX object tools/clang/lib/StaticAnalyzer/Checkers/CMakeFiles/obj.clangStaticAnalyzerCheckers.dir/CallAndMessageChecker.cpp.o
[2919/4503] Building CXX object tools/clang/lib/StaticAnalyzer/Checkers/CMakeFiles/obj.clangStaticAnalyzerCheckers.dir/CastValueChecker.cpp.o
[2920/4503] Building CXX object tools/clang/lib/StaticAnalyzer/Checkers/CMakeFiles/obj.clangStaticAnalyzerCheckers.dir/CheckPlacementNew.cpp.o
[2921/4503] Building CXX object tools/clang/lib/StaticAnalyzer/Checkers/CMakeFiles/obj.clangStaticAnalyzerCheckers.dir/ChrootChecker.cpp.o
[2922/4503] Building CXX object tools/clang/lib/StaticAnalyzer/Checkers/CMakeFiles/obj.clangStaticAnalyzerCheckers.dir/CheckerDocumentation.cpp.o
[2923/4503] Building CXX object tools/clang/lib/StaticAnalyzer/Checkers/CMakeFiles/obj.clangStaticAnalyzerCheckers.dir/CStringChecker.cpp.o
[2924/4503] Building CXX object tools/clang/lib/StaticAnalyzer/Checkers/CMakeFiles/obj.clangStaticAnalyzerCheckers.dir/CheckObjCDealloc.cpp.o
[2925/4503] Building CXX object tools/clang/lib/InstallAPI/CMakeFiles/obj.clangInstallAPI.dir/Visitor.cpp.o
[2926/4503] Building CXX object tools/clang/lib/StaticAnalyzer/Checkers/CMakeFiles/obj.clangStaticAnalyzerCheckers.dir/CheckSecuritySyntaxOnly.cpp.o
[2927/4503] Building CXX object tools/clang/lib/StaticAnalyzer/Checkers/CMakeFiles/obj.clangStaticAnalyzerCheckers.dir/ConversionChecker.cpp.o
[2928/4503] Building CXX object tools/clang/lib/StaticAnalyzer/Checkers/CMakeFiles/obj.clangStaticAnalyzerCheckers.dir/CloneChecker.cpp.o
[2929/4503] Building CXX object tools/clang/lib/StaticAnalyzer/Checkers/CMakeFiles/obj.clangStaticAnalyzerCheckers.dir/CXXDeleteChecker.cpp.o
[2930/4503] Building CXX object tools/clang/lib/StaticAnalyzer/Checkers/CMakeFiles/obj.clangStaticAnalyzerCheckers.dir/ContainerModeling.cpp.o
[2931/4503] Building CXX object tools/clang/lib/StaticAnalyzer/Checkers/CMakeFiles/obj.clangStaticAnalyzerCheckers.dir/CXXSelfAssignmentChecker.cpp.o
[2932/4503] Building CXX object tools/clang/lib/StaticAnalyzer/Checkers/CMakeFiles/obj.clangStaticAnalyzerCheckers.dir/DeadStoresChecker.cpp.o
[2933/4503] Building CXX object tools/clang/lib/StaticAnalyzer/Checkers/CMakeFiles/obj.clangStaticAnalyzerCheckers.dir/DebugContainerModeling.cpp.o
[2934/4503] Building CXX object tools/clang/lib/StaticAnalyzer/Checkers/CMakeFiles/obj.clangStaticAnalyzerCheckers.dir/DebugIteratorModeling.cpp.o
[2935/4503] Building CXX object tools/clang/lib/StaticAnalyzer/Checkers/CMakeFiles/obj.clangStaticAnalyzerCheckers.dir/DivZeroChecker.cpp.o
[2936/4503] Building CXX object tools/clang/lib/StaticAnalyzer/Checkers/CMakeFiles/obj.clangStaticAnalyzerCheckers.dir/DereferenceChecker.cpp.o
[2937/4503] Building CXX object tools/clang/lib/StaticAnalyzer/Checkers/CMakeFiles/obj.clangStaticAnalyzerCheckers.dir/DirectIvarAssignment.cpp.o
[2938/4503] Building CXX object tools/clang/lib/StaticAnalyzer/Checkers/CMakeFiles/obj.clangStaticAnalyzerCheckers.dir/DynamicTypeChecker.cpp.o
[2939/4503] Building CXX object tools/clang/lib/StaticAnalyzer/Checkers/CMakeFiles/obj.clangStaticAnalyzerCheckers.dir/DynamicTypePropagation.cpp.o
[2940/4503] Building CXX object tools/clang/lib/StaticAnalyzer/Checkers/CMakeFiles/obj.clangStaticAnalyzerCheckers.dir/ErrnoChecker.cpp.o
[2941/4503] Building CXX object tools/clang/lib/StaticAnalyzer/Checkers/CMakeFiles/obj.clangStaticAnalyzerCheckers.dir/EnumCastOutOfRangeChecker.cpp.o
[2942/4503] Building CXX object tools/clang/lib/StaticAnalyzer/Checkers/CMakeFiles/obj.clangStaticAnalyzerCheckers.dir/DebugCheckers.cpp.o
[2943/4503] Building CXX object tools/clang/lib/StaticAnalyzer/Checkers/CMakeFiles/obj.clangStaticAnalyzerCheckers.dir/ErrnoModeling.cpp.o
[2944/4503] Building CXX object tools/clang/lib/StaticAnalyzer/Checkers/CMakeFiles/obj.clangStaticAnalyzerCheckers.dir/ErrnoTesterChecker.cpp.o
[2945/4503] Building CXX object tools/clang/lib/StaticAnalyzer/Checkers/CMakeFiles/obj.clangStaticAnalyzerCheckers.dir/FixedAddressChecker.cpp.o
[2946/4503] Building CXX object tools/clang/lib/StaticAnalyzer/Checkers/CMakeFiles/obj.clangStaticAnalyzerCheckers.dir/GTestChecker.cpp.o
[2947/4503] Building CXX object tools/clang/lib/StaticAnalyzer/Checkers/CMakeFiles/obj.clangStaticAnalyzerCheckers.dir/ExprInspectionChecker.cpp.o
[2948/4503] Building CXX object tools/clang/lib/StaticAnalyzer/Checkers/CMakeFiles/obj.clangStaticAnalyzerCheckers.dir/InvalidatedIteratorChecker.cpp.o
[2949/4503] Building CXX object tools/clang/lib/StaticAnalyzer/Checkers/CMakeFiles/obj.clangStaticAnalyzerCheckers.dir/FuchsiaHandleChecker.cpp.o
[2950/4503] Building CXX object tools/clang/lib/StaticAnalyzer/Checkers/CMakeFiles/obj.clangStaticAnalyzerCheckers.dir/Iterator.cpp.o
[2951/4503] Building CXX object tools/clang/lib/StaticAnalyzer/Checkers/CMakeFiles/obj.clangStaticAnalyzerCheckers.dir/IteratorRangeChecker.cpp.o
[2952/4503] Building CXX object tools/clang/lib/StaticAnalyzer/Checkers/CMakeFiles/obj.clangStaticAnalyzerCheckers.dir/InnerPointerChecker.cpp.o
[2953/4503] Building CXX object tools/clang/lib/StaticAnalyzer/Checkers/CMakeFiles/obj.clangStaticAnalyzerCheckers.dir/cert/InvalidPtrChecker.cpp.o
[2954/4503] Building CXX object tools/clang/lib/StaticAnalyzer/Checkers/CMakeFiles/obj.clangStaticAnalyzerCheckers.dir/LLVMConventionsChecker.cpp.o
[2955/4503] Building CXX object tools/clang/lib/StaticAnalyzer/Checkers/CMakeFiles/obj.clangStaticAnalyzerCheckers.dir/IvarInvalidationChecker.cpp.o
[2956/4503] Building CXX object tools/clang/lib/StaticAnalyzer/Checkers/CMakeFiles/obj.clangStaticAnalyzerCheckers.dir/IteratorModeling.cpp.o
[2957/4503] Building CXX object tools/clang/lib/StaticAnalyzer/Checkers/CMakeFiles/obj.clangStaticAnalyzerCheckers.dir/GCDAntipatternChecker.cpp.o
[2958/4503] Building CXX object tools/clang/lib/StaticAnalyzer/Checkers/CMakeFiles/obj.clangStaticAnalyzerCheckers.dir/MacOSKeychainAPIChecker.cpp.o
[2959/4503] Building CXX object tools/clang/lib/StaticAnalyzer/Checkers/CMakeFiles/obj.clangStaticAnalyzerCheckers.dir/GenericTaintChecker.cpp.o
[2960/4503] Building CXX object tools/clang/lib/StaticAnalyzer/Checkers/CMakeFiles/obj.clangStaticAnalyzerCheckers.dir/MacOSXAPIChecker.cpp.o
[2961/4503] Building CXX object tools/clang/lib/StaticAnalyzer/Checkers/CMakeFiles/obj.clangStaticAnalyzerCheckers.dir/MallocSizeofChecker.cpp.o
[2962/4503] Building CXX object tools/clang/lib/StaticAnalyzer/Checkers/CMakeFiles/obj.clangStaticAnalyzerCheckers.dir/MismatchedIteratorChecker.cpp.o
[2963/4503] Building CXX object tools/clang/lib/StaticAnalyzer/Checkers/CMakeFiles/obj.clangStaticAnalyzerCheckers.dir/MmapWriteExecChecker.cpp.o
[2964/4503] Building CXX object tools/clang/lib/StaticAnalyzer/Checkers/CMakeFiles/obj.clangStaticAnalyzerCheckers.dir/LocalizationChecker.cpp.o
[2965/4503] Building CXX object tools/clang/lib/StaticAnalyzer/Checkers/CMakeFiles/obj.clangStaticAnalyzerCheckers.dir/MPI-Checker/MPIBugReporter.cpp.o
[2966/4503] Building CXX object tools/clang/lib/StaticAnalyzer/Checkers/CMakeFiles/obj.clangStaticAnalyzerCheckers.dir/NSAutoreleasePoolChecker.cpp.o
[2967/4503] Building CXX object tools/clang/lib/StaticAnalyzer/Checkers/CMakeFiles/obj.clangStaticAnalyzerCheckers.dir/MIGChecker.cpp.o
[2968/4503] Building CXX object tools/clang/lib/StaticAnalyzer/Checkers/CMakeFiles/obj.clangStaticAnalyzerCheckers.dir/MoveChecker.cpp.o
[2969/4503] Building CXX object tools/clang/lib/StaticAnalyzer/Checkers/CMakeFiles/obj.clangStaticAnalyzerCheckers.dir/MPI-Checker/MPIFunctionClassifier.cpp.o
[2970/4503] Building CXX object tools/clang/lib/StaticAnalyzer/Checkers/CMakeFiles/obj.clangStaticAnalyzerCheckers.dir/MPI-Checker/MPIChecker.cpp.o
[2971/4503] Building CXX object tools/clang/lib/StaticAnalyzer/Checkers/CMakeFiles/obj.clangStaticAnalyzerCheckers.dir/NoReturnFunctionChecker.cpp.o
[2972/4503] Building CXX object tools/clang/lib/StaticAnalyzer/Checkers/CMakeFiles/obj.clangStaticAnalyzerCheckers.dir/NonNullParamChecker.cpp.o
[2973/4503] Building CXX object tools/clang/lib/StaticAnalyzer/Checkers/CMakeFiles/obj.clangStaticAnalyzerCheckers.dir/NonnullGlobalConstantsChecker.cpp.o
[2974/4503] Building CXX object tools/clang/lib/StaticAnalyzer/Checkers/CMakeFiles/obj.clangStaticAnalyzerCheckers.dir/NSErrorChecker.cpp.o
[2975/4503] Building CXX object lib/Target/AMDGPU/MCTargetDesc/CMakeFiles/LLVMAMDGPUDesc.dir/AMDGPUMCCodeEmitter.cpp.o
[2976/4503] Building CXX object tools/clang/lib/StaticAnalyzer/Checkers/CMakeFiles/obj.clangStaticAnalyzerCheckers.dir/NoOwnershipChangeVisitor.cpp.o
[2977/4503] Building CXX object tools/clang/lib/StaticAnalyzer/Checkers/CMakeFiles/obj.clangStaticAnalyzerCheckers.dir/ObjCAtSyncChecker.cpp.o
[2978/4503] Building CXX object tools/clang/lib/StaticAnalyzer/Checkers/CMakeFiles/obj.clangStaticAnalyzerCheckers.dir/NullabilityChecker.cpp.o
[2979/4503] Building CXX object tools/clang/lib/StaticAnalyzer/Checkers/CMakeFiles/obj.clangStaticAnalyzerCheckers.dir/MallocChecker.cpp.o
[2980/4503] Building CXX object tools/clang/lib/StaticAnalyzer/Checkers/CMakeFiles/obj.clangStaticAnalyzerCheckers.dir/ObjCPropertyChecker.cpp.o
[2981/4503] Building CXX object tools/clang/lib/StaticAnalyzer/Checkers/CMakeFiles/obj.clangStaticAnalyzerCheckers.dir/ObjCMissingSuperCallChecker.cpp.o
[2982/4503] Building CXX object tools/clang/lib/StaticAnalyzer/Checkers/CMakeFiles/obj.clangStaticAnalyzerCheckers.dir/ObjCContainersASTChecker.cpp.o
[2983/4503] Building CXX object tools/clang/lib/StaticAnalyzer/Checkers/CMakeFiles/obj.clangStaticAnalyzerCheckers.dir/ObjCContainersChecker.cpp.o
[2984/4503] Building CXX object tools/clang/lib/StaticAnalyzer/Checkers/CMakeFiles/obj.clangStaticAnalyzerCheckers.dir/ObjCSelfInitChecker.cpp.o
[2985/4503] Building CXX object tools/clang/lib/StaticAnalyzer/Checkers/CMakeFiles/obj.clangStaticAnalyzerCheckers.dir/ObjCUnusedIVarsChecker.cpp.o
[2986/4503] Building CXX object tools/clang/lib/StaticAnalyzer/Checkers/CMakeFiles/obj.clangStaticAnalyzerCheckers.dir/PointerSubChecker.cpp.o
[2987/4503] Building CXX object tools/clang/lib/StaticAnalyzer/Checkers/CMakeFiles/obj.clangStaticAnalyzerCheckers.dir/ObjCSuperDeallocChecker.cpp.o
[2988/4503] Building CXX object tools/clang/lib/StaticAnalyzer/Checkers/CMakeFiles/obj.clangStaticAnalyzerCheckers.dir/PaddingChecker.cpp.o
[2989/4503] Building CXX object tools/clang/lib/StaticAnalyzer/Checkers/CMakeFiles/obj.clangStaticAnalyzerCheckers.dir/ObjCAutoreleaseWriteChecker.cpp.o
[2990/4503] Building CXX object tools/clang/lib/StaticAnalyzer/Checkers/CMakeFiles/obj.clangStaticAnalyzerCheckers.dir/PointerArithChecker.cpp.o
[2991/4503] Building CXX object tools/clang/lib/StaticAnalyzer/Checkers/CMakeFiles/obj.clangStaticAnalyzerCheckers.dir/NumberObjectConversionChecker.cpp.o
[2992/4503] Building CXX object tools/clang/lib/StaticAnalyzer/Checkers/CMakeFiles/obj.clangStaticAnalyzerCheckers.dir/PutenvStackArrayChecker.cpp.o
[2993/4503] Building CXX object tools/clang/lib/StaticAnalyzer/Checkers/CMakeFiles/obj.clangStaticAnalyzerCheckers.dir/PthreadLockChecker.cpp.o
[2994/4503] Building CXX object tools/clang/lib/StaticAnalyzer/Checkers/CMakeFiles/obj.clangStaticAnalyzerCheckers.dir/ReturnUndefChecker.cpp.o
[2995/4503] Building CXX object tools/clang/lib/StaticAnalyzer/Checkers/CMakeFiles/obj.clangStaticAnalyzerCheckers.dir/ReturnPointerRangeChecker.cpp.o
[2996/4503] Building CXX object tools/clang/lib/StaticAnalyzer/Checkers/CMakeFiles/obj.clangStaticAnalyzerCheckers.dir/RetainCountChecker/RetainCountDiagnostics.cpp.o
[2997/4503] Building CXX object tools/clang/lib/StaticAnalyzer/Checkers/CMakeFiles/obj.clangStaticAnalyzerCheckers.dir/RetainCountChecker/RetainCountChecker.cpp.o
[2998/4503] Building CXX object tools/clang/lib/StaticAnalyzer/Checkers/CMakeFiles/obj.clangStaticAnalyzerCheckers.dir/ReturnValueChecker.cpp.o
[2999/4503] Building CXX object tools/clang/lib/StaticAnalyzer/Checkers/CMakeFiles/obj.clangStaticAnalyzerCheckers.dir/OSObjectCStyleCast.cpp.o
[3000/4503] Building CXX object tools/clang/lib/StaticAnalyzer/Checkers/CMakeFiles/obj.clangStaticAnalyzerCheckers.dir/SetgidSetuidOrderChecker.cpp.o
[3001/4503] Building CXX object tools/clang/lib/StaticAnalyzer/Checkers/CMakeFiles/obj.clangStaticAnalyzerCheckers.dir/SmartPtrChecker.cpp.o
[3002/4503] Building CXX object tools/clang/lib/StaticAnalyzer/Checkers/CMakeFiles/obj.clangStaticAnalyzerCheckers.dir/SimpleStreamChecker.cpp.o
[3003/4503] Building CXX object tools/clang/lib/StaticAnalyzer/Checkers/CMakeFiles/obj.clangStaticAnalyzerCheckers.dir/StoreToImmutableChecker.cpp.o
[3004/4503] Building CXX object tools/clang/lib/StaticAnalyzer/Checkers/CMakeFiles/obj.clangStaticAnalyzerCheckers.dir/StackAddrEscapeChecker.cpp.o
[3005/4503] Building CXX object tools/clang/lib/StaticAnalyzer/Checkers/CMakeFiles/obj.clangStaticAnalyzerCheckers.dir/SmartPtrModeling.cpp.o
[3006/4503] Building CXX object tools/clang/lib/StaticAnalyzer/Checkers/CMakeFiles/obj.clangStaticAnalyzerCheckers.dir/STLAlgorithmModeling.cpp.o
[3007/4503] Building CXX object tools/clang/lib/StaticAnalyzer/Checkers/CMakeFiles/obj.clangStaticAnalyzerCheckers.dir/StdVariantChecker.cpp.o
[3008/4503] Building CXX object tools/clang/lib/StaticAnalyzer/Checkers/CMakeFiles/obj.clangStaticAnalyzerCheckers.dir/StringChecker.cpp.o
[3009/4503] Building CXX object tools/clang/lib/StaticAnalyzer/Checkers/CMakeFiles/obj.clangStaticAnalyzerCheckers.dir/RunLoopAutoreleaseLeakChecker.cpp.o
[3010/4503] Building CXX object tools/clang/lib/StaticAnalyzer/Checkers/CMakeFiles/obj.clangStaticAnalyzerCheckers.dir/TaintTesterChecker.cpp.o
[3011/4503] Building CXX object tools/clang/lib/StaticAnalyzer/Checkers/CMakeFiles/obj.clangStaticAnalyzerCheckers.dir/TraversalChecker.cpp.o
[3012/4503] Building CXX object tools/clang/lib/StaticAnalyzer/Checkers/CMakeFiles/obj.clangStaticAnalyzerCheckers.dir/Taint.cpp.o
[3013/4503] Building CXX object tools/clang/lib/StaticAnalyzer/Checkers/CMakeFiles/obj.clangStaticAnalyzerCheckers.dir/TrustReturnsNonnullChecker.cpp.o
[3014/4503] Building CXX object tools/clang/lib/StaticAnalyzer/Checkers/CMakeFiles/obj.clangStaticAnalyzerCheckers.dir/TrustNonnullChecker.cpp.o
[3015/4503] Building CXX object tools/clang/lib/StaticAnalyzer/Checkers/CMakeFiles/obj.clangStaticAnalyzerCheckers.dir/TestAfterDivZeroChecker.cpp.o
[3016/4503] Building CXX object tools/clang/lib/StaticAnalyzer/Checkers/CMakeFiles/obj.clangStaticAnalyzerCheckers.dir/UndefBranchChecker.cpp.o
[3017/4503] Building CXX object tools/clang/lib/StaticAnalyzer/Checkers/CMakeFiles/obj.clangStaticAnalyzerCheckers.dir/UndefResultChecker.cpp.o
[3018/4503] Building CXX object tools/clang/lib/StaticAnalyzer/Checkers/CMakeFiles/obj.clangStaticAnalyzerCheckers.dir/UndefCapturedBlockVarChecker.cpp.o
[3019/4503] Building CXX object tools/clang/lib/StaticAnalyzer/Checkers/CMakeFiles/obj.clangStaticAnalyzerCheckers.dir/UndefinedArraySubscriptChecker.cpp.o
[3020/4503] Building CXX object tools/clang/lib/StaticAnalyzer/Checkers/CMakeFiles/obj.clangStaticAnalyzerCheckers.dir/UndefinedAssignmentChecker.cpp.o
[3021/4503] Building CXX object tools/clang/lib/StaticAnalyzer/Checkers/CMakeFiles/obj.clangStaticAnalyzerCheckers.dir/UndefinedNewArraySizeChecker.cpp.o
[3022/4503] Building CXX object tools/clang/lib/StaticAnalyzer/Checkers/CMakeFiles/obj.clangStaticAnalyzerCheckers.dir/UninitializedObject/UninitializedPointee.cpp.o
[3023/4503] Building CXX object tools/clang/lib/StaticAnalyzer/Checkers/CMakeFiles/obj.clangStaticAnalyzerCheckers.dir/UnreachableCodeChecker.cpp.o
[3024/4503] Building CXX object tools/clang/lib/StaticAnalyzer/Checkers/CMakeFiles/obj.clangStaticAnalyzerCheckers.dir/VforkChecker.cpp.o
[3025/4503] Building CXX object tools/clang/lib/StaticAnalyzer/Checkers/CMakeFiles/obj.clangStaticAnalyzerCheckers.dir/UnixAPIChecker.cpp.o
[3026/4503] Building CXX object tools/clang/lib/StaticAnalyzer/Checkers/CMakeFiles/obj.clangStaticAnalyzerCheckers.dir/StreamChecker.cpp.o
[3027/4503] Building InstallNameToolOpts.inc...
[3028/4503] Linking CXX static library lib/libLLVMAsmPrinter.a
[3029/4503] Linking CXX static library lib/libLLVMMIRParser.a
[3030/4503] Linking CXX static library lib/libLLVMFrontendDriver.a
[3031/4503] Linking CXX static library lib/libLLVMLTO.a
[3032/4503] Building CXX object lib/MCA/CMakeFiles/LLVMMCA.dir/CodeEmitter.cpp.o
[3033/4503] Building CXX object tools/clang/lib/StaticAnalyzer/Checkers/CMakeFiles/obj.clangStaticAnalyzerCheckers.dir/VLASizeChecker.cpp.o
[3034/4503] Building CXX object tools/clang/lib/StaticAnalyzer/Checkers/CMakeFiles/obj.clangStaticAnalyzerCheckers.dir/WebKit/ASTUtils.cpp.o
[3035/4503] Building CXX object tools/clang/lib/StaticAnalyzer/Checkers/CMakeFiles/obj.clangStaticAnalyzerCheckers.dir/StdLibraryFunctionsChecker.cpp.o
[3036/4503] Building CXX object lib/MCA/CMakeFiles/LLVMMCA.dir/HardwareUnits/HardwareUnit.cpp.o
[3037/4503] Building CXX object lib/MCA/CMakeFiles/LLVMMCA.dir/HWEventListener.cpp.o
[3038/4503] Building CXX object lib/MCA/CMakeFiles/LLVMMCA.dir/CustomBehaviour.cpp.o
[3039/4503] Building CXX object tools/clang/lib/StaticAnalyzer/Checkers/CMakeFiles/obj.clangStaticAnalyzerCheckers.dir/VirtualCallChecker.cpp.o
[3040/4503] Building CXX object lib/MCA/CMakeFiles/LLVMMCA.dir/HardwareUnits/LSUnit.cpp.o
[3041/4503] Building CXX object lib/MCA/CMakeFiles/LLVMMCA.dir/Context.cpp.o
[3042/4503] Building CXX object lib/MCA/CMakeFiles/LLVMMCA.dir/HardwareUnits/RetireControlUnit.cpp.o
[3043/4503] Building CXX object tools/clang/lib/StaticAnalyzer/Checkers/CMakeFiles/obj.clangStaticAnalyzerCheckers.dir/VAListChecker.cpp.o
[3044/4503] Building CXX object lib/MCA/CMakeFiles/LLVMMCA.dir/IncrementalSourceMgr.cpp.o
[3045/4503] Building CXX object lib/MCA/CMakeFiles/LLVMMCA.dir/HardwareUnits/RegisterFile.cpp.o
[3046/4503] Building CXX object tools/clang/lib/StaticAnalyzer/Checkers/CMakeFiles/obj.clangStaticAnalyzerCheckers.dir/WebKit/PtrTypesSemantics.cpp.o
[3047/4503] Building CXX object lib/MCA/CMakeFiles/LLVMMCA.dir/HardwareUnits/ResourceManager.cpp.o
[3048/4503] Building CXX object lib/MCA/CMakeFiles/LLVMMCA.dir/HardwareUnits/Scheduler.cpp.o
[3049/4503] Building CXX object lib/MCA/CMakeFiles/LLVMMCA.dir/Instruction.cpp.o
[3050/4503] Building CXX object lib/MCA/CMakeFiles/LLVMMCA.dir/Stages/DispatchStage.cpp.o
[3051/4503] Building CXX object lib/MCA/CMakeFiles/LLVMMCA.dir/Pipeline.cpp.o
[3052/4503] Building CXX object lib/MCA/CMakeFiles/LLVMMCA.dir/Stages/EntryStage.cpp.o
[3053/4503] Building CXX object tools/clang/lib/StaticAnalyzer/Checkers/CMakeFiles/obj.clangStaticAnalyzerCheckers.dir/UninitializedObject/UninitializedObjectChecker.cpp.o
[3054/4503] Building CXX object lib/MCA/CMakeFiles/LLVMMCA.dir/Stages/InstructionTables.cpp.o
[3055/4503] Building CXX object lib/MCA/CMakeFiles/LLVMMCA.dir/Stages/ExecuteStage.cpp.o
[3056/4503] Linking CXX static library lib/libLLVMExecutionEngine.a
[3057/4503] Linking CXX static library lib/libLLVMJITLink.a
[3058/4503] Building CXX object lib/MCA/CMakeFiles/LLVMMCA.dir/Stages/MicroOpQueueStage.cpp.o
[3059/4503] Building CXX object lib/MCA/CMakeFiles/LLVMMCA.dir/Stages/RetireStage.cpp.o
[3060/4503] Building CXX object lib/MCA/CMakeFiles/LLVMMCA.dir/Stages/Stage.cpp.o
[3061/4503] Building CXX object lib/MCA/CMakeFiles/LLVMMCA.dir/Support.cpp.o
[3062/4503] Building CXX object lib/MCA/CMakeFiles/LLVMMCA.dir/Stages/InOrderIssueStage.cpp.o
[3063/4503] Building CXX object lib/MCA/CMakeFiles/LLVMMCA.dir/InstrBuilder.cpp.o
[3064/4503] Building CXX object tools/clang/lib/StaticAnalyzer/Checkers/CMakeFiles/obj.clangStaticAnalyzerCheckers.dir/WebKit/RefCntblBaseVirtualDtorChecker.cpp.o
[3065/4503] Building CXX object tools/clang/lib/StaticAnalyzer/Checkers/CMakeFiles/obj.clangStaticAnalyzerCheckers.dir/WebKit/RawPtrRefCallArgsChecker.cpp.o
[3066/4503] Building CXX object lib/MCA/CMakeFiles/LLVMMCA.dir/View.cpp.o
[3067/4503] Building CXX object lib/ExecutionEngine/Orc/CMakeFiles/LLVMOrcJIT.dir/COFF.cpp.o
[3068/4503] Building CXX object tools/clang/lib/StaticAnalyzer/Checkers/CMakeFiles/obj.clangStaticAnalyzerCheckers.dir/WebKit/RawPtrRefLambdaCapturesChecker.cpp.o
[3069/4503] Building CXX object tools/clang/lib/StaticAnalyzer/Checkers/CMakeFiles/obj.clangStaticAnalyzerCheckers.dir/WebKit/RawPtrRefLocalVarsChecker.cpp.o
[3070/4503] Building CXX object lib/ExecutionEngine/Orc/CMakeFiles/LLVMOrcJIT.dir/AbsoluteSymbols.cpp.o
[3071/4503] Building CXX object tools/clang/lib/StaticAnalyzer/Checkers/CMakeFiles/obj.clangStaticAnalyzerCheckers.dir/WebKit/RawPtrRefMemberChecker.cpp.o
[3072/4503] Building CXX object lib/ExecutionEngine/Orc/CMakeFiles/LLVMOrcJIT.dir/EPCDynamicLibrarySearchGenerator.cpp.o
[3073/4503] Building CXX object lib/ExecutionEngine/Orc/CMakeFiles/LLVMOrcJIT.dir/DebugUtils.cpp.o
[3074/4503] Building CXX object lib/ExecutionEngine/Orc/CMakeFiles/LLVMOrcJIT.dir/EPCDebugObjectRegistrar.cpp.o
[3075/4503] Building CXX object lib/ExecutionEngine/Orc/CMakeFiles/LLVMOrcJIT.dir/CompileUtils.cpp.o
[3076/4503] Building CXX object lib/ExecutionEngine/Orc/CMakeFiles/LLVMOrcJIT.dir/EHFrameRegistrationPlugin.cpp.o
[3077/4503] Building CXX object lib/ExecutionEngine/Orc/CMakeFiles/LLVMOrcJIT.dir/COFFVCRuntimeSupport.cpp.o
[3078/4503] Building CXX object tools/clang/lib/StaticAnalyzer/Checkers/CMakeFiles/obj.clangStaticAnalyzerCheckers.dir/WebKit/MemoryUnsafeCastChecker.cpp.o
[3079/4503] Building CXX object lib/ExecutionEngine/Orc/CMakeFiles/LLVMOrcJIT.dir/CompileOnDemandLayer.cpp.o
[3080/4503] Building CXX object lib/ExecutionEngine/Orc/CMakeFiles/LLVMOrcJIT.dir/EPCGenericDylibManager.cpp.o
[3081/4503] Building CXX object tools/clang/lib/StaticAnalyzer/Checkers/CMakeFiles/obj.clangStaticAnalyzerCheckers.dir/WebKit/ForwardDeclChecker.cpp.o
[3082/4503] Building CXX object lib/ExecutionEngine/Orc/CMakeFiles/LLVMOrcJIT.dir/EPCGenericJITLinkMemoryManager.cpp.o
[3083/4503] Building CXX object lib/ExecutionEngine/Orc/CMakeFiles/LLVMOrcJIT.dir/EPCGenericRTDyldMemoryManager.cpp.o
[3084/4503] Building CXX object lib/ExecutionEngine/Orc/CMakeFiles/LLVMOrcJIT.dir/InProcessMemoryAccess.cpp.o
[3085/4503] Building CXX object lib/ExecutionEngine/Orc/CMakeFiles/LLVMOrcJIT.dir/DebugObjectManagerPlugin.cpp.o
[3086/4503] Building CXX object lib/ExecutionEngine/Orc/CMakeFiles/LLVMOrcJIT.dir/GetDylibInterface.cpp.o
[3087/4503] Building CXX object lib/ExecutionEngine/Orc/CMakeFiles/LLVMOrcJIT.dir/JITTargetMachineBuilder.cpp.o
[3088/4503] Building CXX object lib/ExecutionEngine/Orc/CMakeFiles/LLVMOrcJIT.dir/IRTransformLayer.cpp.o
[3089/4503] Building CXX object lib/ExecutionEngine/Orc/CMakeFiles/LLVMOrcJIT.dir/IRCompileLayer.cpp.o
[3090/4503] Building CXX object lib/ExecutionEngine/Orc/CMakeFiles/LLVMOrcJIT.dir/ObjectFileInterface.cpp.o
[3091/4503] Building CXX object lib/ExecutionEngine/Orc/CMakeFiles/LLVMOrcJIT.dir/EPCIndirectionUtils.cpp.o
[3092/4503] Building CXX object tools/clang/lib/StaticAnalyzer/Checkers/CMakeFiles/obj.clangStaticAnalyzerCheckers.dir/WebKit/RetainPtrCtorAdoptChecker.cpp.o
[3093/4503] Building CXX object lib/ExecutionEngine/Orc/CMakeFiles/LLVMOrcJIT.dir/LoadLinkableFile.cpp.o
[3094/4503] Building CXX object lib/ExecutionEngine/Orc/CMakeFiles/LLVMOrcJIT.dir/COFFPlatform.cpp.o
[3095/4503] Building CXX object lib/ExecutionEngine/Orc/CMakeFiles/LLVMOrcJIT.dir/LinkGraphLayer.cpp.o
[3096/4503] Building CXX object lib/ExecutionEngine/Orc/CMakeFiles/LLVMOrcJIT.dir/IRPartitionLayer.cpp.o
[3097/4503] Building CXX object lib/ExecutionEngine/Orc/CMakeFiles/LLVMOrcJIT.dir/LookupAndRecordAddrs.cpp.o
[3098/4503] Building CXX object lib/ExecutionEngine/Orc/CMakeFiles/LLVMOrcJIT.dir/LazyObjectLinkingLayer.cpp.o
[3099/4503] Building CXX object lib/ExecutionEngine/Orc/CMakeFiles/LLVMOrcJIT.dir/JITLinkReentryTrampolines.cpp.o
[3100/4503] Building CXX object lib/ExecutionEngine/Orc/CMakeFiles/LLVMOrcJIT.dir/Layer.cpp.o
[3101/4503] Building CXX object lib/ExecutionEngine/Orc/CMakeFiles/LLVMOrcJIT.dir/ExecutionUtils.cpp.o
[3102/4503] Building CXX object lib/ExecutionEngine/Orc/CMakeFiles/LLVMOrcJIT.dir/OrcABISupport.cpp.o
[3103/4503] Building CXX object lib/ExecutionEngine/Orc/CMakeFiles/LLVMOrcJIT.dir/MachO.cpp.o
[3104/4503] Building CXX object lib/ExecutionEngine/Orc/CMakeFiles/LLVMOrcJIT.dir/Core.cpp.o
[3105/4503] Building CXX object lib/ExecutionEngine/Orc/CMakeFiles/LLVMOrcJIT.dir/ObjectTransformLayer.cpp.o
[3106/4503] Building CXX object lib/ExecutionEngine/Orc/CMakeFiles/LLVMOrcJIT.dir/IndirectionUtils.cpp.o
[3107/4503] Building CXX object lib/ExecutionEngine/Orc/CMakeFiles/LLVMOrcJIT.dir/Mangling.cpp.o
[3108/4503] Building CXX object lib/ExecutionEngine/Orc/CMakeFiles/LLVMOrcJIT.dir/MapperJITLinkMemoryManager.cpp.o
[3109/4503] Building CXX object lib/ExecutionEngine/Orc/CMakeFiles/LLVMOrcJIT.dir/ObjectLinkingLayer.cpp.o
[3110/4503] Building CXX object lib/ExecutionEngine/Orc/CMakeFiles/LLVMOrcJIT.dir/LinkGraphLinkingLayer.cpp.o
[3111/4503] Building CXX object lib/ExecutionEngine/Orc/CMakeFiles/LLVMOrcJIT.dir/MemoryMapper.cpp.o
[3112/4503] Building CXX object lib/ExecutionEngine/Orc/CMakeFiles/LLVMOrcJIT.dir/LazyReexports.cpp.o
[3113/4503] Building CXX object lib/ExecutionEngine/Orc/CMakeFiles/LLVMOrcJIT.dir/ExecutorProcessControl.cpp.o
[3114/4503] Building CXX object lib/ExecutionEngine/Orc/CMakeFiles/LLVMOrcJIT.dir/SelfExecutorProcessControl.cpp.o
[3115/4503] Building CXX object lib/ExecutionEngine/Orc/CMakeFiles/LLVMOrcJIT.dir/SectCreate.cpp.o
[3116/4503] Building CXX object lib/ExecutionEngine/Orc/CMakeFiles/LLVMOrcJIT.dir/TaskDispatch.cpp.o
[3117/4503] Building CXX object lib/ExecutionEngine/Orc/CMakeFiles/LLVMOrcJIT.dir/RedirectionManager.cpp.o
[3118/4503] Building CXX object lib/ExecutionEngine/Orc/CMakeFiles/LLVMOrcJIT.dir/RTDyldObjectLinkingLayer.cpp.o
[3119/4503] Building CXX object lib/ExecutionEngine/Orc/CMakeFiles/LLVMOrcJIT.dir/ThreadSafeModule.cpp.o
[3120/4503] Building CXX object lib/ExecutionEngine/Orc/CMakeFiles/LLVMOrcJIT.dir/UnwindInfoRegistrationPlugin.cpp.o
[3121/4503] Building CXX object lib/ExecutionEngine/Orc/CMakeFiles/LLVMOrcJIT.dir/LLJIT.cpp.o
[3122/4503] Building CXX object lib/ExecutionEngine/Orc/CMakeFiles/LLVMOrcJIT.dir/Speculation.cpp.o
[3123/4503] Building CXX object lib/Target/AMDGPU/CMakeFiles/LLVMAMDGPUCodeGen.dir/AMDGPUAliasAnalysis.cpp.o
[3124/4503] Building CXX object lib/ExecutionEngine/Orc/CMakeFiles/LLVMOrcJIT.dir/ELFNixPlatform.cpp.o
[3125/4503] Building CXX object lib/ExecutionEngine/Orc/CMakeFiles/LLVMOrcJIT.dir/OrcV2CBindings.cpp.o
[3126/4503] Building CXX object lib/ExecutionEngine/Orc/CMakeFiles/LLVMOrcJIT.dir/SimpleRemoteEPC.cpp.o
[3127/4503] Building CXX object lib/ExecutionEngine/Orc/CMakeFiles/LLVMOrcJIT.dir/JITLinkRedirectableSymbolManager.cpp.o
[3128/4503] Building CXX object lib/ExecutionEngine/Orc/CMakeFiles/LLVMOrcJIT.dir/MachOPlatform.cpp.o
[3129/4503] Building CXX object lib/Target/AMDGPU/CMakeFiles/LLVMAMDGPUCodeGen.dir/AMDGPUAnnotateUniformValues.cpp.o
[3130/4503] Building CXX object lib/Target/AMDGPU/CMakeFiles/LLVMAMDGPUCodeGen.dir/AMDGPUArgumentUsageInfo.cpp.o
[3131/4503] Building CXX object lib/ExecutionEngine/Orc/CMakeFiles/LLVMOrcJIT.dir/ReOptimizeLayer.cpp.o
In file included from /usr/include/c++/14.2/bits/shared_ptr_atomic.h:33,
                 from /usr/include/c++/14.2/memory:81,
                 from /builddir/rocm-llvm-7.2.3/llvm/include/llvm/ADT/STLExtras.h:37,
                 from /builddir/rocm-llvm-7.2.3/llvm/include/llvm/ADT/DenseMap.h:20,
                 from /builddir/rocm-llvm-7.2.3/llvm/include/llvm/ADT/DenseSet.h:18,
                 from /builddir/rocm-llvm-7.2.3/llvm/include/llvm/ExecutionEngine/Orc/Core.h:17,
                 from /builddir/rocm-llvm-7.2.3/llvm/include/llvm/ExecutionEngine/Orc/ReOptimizeLayer.h:15,
                 from /builddir/rocm-llvm-7.2.3/llvm/lib/ExecutionEngine/Orc/ReOptimizeLayer.cpp:1:
In member function 'std::__atomic_base<_IntTp>::__int_type std::__atomic_base<_IntTp>::load(std::memory_order) const [with _ITp = long unsigned int]',
    inlined from 'llvm::orc::JITDylib& llvm::orc::ResourceTracker::getJITDylib() const' at /builddir/rocm-llvm-7.2.3/llvm/include/llvm/ExecutionEngine/Orc/Core.h:94:56,
    inlined from 'void llvm::orc::ReOptimizeLayer::rt_reoptimize(SendErrorFn, ReOptMaterializationUnitID, uint32_t)' at /builddir/rocm-llvm-7.2.3/llvm/lib/ExecutionEngine/Orc/ReOptimizeLayer.cpp:169:32:
/usr/include/c++/14.2/bits/atomic_base.h:501:31: warning: 'long unsigned int __atomic_load_8(const volatile void*, int)' writing 8 bytes into a region of size 0 overflows the destination [-Wstringop-overflow=]
  501 |         return __atomic_load_n(&_M_i, int(__m));
      |                ~~~~~~~~~~~~~~~^~~~~~~~~~~~~~~~~
In member function 'void llvm::orc::ReOptimizeLayer::rt_reoptimize(SendErrorFn, ReOptMaterializationUnitID, uint32_t)':
cc1plus: note: destination object is likely at address zero
[3132/4503] Building CXX object lib/ExecutionEngine/Orc/CMakeFiles/LLVMOrcJIT.dir/SpeculateAnalyses.cpp.o
[3133/4503] Building CXX object lib/Target/AMDGPU/CMakeFiles/LLVMAMDGPUCodeGen.dir/AMDGPUExportKernelRuntimeHandles.cpp.o
[3134/4503] Building CXX object lib/Target/AMDGPU/CMakeFiles/LLVMAMDGPUCodeGen.dir/AMDGPUCtorDtorLowering.cpp.o
[3135/4503] Building CXX object lib/Target/AMDGPU/CMakeFiles/LLVMAMDGPUCodeGen.dir/AMDGPUAsanInstrumentation.cpp.o
[3136/4503] Building CXX object lib/Target/AMDGPU/CMakeFiles/LLVMAMDGPUCodeGen.dir/AMDGPUAlwaysInlinePass.cpp.o
[3137/4503] Building CXX object lib/Target/AMDGPU/CMakeFiles/LLVMAMDGPUCodeGen.dir/AMDGPUExportClustering.cpp.o
[3138/4503] Building CXX object lib/Target/AMDGPU/CMakeFiles/LLVMAMDGPUCodeGen.dir/AMDGPUInstrInfo.cpp.o
[3139/4503] Building CXX object lib/Target/AMDGPU/CMakeFiles/LLVMAMDGPUCodeGen.dir/AMDGPUCombinerHelper.cpp.o
[3140/4503] Building CXX object lib/Target/AMDGPU/CMakeFiles/LLVMAMDGPUCodeGen.dir/AMDGPUAtomicOptimizer.cpp.o
[3141/4503] Building CXX object lib/Target/AMDGPU/CMakeFiles/LLVMAMDGPUCodeGen.dir/AMDGPUGlobalISelUtils.cpp.o
[3142/4503] Building CXX object lib/Target/AMDGPU/CMakeFiles/LLVMAMDGPUCodeGen.dir/AMDGPUAsmPrinter.cpp.o
[3143/4503] Building CXX object lib/Target/AMDGPU/CMakeFiles/LLVMAMDGPUCodeGen.dir/AMDGPUCallLowering.cpp.o
[3144/4503] Building CXX object lib/Target/AMDGPU/CMakeFiles/LLVMAMDGPUCodeGen.dir/AMDGPUGlobalISelDivergenceLowering.cpp.o
[3145/4503] Building CXX object lib/Target/AMDGPU/CMakeFiles/LLVMAMDGPUCodeGen.dir/AMDGPUFrameLowering.cpp.o
[3146/4503] Building CXX object lib/Target/AMDGPU/CMakeFiles/LLVMAMDGPUCodeGen.dir/AMDGPUCodeGenPrepare.cpp.o
/builddir/rocm-llvm-7.2.3/llvm/lib/Target/AMDGPU/AMDGPUCodeGenPrepare.cpp:314: warning: 'bool {anonymous}::AMDGPUCodeGenPrepareImpl::isSigned(const llvm::SelectInst&) const' defined but not used [-Wunused-function]
  314 | bool AMDGPUCodeGenPrepareImpl::isSigned(const SelectInst &I) const {
/builddir/rocm-llvm-7.2.3/llvm/lib/Target/AMDGPU/AMDGPUCodeGenPrepare.cpp:309: warning: 'bool {anonymous}::AMDGPUCodeGenPrepareImpl::isSigned(const llvm::BinaryOperator&) const' defined but not used [-Wunused-function]
  309 | bool AMDGPUCodeGenPrepareImpl::isSigned(const BinaryOperator &I) const {
[3147/4503] Building CXX object lib/Target/AMDGPU/CMakeFiles/LLVMAMDGPUCodeGen.dir/AMDGPUInsertDelayAlu.cpp.o
[3148/4503] Building CXX object lib/Target/AMDGPU/CMakeFiles/LLVMAMDGPUCodeGen.dir/AMDGPUAttributor.cpp.o
[3149/4503] Building CXX object lib/Target/AMDGPU/CMakeFiles/LLVMAMDGPUCodeGen.dir/AMDGPUHSAMetadataStreamer.cpp.o
[3150/4503] Building CXX object lib/Target/AMDGPU/CMakeFiles/LLVMAMDGPUCodeGen.dir/AMDGPUExpandFeaturePredicates.cpp.o
[3151/4503] Building CXX object lib/Target/AMDGPU/CMakeFiles/LLVMAMDGPUCodeGen.dir/AMDGPULibFunc.cpp.o
[3152/4503] Building CXX object lib/Target/AMDGPU/CMakeFiles/LLVMAMDGPUCodeGen.dir/AMDGPULibCalls.cpp.o
[3153/4503] Building CXX object lib/Target/AMDGPU/CMakeFiles/LLVMAMDGPUCodeGen.dir/AMDGPULowerKernelAttributes.cpp.o
[3154/4503] Building CXX object lib/Target/AMDGPU/CMakeFiles/LLVMAMDGPUCodeGen.dir/AMDGPUInstCombineIntrinsic.cpp.o
[3155/4503] Building CXX object lib/Target/AMDGPU/CMakeFiles/LLVMAMDGPUCodeGen.dir/AMDGPUMachineFunction.cpp.o
[3156/4503] Building CXX object lib/Target/AMDGPU/CMakeFiles/LLVMAMDGPUCodeGen.dir/AMDGPUMachineModuleInfo.cpp.o
[3157/4503] Building CXX object lib/Target/AMDGPU/CMakeFiles/LLVMAMDGPUCodeGen.dir/AMDGPULateCodeGenPrepare.cpp.o
[3158/4503] Building CXX object lib/Target/AMDGPU/CMakeFiles/LLVMAMDGPUCodeGen.dir/AMDGPUImageIntrinsicOptimizer.cpp.o
[3159/4503] Building CXX object lib/Target/AMDGPU/CMakeFiles/LLVMAMDGPUCodeGen.dir/AMDGPULowerKernelArguments.cpp.o
[3160/4503] Building CXX object lib/Target/AMDGPU/CMakeFiles/LLVMAMDGPUCodeGen.dir/AMDGPULowerIntrinsics.cpp.o
[3161/4503] Building CXX object lib/Target/AMDGPU/CMakeFiles/LLVMAMDGPUCodeGen.dir/AMDGPUPrepareAGPRAlloc.cpp.o
[3162/4503] Building CXX object lib/Target/AMDGPU/CMakeFiles/LLVMAMDGPUCodeGen.dir/AMDGPUMacroFusion.cpp.o
[3163/4503] Building CXX object lib/Target/AMDGPU/CMakeFiles/LLVMAMDGPUCodeGen.dir/AMDGPUISelLowering.cpp.o
[3164/4503] Building CXX object lib/Target/AMDGPU/CMakeFiles/LLVMAMDGPUCodeGen.dir/AMDGPUMCResourceInfo.cpp.o
[3165/4503] Building CXX object lib/Target/AMDGPU/CMakeFiles/LLVMAMDGPUCodeGen.dir/AMDGPUISelDAGToDAG.cpp.o
[3166/4503] Building CXX object lib/Target/AMDGPU/CMakeFiles/LLVMAMDGPUCodeGen.dir/AMDGPULowerBufferFatPointers.cpp.o
[3167/4503] Building CXX object lib/Target/AMDGPU/CMakeFiles/LLVMAMDGPUCodeGen.dir/AMDGPUMemoryUtils.cpp.o
[3168/4503] Building CXX object lib/Target/AMDGPU/CMakeFiles/LLVMAMDGPUCodeGen.dir/AMDGPUMCInstLower.cpp.o
[3169/4503] Building CXX object lib/Target/AMDGPU/CMakeFiles/LLVMAMDGPUCodeGen.dir/AMDGPUSwLowerLDS.cpp.o
[3170/4503] Building CXX object lib/Target/AMDGPU/CMakeFiles/LLVMAMDGPUCodeGen.dir/AMDGPULowerVGPREncoding.cpp.o
[3171/4503] Building CXX object lib/Target/AMDGPU/CMakeFiles/LLVMAMDGPUCodeGen.dir/AMDGPULegalizerInfo.cpp.o
[3172/4503] Building CXX object lib/Target/AMDGPU/CMakeFiles/LLVMAMDGPUCodeGen.dir/AMDGPULowerModuleLDSPass.cpp.o
/builddir/rocm-llvm-7.2.3/llvm/lib/Target/AMDGPU/AMDGPULowerModuleLDSPass.cpp: In static member function 'static {anonymous}::AMDGPULowerModuleLDS::LDSVariableReplacement {anonymous}::AMDGPULowerModuleLDS::createLDSVariableReplacement(llvm::Module&, std::string, const llvm::DenseSet<llvm::GlobalVariable*>&, llvm::Function*)':
/builddir/rocm-llvm-7.2.3/llvm/lib/Target/AMDGPU/AMDGPULowerModuleLDSPass.cpp:1397: warning: unused variable 'ArgOp' [-Wunused-variable]
 1397 |         if (auto *ArgOp = std::get_if<DIOp::Arg>(&Op)) {
[3173/4503] Building CXX object lib/Target/AMDGPU/CMakeFiles/LLVMAMDGPUCodeGen.dir/AMDGPUMarkLastScratchLoad.cpp.o
[3174/4503] Building CXX object lib/Target/AMDGPU/CMakeFiles/LLVMAMDGPUCodeGen.dir/AMDGPUMIRFormatter.cpp.o
[3175/4503] Building CXX object lib/Target/AMDGPU/CMakeFiles/LLVMAMDGPUCodeGen.dir/AMDGPUInstructionSelector.cpp.o
[3176/4503] Building CXX object lib/Target/AMDGPU/CMakeFiles/LLVMAMDGPUCodeGen.dir/AMDGPUPrintfRuntimeBinding.cpp.o
[3177/4503] Building CXX object lib/Target/AMDGPU/CMakeFiles/LLVMAMDGPUCodeGen.dir/AMDGPUPromoteKernelArguments.cpp.o
[3178/4503] Building CXX object lib/Target/AMDGPU/CMakeFiles/LLVMAMDGPUCodeGen.dir/AMDGPUPerfHintAnalysis.cpp.o
[3179/4503] Building CXX object lib/Target/AMDGPU/CMakeFiles/LLVMAMDGPUCodeGen.dir/AMDGPUPreloadKernArgProlog.cpp.o
[3180/4503] Building CXX object lib/Target/AMDGPU/CMakeFiles/LLVMAMDGPUCodeGen.dir/AMDGPUIGroupLP.cpp.o
[3181/4503] Building CXX object lib/Target/AMDGPU/CMakeFiles/LLVMAMDGPUCodeGen.dir/AMDGPUPreloadKernelArguments.cpp.o
[3182/4503] Building CXX object lib/Target/AMDGPU/CMakeFiles/LLVMAMDGPUCodeGen.dir/AMDGPUPreLegalizerCombiner.cpp.o
[3183/4503] Building CXX object lib/Target/AMDGPU/CMakeFiles/LLVMAMDGPUCodeGen.dir/AMDGPURegBankLegalize.cpp.o
[3184/4503] Building CXX object lib/Target/AMDGPU/CMakeFiles/LLVMAMDGPUCodeGen.dir/AMDGPUPostLegalizerCombiner.cpp.o
[3185/4503] Building CXX object lib/Target/AMDGPU/CMakeFiles/LLVMAMDGPUCodeGen.dir/AMDGPURegBankSelect.cpp.o
[3186/4503] Building CXX object lib/Target/AMDGPU/CMakeFiles/LLVMAMDGPUCodeGen.dir/AMDGPURewriteUndefForPHI.cpp.o
[3187/4503] Building CXX object lib/Target/AMDGPU/CMakeFiles/LLVMAMDGPUCodeGen.dir/AMDGPURemoveIncompatibleFunctions.cpp.o
[3188/4503] Building CXX object lib/Target/AMDGPU/CMakeFiles/LLVMAMDGPUCodeGen.dir/AMDGPURegBankLegalizeHelper.cpp.o
[3189/4503] Building CXX object lib/Target/AMDGPU/CMakeFiles/LLVMAMDGPUCodeGen.dir/AMDGPUSelectionDAGInfo.cpp.o
[3190/4503] Building CXX object lib/Target/AMDGPU/CMakeFiles/LLVMAMDGPUCodeGen.dir/AMDGPUPromoteAlloca.cpp.o
[3191/4503] Building CXX object lib/Target/AMDGPU/CMakeFiles/LLVMAMDGPUCodeGen.dir/AMDGPURewriteOutArguments.cpp.o
[3192/4503] Building CXX object lib/Target/AMDGPU/CMakeFiles/LLVMAMDGPUCodeGen.dir/AMDGPUReserveWWMRegs.cpp.o
[3193/4503] Building CXX object lib/Target/AMDGPU/CMakeFiles/LLVMAMDGPUCodeGen.dir/AMDGPUTargetObjectFile.cpp.o
[3194/4503] Building CXX object lib/Target/AMDGPU/CMakeFiles/LLVMAMDGPUCodeGen.dir/AMDGPUResourceUsageAnalysis.cpp.o
[3195/4503] Building CXX object lib/Target/AMDGPU/CMakeFiles/LLVMAMDGPUCodeGen.dir/AMDGPURegBankCombiner.cpp.o
[3196/4503] Building CXX object lib/Target/AMDGPU/CMakeFiles/LLVMAMDGPUCodeGen.dir/AMDGPURegBankLegalizeRules.cpp.o
[3197/4503] Building CXX object lib/Target/AMDGPU/CMakeFiles/LLVMAMDGPUCodeGen.dir/AMDGPURewriteAGPRCopyMFMA.cpp.o
[3198/4503] Building CXX object lib/Target/AMDGPU/CMakeFiles/LLVMAMDGPUCodeGen.dir/AMDGPUUnifyDivergentExitNodes.cpp.o
[3199/4503] Building CXX object lib/Target/AMDGPU/CMakeFiles/LLVMAMDGPUCodeGen.dir/AMDGPUSetWavePriority.cpp.o
[3200/4503] Building CXX object lib/Target/AMDGPU/CMakeFiles/LLVMAMDGPUCodeGen.dir/GCNILPSched.cpp.o
[3201/4503] Building CXX object lib/Target/AMDGPU/CMakeFiles/LLVMAMDGPUCodeGen.dir/AMDGPURegisterBankInfo.cpp.o
[3202/4503] Building CXX object lib/Target/AMDGPU/CMakeFiles/LLVMAMDGPUCodeGen.dir/GCNMinRegStrategy.cpp.o
[3203/4503] Building CXX object lib/Target/AMDGPU/CMakeFiles/LLVMAMDGPUCodeGen.dir/AMDGPUWaitSGPRHazards.cpp.o
[3204/4503] Building CXX object lib/Target/AMDGPU/CMakeFiles/LLVMAMDGPUCodeGen.dir/AMDGPUSubtarget.cpp.o
[3205/4503] Building CXX object lib/Target/AMDGPU/CMakeFiles/LLVMAMDGPUCodeGen.dir/GCNCreateVOPD.cpp.o
[3206/4503] Building CXX object lib/Target/AMDGPU/CMakeFiles/LLVMAMDGPUCodeGen.dir/R600MachineCFGStructurizer.cpp.o
[3207/4503] Building CXX object lib/Target/AMDGPU/CMakeFiles/LLVMAMDGPUCodeGen.dir/GCNDPPCombine.cpp.o
[3208/4503] Building CXX object lib/Target/AMDGPU/CMakeFiles/LLVMAMDGPUCodeGen.dir/AMDGPUSplitModule.cpp.o
[3209/4503] Building CXX object lib/Target/AMDGPU/CMakeFiles/LLVMAMDGPUCodeGen.dir/GCNPreRAOptimizations.cpp.o
[3210/4503] Building CXX object lib/Target/AMDGPU/CMakeFiles/LLVMAMDGPUCodeGen.dir/GCNNSAReassign.cpp.o
[3211/4503] Building CXX object lib/Target/AMDGPU/CMakeFiles/LLVMAMDGPUCodeGen.dir/GCNIterativeScheduler.cpp.o
[3212/4503] Building CXX object lib/Target/AMDGPU/CMakeFiles/LLVMAMDGPUCodeGen.dir/GCNRewritePartialRegUses.cpp.o
[3213/4503] Building CXX object lib/Target/AMDGPU/CMakeFiles/LLVMAMDGPUCodeGen.dir/GCNPreRALongBranchReg.cpp.o
[3214/4503] Building CXX object lib/Target/AMDGPU/CMakeFiles/LLVMAMDGPUCodeGen.dir/R600ClauseMergePass.cpp.o
[3215/4503] Building CXX object lib/Target/AMDGPU/CMakeFiles/LLVMAMDGPUCodeGen.dir/R600AsmPrinter.cpp.o
[3216/4503] Building CXX object lib/Target/AMDGPU/CMakeFiles/LLVMAMDGPUCodeGen.dir/GCNVOPDUtils.cpp.o
[3217/4503] Building CXX object lib/Target/AMDGPU/CMakeFiles/LLVMAMDGPUCodeGen.dir/GCNHazardRecognizer.cpp.o
[3218/4503] Building CXX object lib/Target/AMDGPU/CMakeFiles/LLVMAMDGPUCodeGen.dir/R600ControlFlowFinalizer.cpp.o
[3219/4503] Building CXX object lib/Target/AMDGPU/CMakeFiles/LLVMAMDGPUCodeGen.dir/R600EmitClauseMarkers.cpp.o
[3220/4503] Building CXX object lib/Target/AMDGPU/CMakeFiles/LLVMAMDGPUCodeGen.dir/AMDGPUTargetTransformInfo.cpp.o
[3221/4503] Building CXX object lib/Target/AMDGPU/CMakeFiles/LLVMAMDGPUCodeGen.dir/R600OpenCLImageTypeLoweringPass.cpp.o
[3222/4503] Building CXX object lib/Target/AMDGPU/CMakeFiles/LLVMAMDGPUCodeGen.dir/GCNRegPressure.cpp.o
[3223/4503] Building CXX object lib/Target/AMDGPU/CMakeFiles/LLVMAMDGPUCodeGen.dir/R600ExpandSpecialInstrs.cpp.o
[3224/4503] Building CXX object lib/Target/AMDGPU/CMakeFiles/LLVMAMDGPUCodeGen.dir/R600FrameLowering.cpp.o
[3225/4503] Building CXX object lib/Target/AMDGPU/CMakeFiles/LLVMAMDGPUCodeGen.dir/GCNSubtarget.cpp.o
[3226/4503] Building CXX object lib/Target/AMDGPU/CMakeFiles/LLVMAMDGPUCodeGen.dir/R600MachineFunctionInfo.cpp.o
[3227/4503] Building CXX object lib/Target/AMDGPU/CMakeFiles/LLVMAMDGPUCodeGen.dir/R600InstrInfo.cpp.o
[3228/4503] Building CXX object lib/Target/AMDGPU/CMakeFiles/LLVMAMDGPUCodeGen.dir/R600MachineScheduler.cpp.o
[3229/4503] Building CXX object lib/Target/AMDGPU/CMakeFiles/LLVMAMDGPUCodeGen.dir/GCNSchedStrategy.cpp.o
[3230/4503] Building CXX object lib/Target/AMDGPU/CMakeFiles/LLVMAMDGPUCodeGen.dir/R600OptimizeVectorRegisters.cpp.o
[3231/4503] Building CXX object lib/Target/AMDGPU/CMakeFiles/LLVMAMDGPUCodeGen.dir/R600MCInstLower.cpp.o
[3232/4503] Building CXX object lib/Target/AMDGPU/CMakeFiles/LLVMAMDGPUCodeGen.dir/R600RegisterInfo.cpp.o
[3233/4503] Building CXX object lib/Target/AMDGPU/CMakeFiles/LLVMAMDGPUCodeGen.dir/R600Packetizer.cpp.o
[3234/4503] Building CXX object lib/Target/AMDGPU/CMakeFiles/LLVMAMDGPUCodeGen.dir/R600Subtarget.cpp.o
[3235/4503] Building CXX object lib/Target/AMDGPU/CMakeFiles/LLVMAMDGPUCodeGen.dir/SIFixVGPRCopies.cpp.o
[3236/4503] Building CXX object lib/Target/AMDGPU/CMakeFiles/LLVMAMDGPUCodeGen.dir/R600ISelDAGToDAG.cpp.o
[3237/4503] Building CXX object lib/Target/AMDGPU/CMakeFiles/LLVMAMDGPUCodeGen.dir/SIAnnotateControlFlow.cpp.o
[3238/4503] Building CXX object lib/Target/AMDGPU/CMakeFiles/LLVMAMDGPUCodeGen.dir/R600ISelLowering.cpp.o
[3239/4503] Building CXX object lib/Target/AMDGPU/CMakeFiles/LLVMAMDGPUCodeGen.dir/SIFixSGPRCopies.cpp.o
[3240/4503] Building CXX object lib/Target/AMDGPU/CMakeFiles/LLVMAMDGPUCodeGen.dir/AMDGPUTargetMachine.cpp.o
[3241/4503] Building CXX object lib/Target/AMDGPU/CMakeFiles/LLVMAMDGPUCodeGen.dir/SIInsertHardClauses.cpp.o
[3242/4503] Building CXX object lib/Target/AMDGPU/CMakeFiles/LLVMAMDGPUCodeGen.dir/SIFormMemoryClauses.cpp.o
[3243/4503] Building CXX object lib/Target/AMDGPU/CMakeFiles/LLVMAMDGPUCodeGen.dir/SIFoldOperands.cpp.o
[3244/4503] Building CXX object lib/Target/AMDGPU/CMakeFiles/LLVMAMDGPUCodeGen.dir/SIFrameLowering.cpp.o
/builddir/rocm-llvm-7.2.3/llvm/lib/Target/AMDGPU/SIFrameLowering.cpp: In member function 'void llvm::PrologEpilogSGPRSpillBuilder::copyToScratchSGPR(llvm::Register) const':
/builddir/rocm-llvm-7.2.3/llvm/lib/Target/AMDGPU/SIFrameLowering.cpp:409: warning: unused variable 'DstNumSubRegs' [-Wunused-variable]
  409 |       unsigned DstNumSubRegs = DstSplitParts.empty() ? 1 : DstSplitParts.size();
[3245/4503] Building CXX object lib/Target/AMDGPU/CMakeFiles/LLVMAMDGPUCodeGen.dir/R600TargetTransformInfo.cpp.o
[3246/4503] Building CXX object lib/Target/AMDGPU/CMakeFiles/LLVMAMDGPUCodeGen.dir/SILateBranchLowering.cpp.o
[3247/4503] Building CXX object lib/Target/AMDGPU/CMakeFiles/LLVMAMDGPUCodeGen.dir/SIInsertWaitcnts.cpp.o
[3248/4503] Building CXX object lib/Target/AMDGPU/CMakeFiles/LLVMAMDGPUCodeGen.dir/SILoadStoreOptimizer.cpp.o
[3249/4503] Building CXX object lib/Target/AMDGPU/CMakeFiles/LLVMAMDGPUCodeGen.dir/SILowerI1Copies.cpp.o
[3250/4503] Building CXX object lib/Target/AMDGPU/CMakeFiles/LLVMAMDGPUCodeGen.dir/R600TargetMachine.cpp.o
[3251/4503] Building CXX object lib/Target/AMDGPU/CMakeFiles/LLVMAMDGPUCodeGen.dir/SILowerControlFlow.cpp.o
[3252/4503] Building CXX object lib/Target/AMDGPU/CMakeFiles/LLVMAMDGPUCodeGen.dir/SILowerWWMCopies.cpp.o
[3253/4503] Building CXX object lib/Target/AMDGPU/CMakeFiles/LLVMAMDGPUCodeGen.dir/SILowerSGPRSpills.cpp.o
[3254/4503] Building CXX object lib/Target/AMDGPU/CMakeFiles/LLVMAMDGPUCodeGen.dir/SIModeRegister.cpp.o
[3255/4503] Building CXX object lib/Target/AMDGPU/CMakeFiles/LLVMAMDGPUCodeGen.dir/SIMemoryLegalizer.cpp.o
[3256/4503] Building CXX object lib/Target/AMDGPU/CMakeFiles/LLVMAMDGPUCodeGen.dir/SIModeRegisterDefaults.cpp.o
[3257/4503] Building CXX object lib/Target/AMDGPU/CMakeFiles/LLVMAMDGPUCodeGen.dir/SIMachineFunctionInfo.cpp.o
[3258/4503] Building CXX object lib/Target/AMDGPU/CMakeFiles/LLVMAMDGPUCodeGen.dir/SIOptimizeExecMasking.cpp.o
[3259/4503] Building CXX object lib/Target/AMDGPU/CMakeFiles/LLVMAMDGPUCodeGen.dir/SIMachineScheduler.cpp.o
[3260/4503] Linking CXX static library lib/libLLVMAMDGPUDesc.a
[3261/4503] Building CXX object lib/Target/AMDGPU/CMakeFiles/LLVMAMDGPUCodeGen.dir/SIInstrInfo.cpp.o
[3262/4503] Building CXX object lib/Target/AMDGPU/CMakeFiles/LLVMAMDGPUCodeGen.dir/SIOptimizeExecMaskingPreRA.cpp.o
[3263/4503] Building CXX object lib/Target/AMDGPU/CMakeFiles/LLVMAMDGPUCodeGen.dir/SIPostRABundler.cpp.o
[3264/4503] Building CXX object lib/Target/AMDGPU/CMakeFiles/LLVMAMDGPUCodeGen.dir/SIPeepholeSDWA.cpp.o
[3265/4503] Building CXX object lib/Target/AMDGPU/Disassembler/CMakeFiles/LLVMAMDGPUDisassembler.dir/CodeObject.cpp.o
[3266/4503] Building CXX object lib/Target/AMDGPU/CMakeFiles/LLVMAMDGPUCodeGen.dir/SIOptimizeVGPRLiveRange.cpp.o
[3267/4503] Building CXX object lib/Target/AMDGPU/CMakeFiles/LLVMAMDGPUCodeGen.dir/SIPreEmitPeephole.cpp.o
[3268/4503] Building CXX object lib/Target/AMDGPU/CMakeFiles/LLVMAMDGPUCodeGen.dir/SIPreAllocateWWMRegs.cpp.o
[3269/4503] Building CXX object lib/Target/AMDGPU/CMakeFiles/LLVMAMDGPUCodeGen.dir/SIProgramInfo.cpp.o
[3270/4503] Building CXX object lib/Target/X86/CMakeFiles/LLVMX86CodeGen.dir/X86ArgumentStackSlotRebase.cpp.o
[3271/4503] Building CXX object lib/Target/AMDGPU/CMakeFiles/LLVMAMDGPUCodeGen.dir/SIShrinkInstructions.cpp.o
[3272/4503] Building CXX object lib/Target/X86/CMakeFiles/LLVMX86CodeGen.dir/X86AvoidTrailingCall.cpp.o
[3273/4503] Building CXX object lib/Target/AMDGPU/CMakeFiles/LLVMAMDGPUCodeGen.dir/SIISelLowering.cpp.o
[3274/4503] Building CXX object lib/Target/X86/CMakeFiles/LLVMX86CodeGen.dir/X86CmovConversion.cpp.o
[3275/4503] Building CXX object lib/Target/X86/CMakeFiles/LLVMX86CodeGen.dir/X86AsmPrinter.cpp.o
[3276/4503] Building CXX object lib/Target/AMDGPU/CMakeFiles/LLVMAMDGPUCodeGen.dir/SIWholeQuadMode.cpp.o
[3277/4503] Building CXX object lib/Target/X86/CMakeFiles/LLVMX86CodeGen.dir/X86CallFrameOptimization.cpp.o
[3278/4503] Building CXX object lib/Target/X86/CMakeFiles/LLVMX86CodeGen.dir/X86DomainReassignment.cpp.o
[3279/4503] Building CXX object lib/Target/X86/CMakeFiles/LLVMX86CodeGen.dir/X86CallingConv.cpp.o
[3280/4503] Building CXX object lib/Target/X86/CMakeFiles/LLVMX86CodeGen.dir/X86LowerTileCopy.cpp.o
[3281/4503] Building CXX object lib/Target/X86/CMakeFiles/LLVMX86CodeGen.dir/X86LowerAMXIntrinsics.cpp.o
[3282/4503] Building CXX object lib/Target/X86/CMakeFiles/LLVMX86CodeGen.dir/X86DiscriminateMemOps.cpp.o
[3283/4503] Building CXX object lib/Target/X86/CMakeFiles/LLVMX86CodeGen.dir/X86LowerAMXType.cpp.o
[3284/4503] Building CXX object lib/Target/AMDGPU/CMakeFiles/LLVMAMDGPUCodeGen.dir/SIRegisterInfo.cpp.o
[3285/4503] Building CXX object lib/Target/X86/CMakeFiles/LLVMX86CodeGen.dir/X86TileConfig.cpp.o
[3286/4503] Building CXX object lib/Target/X86/CMakeFiles/LLVMX86CodeGen.dir/X86FastPreTileConfig.cpp.o
[3287/4503] Building CXX object lib/Target/X86/CMakeFiles/LLVMX86CodeGen.dir/X86FastTileConfig.cpp.o
[3288/4503] Building CXX object lib/Target/X86/CMakeFiles/LLVMX86CodeGen.dir/X86FixupBWInsts.cpp.o
[3289/4503] Building CXX object lib/Target/X86/CMakeFiles/LLVMX86CodeGen.dir/X86PreTileConfig.cpp.o
[3290/4503] Building CXX object lib/Target/X86/CMakeFiles/LLVMX86CodeGen.dir/X86ExpandPseudo.cpp.o
[3291/4503] Building CXX object lib/Target/X86/CMakeFiles/LLVMX86CodeGen.dir/X86FixupInstTuning.cpp.o
[3292/4503] Building CXX object lib/Target/X86/CMakeFiles/LLVMX86CodeGen.dir/X86FixupLEAs.cpp.o
[3293/4503] Building CXX object lib/Target/X86/CMakeFiles/LLVMX86CodeGen.dir/X86CodeGenPassBuilder.cpp.o
[3294/4503] Building CXX object lib/Target/X86/CMakeFiles/LLVMX86CodeGen.dir/X86FixupSetCC.cpp.o
[3295/4503] Building CXX object lib/Target/X86/CMakeFiles/LLVMX86CodeGen.dir/X86AvoidStoreForwardingBlocks.cpp.o
[3296/4503] Building CXX object lib/Target/X86/CMakeFiles/LLVMX86CodeGen.dir/X86FixupVectorConstants.cpp.o
[3297/4503] Building CXX object lib/Target/X86/CMakeFiles/LLVMX86CodeGen.dir/X86DynAllocaExpander.cpp.o
[3298/4503] Building CXX object lib/Target/X86/CMakeFiles/LLVMX86CodeGen.dir/X86FloatingPoint.cpp.o
[3299/4503] Building CXX object lib/Target/X86/CMakeFiles/LLVMX86CodeGen.dir/X86FlagsCopyLowering.cpp.o
[3300/4503] Building CXX object lib/Target/X86/CMakeFiles/LLVMX86CodeGen.dir/X86InstrFMA3Info.cpp.o
[3301/4503] Building CXX object lib/Target/X86/CMakeFiles/LLVMX86CodeGen.dir/X86InstrFoldTables.cpp.o
[3302/4503] Building CXX object lib/Target/X86/CMakeFiles/LLVMX86CodeGen.dir/X86IndirectBranchTracking.cpp.o
[3303/4503] Building CXX object lib/Target/X86/CMakeFiles/LLVMX86CodeGen.dir/X86IndirectThunks.cpp.o
[3304/4503] Building CXX object lib/Target/X86/CMakeFiles/LLVMX86CodeGen.dir/X86InterleavedAccess.cpp.o
[3305/4503] Building CXX object lib/Target/X86/CMakeFiles/LLVMX86CodeGen.dir/X86FastISel.cpp.o
[3306/4503] Building CXX object lib/Target/X86/CMakeFiles/LLVMX86CodeGen.dir/X86FrameLowering.cpp.o
[3307/4503] Building CXX object lib/Target/X86/CMakeFiles/LLVMX86CodeGen.dir/X86InsertPrefetch.cpp.o
[3308/4503] Building CXX object lib/Target/X86/CMakeFiles/LLVMX86CodeGen.dir/X86MachineFunctionInfo.cpp.o
[3309/4503] Building CXX object lib/Target/X86/CMakeFiles/LLVMX86CodeGen.dir/X86ISelLoweringCall.cpp.o
[3310/4503] Building CXX object lib/Target/X86/CMakeFiles/LLVMX86CodeGen.dir/X86CompressEVEX.cpp.o
[3311/4503] Building CXX object lib/Target/X86/CMakeFiles/LLVMX86CodeGen.dir/X86InstCombineIntrinsic.cpp.o
[3312/4503] Building CXX object lib/Target/AMDGPU/AsmParser/CMakeFiles/LLVMAMDGPUAsmParser.dir/AMDGPUAsmParser.cpp.o
[3313/4503] Building CXX object lib/Target/X86/CMakeFiles/LLVMX86CodeGen.dir/X86LoadValueInjectionRetHardening.cpp.o
[3314/4503] Building CXX object lib/Target/X86/CMakeFiles/LLVMX86CodeGen.dir/X86ShuffleDecodeConstantPool.cpp.o
[3315/4503] Building CXX object lib/Target/X86/CMakeFiles/LLVMX86CodeGen.dir/X86MacroFusion.cpp.o
[3316/4503] Building CXX object lib/Target/X86/CMakeFiles/LLVMX86CodeGen.dir/X86LoadValueInjectionLoadHardening.cpp.o
[3317/4503] Building CXX object lib/Target/X86/CMakeFiles/LLVMX86CodeGen.dir/X86PadShortFunction.cpp.o
[3318/4503] Building CXX object lib/Target/AMDGPU/Disassembler/CMakeFiles/LLVMAMDGPUDisassembler.dir/AMDGPUDisassembler.cpp.o
[3319/4503] Building CXX object lib/Target/X86/CMakeFiles/LLVMX86CodeGen.dir/X86ReturnThunks.cpp.o
[3320/4503] Building CXX object lib/Target/X86/CMakeFiles/LLVMX86CodeGen.dir/X86PartialReduction.cpp.o
[3321/4503] Building CXX object lib/Target/X86/CMakeFiles/LLVMX86CodeGen.dir/X86ISelDAGToDAG.cpp.o
[3322/4503] Building CXX object lib/Target/X86/CMakeFiles/LLVMX86CodeGen.dir/X86TargetObjectFile.cpp.o
[3323/4503] Building CXX object lib/Target/X86/CMakeFiles/LLVMX86CodeGen.dir/X86OptimizeLEAs.cpp.o
[3324/4503] Building CXX object lib/Target/X86/CMakeFiles/LLVMX86CodeGen.dir/X86MCInstLower.cpp.o
[3325/4503] Building CXX object lib/Target/X86/CMakeFiles/LLVMX86CodeGen.dir/X86SelectionDAGInfo.cpp.o
[3326/4503] Building CXX object lib/Target/X86/CMakeFiles/LLVMX86CodeGen.dir/X86InstrInfo.cpp.o
[3327/4503] Building CXX object lib/Target/X86/CMakeFiles/LLVMX86CodeGen.dir/X86SpeculativeExecutionSideEffectSuppression.cpp.o
[3328/4503] Building CXX object lib/Target/X86/CMakeFiles/LLVMX86CodeGen.dir/X86RegisterInfo.cpp.o
[3329/4503] Building CXX object lib/Target/X86/CMakeFiles/LLVMX86CodeGen.dir/X86SuppressAPXForReloc.cpp.o
[3330/4503] Linking CXX static library lib/libLLVMX86Desc.a
[3331/4503] Linking CXX static library lib/libLLVMCoverage.a
[3332/4503] Building Options.inc...
[3333/4503] Building CXX object lib/Target/X86/CMakeFiles/LLVMX86CodeGen.dir/X86WinEHUnwindV2.cpp.o
[3334/4503] Building CXX object lib/WindowsManifest/CMakeFiles/LLVMWindowsManifest.dir/WindowsManifestMerger.cpp.o
[3335/4503] Building CXX object lib/Target/X86/CMakeFiles/LLVMX86CodeGen.dir/X86SpeculativeLoadHardening.cpp.o
[3336/4503] Building CXX object lib/Target/X86/CMakeFiles/LLVMX86CodeGen.dir/X86Subtarget.cpp.o
[3337/4503] Building CXX object lib/Target/X86/CMakeFiles/LLVMX86CodeGen.dir/X86VZeroUpper.cpp.o
[3338/4503] Building CXX object lib/Target/X86/CMakeFiles/LLVMX86CodeGen.dir/X86InsertWait.cpp.o
[3339/4503] Building CXX object tools/lld/Common/CMakeFiles/lldCommon.dir/CommonLinkerContext.cpp.o
[3340/4503] Building CXX object lib/Target/X86/CMakeFiles/LLVMX86CodeGen.dir/X86WinEHState.cpp.o
[3341/4503] Building CXX object tools/lld/Common/CMakeFiles/lldCommon.dir/Args.cpp.o
[3342/4503] Building CXX object tools/lld/Common/CMakeFiles/lldCommon.dir/DriverDispatcher.cpp.o
[3343/4503] Building CXX object lib/ToolDrivers/llvm-lib/CMakeFiles/LLVMLibDriver.dir/LibDriver.cpp.o
[3344/4503] Building CXX object tools/lld/Common/CMakeFiles/lldCommon.dir/Memory.cpp.o
[3345/4503] Building CXX object tools/lld/Common/CMakeFiles/lldCommon.dir/Filesystem.cpp.o
[3346/4503] Building CXX object lib/Target/X86/CMakeFiles/LLVMX86CodeGen.dir/GISel/X86CallLowering.cpp.o
[3347/4503] Building CXX object tools/lld/Common/CMakeFiles/lldCommon.dir/TargetOptionsCommandFlags.cpp.o
[3348/4503] Building Options.inc...
[3349/4503] Building CXX object tools/lld/Common/CMakeFiles/lldCommon.dir/Reproduce.cpp.o
[3350/4503] Building CXX object tools/lld/Common/CMakeFiles/lldCommon.dir/Utils.cpp.o
[3351/4503] Building CXX object tools/lld/Common/CMakeFiles/lldCommon.dir/Version.cpp.o
[3352/4503] Building CXX object tools/lld/Common/CMakeFiles/lldCommon.dir/DWARF.cpp.o
[3353/4503] Building CXX object tools/lld/Common/CMakeFiles/lldCommon.dir/Strings.cpp.o
[3354/4503] Building CXX object tools/lld/Common/CMakeFiles/lldCommon.dir/Timer.cpp.o
[3355/4503] Building CXX object lib/Target/X86/CMakeFiles/LLVMX86CodeGen.dir/GISel/X86RegisterBankInfo.cpp.o
[3356/4503] Building CXX object lib/Target/X86/Disassembler/CMakeFiles/LLVMX86Disassembler.dir/X86Disassembler.cpp.o
[3357/4503] Building CXX object lib/Target/X86/CMakeFiles/LLVMX86CodeGen.dir/GISel/X86LegalizerInfo.cpp.o
[3358/4503] Building CXX object lib/Target/X86/CMakeFiles/LLVMX86CodeGen.dir/X86TargetMachine.cpp.o
[3359/4503] Building CXX object tools/lld/Common/CMakeFiles/lldCommon.dir/ErrorHandler.cpp.o
[3360/4503] Building CXX object lib/Target/X86/CMakeFiles/LLVMX86CodeGen.dir/GISel/X86InstructionSelector.cpp.o
[3361/4503] Building CXX object lib/Target/X86/AsmParser/CMakeFiles/LLVMX86AsmParser.dir/X86AsmParser.cpp.o
[3362/4503] Building CXX object lib/Target/X86/CMakeFiles/LLVMX86CodeGen.dir/X86TargetTransformInfo.cpp.o
[3363/4503] Building CXX object tools/clang/lib/CodeGen/CMakeFiles/obj.clangCodeGen.dir/ABIInfo.cpp.o
[3364/4503] Building CXX object tools/clang/lib/CodeGen/CMakeFiles/obj.clangCodeGen.dir/CGCUDARuntime.cpp.o
[3365/4503] Building CXX object tools/clang/lib/CodeGen/CMakeFiles/obj.clangCodeGen.dir/ABIInfoImpl.cpp.o
[3366/4503] Building CXX object tools/clang/lib/CodeGen/CMakeFiles/obj.clangCodeGen.dir/CGEmitEmissaryExec.cpp.o
/builddir/rocm-llvm-7.2.3/clang/lib/CodeGen/CGEmitEmissaryExec.cpp: In function 'llvm::Function* GetEmissaryAllocDeclaration(clang::CodeGen::CodeGenModule&)':
/builddir/rocm-llvm-7.2.3/clang/lib/CodeGen/CGEmitEmissaryExec.cpp:109:35: warning: 'static llvm::PointerType* llvm::PointerType::getUnqual(llvm::Type*)' is deprecated: PointerType::getUnqual with pointee type is pending removal. Use Context overload. [-Wdeprecated-declarations]
  109 |       llvm::PointerType::getUnqual(CGM.Int8Ty), ArgTypes, false);
      |       ~~~~~~~~~~~~~~~~~~~~~~~~~~~~^~~~~~~~~~~~
In file included from /builddir/rocm-llvm-7.2.3/llvm/include/llvm/IR/InstrTypes.h:26,
                 from /builddir/rocm-llvm-7.2.3/llvm/include/llvm/IR/ConstantRange.h:35,
                 from /builddir/rocm-llvm-7.2.3/llvm/include/llvm/IR/Constants.h:29,
                 from /builddir/rocm-llvm-7.2.3/clang/lib/CodeGen/Address.h:21,
                 from /builddir/rocm-llvm-7.2.3/clang/lib/CodeGen/CGBuilder.h:12,
                 from /builddir/rocm-llvm-7.2.3/clang/lib/CodeGen/CodeGenFunction.h:16,
                 from /builddir/rocm-llvm-7.2.3/clang/lib/CodeGen/CGEmitEmissaryExec.cpp:17:
/builddir/rocm-llvm-7.2.3/llvm/include/llvm/IR/DerivedTypes.h:722:23: note: declared here
  722 |   static PointerType *getUnqual(Type *ElementType) {
      |                       ^~~~~~~~~
/builddir/rocm-llvm-7.2.3/clang/lib/CodeGen/CGEmitEmissaryExec.cpp: In function 'llvm::Function* GetEmissaryExecDeclaration(clang::CodeGen::CodeGenModule&)':
/builddir/rocm-llvm-7.2.3/clang/lib/CodeGen/CGEmitEmissaryExec.cpp:124:39: warning: 'static llvm::PointerType* llvm::PointerType::getUnqual(llvm::Type*)' is deprecated: PointerType::getUnqual with pointee type is pending removal. Use Context overload. [-Wdeprecated-declarations]
  124 |           llvm::PointerType::getUnqual(CGM.Int8Ty)};
      |           ~~~~~~~~~~~~~~~~~~~~~~~~~~~~^~~~~~~~~~~~
/builddir/rocm-llvm-7.2.3/llvm/include/llvm/IR/DerivedTypes.h:722:23: note: declared here
  722 |   static PointerType *getUnqual(Type *ElementType) {
      |                       ^~~~~~~~~
/builddir/rocm-llvm-7.2.3/clang/lib/CodeGen/CGEmitEmissaryExec.cpp: In member function 'clang::CodeGen::RValue clang::CodeGen::CodeGenFunction::EmitEmissaryExec(const clang::CallExpr*)':
/builddir/rocm-llvm-7.2.3/clang/lib/CodeGen/CGEmitEmissaryExec.cpp:270:44: warning: 'static llvm::PointerType* llvm::PointerType::get(llvm::Type*, unsigned int)' is deprecated: PointerType::get with pointee type is pending removal. Use Context overload. [-Wdeprecated-declarations]
  270 |       DataStructPtr, llvm::PointerType::get(DataStructTy, AS),
      |                      ~~~~~~~~~~~~~~~~~~~~~~^~~~~~~~~~~~~~~~~~
/builddir/rocm-llvm-7.2.3/llvm/include/llvm/IR/DerivedTypes.h:713:32: note: declared here
  713 |   LLVM_ABI static PointerType *get(Type *ElementType, unsigned AddressSpace);
      |                                ^~~
/builddir/rocm-llvm-7.2.3/clang/lib/CodeGen/CGEmitEmissaryExec.cpp:348:66: warning: 'static llvm::PointerType* llvm::PointerType::get(llvm::Type*, unsigned int)' is deprecated: PointerType::get with pointee type is pending removal. Use Context overload. [-Wdeprecated-declarations]
  348 |       Builder.CreatePointerCast(BufferPtr, llvm::PointerType::get(Int8Ty, AS)),
      |                                            ~~~~~~~~~~~~~~~~~~~~~~^~~~~~~~~~~~
/builddir/rocm-llvm-7.2.3/llvm/include/llvm/IR/DerivedTypes.h:713:32: note: declared here
  713 |   LLVM_ABI static PointerType *get(Type *ElementType, unsigned AddressSpace);
      |                                ^~~
[3367/4503] Building CXX object tools/clang/lib/CodeGen/CMakeFiles/obj.clangCodeGen.dir/CGCXX.cpp.o
[3368/4503] Building CXX object tools/clang/lib/CodeGen/CMakeFiles/obj.clangCodeGen.dir/CGCXXABI.cpp.o
[3369/4503] Building CXX object tools/clang/lib/CodeGen/CMakeFiles/obj.clangCodeGen.dir/CGAtomic.cpp.o
[3370/4503] Building CXX object tools/clang/lib/CodeGen/CMakeFiles/obj.clangCodeGen.dir/CGCUDANV.cpp.o
[3371/4503] Building CXX object tools/clang/lib/CodeGen/CMakeFiles/obj.clangCodeGen.dir/CGBlocks.cpp.o
[3372/4503] Building CXX object tools/clang/lib/CodeGen/CMakeFiles/obj.clangCodeGen.dir/CGCleanup.cpp.o
[3373/4503] Building CXX object tools/clang/lib/CodeGen/CMakeFiles/obj.clangCodeGen.dir/CGClass.cpp.o
[3374/4503] Building CXX object tools/clang/lib/CodeGen/CMakeFiles/obj.clangCodeGen.dir/CGBuiltin.cpp.o
[3375/4503] Building CXX object tools/clang/lib/CodeGen/CMakeFiles/obj.clangCodeGen.dir/CGCoroutine.cpp.o
[3376/4503] Building CXX object tools/clang/lib/CodeGen/CMakeFiles/obj.clangCodeGen.dir/CGDeclCXX.cpp.o
[3377/4503] Building CXX object tools/clang/lib/CodeGen/CMakeFiles/obj.clangCodeGen.dir/BackendUtil.cpp.o
[3378/4503] Building CXX object tools/clang/lib/CodeGen/CMakeFiles/obj.clangCodeGen.dir/CGException.cpp.o
[3379/4503] Building CXX object tools/clang/lib/CodeGen/CMakeFiles/obj.clangCodeGen.dir/CGExprAgg.cpp.o
[3380/4503] Building CXX object tools/clang/lib/CodeGen/CMakeFiles/obj.clangCodeGen.dir/CGCall.cpp.o
/builddir/rocm-llvm-7.2.3/clang/lib/CodeGen/CGCall.cpp: In member function 'void clang::CodeGen::CodeGenModule::ConstructAttributeList(llvm::StringRef, const clang::CodeGen::CGFunctionInfo&, clang::CodeGen::CGCalleeInfo, llvm::AttributeList&, unsigned int&, bool, bool)':
/builddir/rocm-llvm-7.2.3/clang/lib/CodeGen/CGCall.cpp:3022:53: warning: operation on 'FunctionType' may be undefined [-Wsequence-point]
 3022 |     llvm::FunctionType *FunctionType = FunctionType =
      |                                        ~~~~~~~~~~~~~^
 3023 |         getTypes().GetFunctionType(FI);
      |         ~~~~~~~~~~~~~~~~~~~~~~~~~~~~~~               
[3381/4503] Building CXX object tools/clang/lib/CodeGen/CMakeFiles/obj.clangCodeGen.dir/CGExprCXX.cpp.o
[3382/4503] Building CXX object tools/clang/lib/CodeGen/CMakeFiles/obj.clangCodeGen.dir/CGGPUBuiltin.cpp.o
[3383/4503] Building CXX object tools/clang/lib/CodeGen/CMakeFiles/obj.clangCodeGen.dir/CGDecl.cpp.o
[3384/4503] Building CXX object tools/clang/lib/CodeGen/CMakeFiles/obj.clangCodeGen.dir/CGExprComplex.cpp.o
[3385/4503] Building CXX object tools/clang/lib/CodeGen/CMakeFiles/obj.clangCodeGen.dir/CGLoopInfo.cpp.o
[3386/4503] Building CXX object tools/clang/lib/CodeGen/CMakeFiles/obj.clangCodeGen.dir/CGExprConstant.cpp.o
[3387/4503] Building CXX object tools/clang/lib/CodeGen/CMakeFiles/obj.clangCodeGen.dir/CGHLSLBuiltins.cpp.o
[3388/4503] Building CXX object tools/clang/lib/CodeGen/CMakeFiles/obj.clangCodeGen.dir/CGExpr.cpp.o
[3389/4503] Building CXX object tools/clang/lib/CodeGen/CMakeFiles/obj.clangCodeGen.dir/CGObjCRuntime.cpp.o
[3390/4503] Building CXX object tools/clang/lib/CodeGen/CMakeFiles/obj.clangCodeGen.dir/CGOpenCLRuntime.cpp.o
[3391/4503] Building CXX object tools/clang/lib/CodeGen/CMakeFiles/obj.clangCodeGen.dir/CGExprScalar.cpp.o
[3392/4503] Building CXX object tools/clang/lib/CodeGen/CMakeFiles/obj.clangCodeGen.dir/CGPointerAuth.cpp.o
[3393/4503] Building CXX object tools/clang/lib/CodeGen/CMakeFiles/obj.clangCodeGen.dir/CGNonTrivialStruct.cpp.o
[3394/4503] Building CXX object tools/clang/lib/CodeGen/CMakeFiles/obj.clangCodeGen.dir/CGRecordLayoutBuilder.cpp.o
[3395/4503] Building CXX object tools/clang/lib/CodeGen/CMakeFiles/obj.clangCodeGen.dir/CGObjC.cpp.o
[3396/4503] Building CXX object tools/clang/lib/CodeGen/CMakeFiles/obj.clangCodeGen.dir/CGObjCGNU.cpp.o
[3397/4503] Building CXX object tools/clang/lib/CodeGen/CMakeFiles/obj.clangCodeGen.dir/CGVTT.cpp.o
[3398/4503] Building CXX object tools/clang/lib/CodeGen/CMakeFiles/obj.clangCodeGen.dir/CGHLSLRuntime.cpp.o
[3399/4503] Building CXX object tools/clang/lib/CodeGen/CMakeFiles/obj.clangCodeGen.dir/CGOpenMPRuntimeGPU.cpp.o
In file included from /builddir/rocm-llvm-7.2.3/clang/lib/CodeGen/CGOpenMPRuntimeGPU.h:17,
                 from /builddir/rocm-llvm-7.2.3/clang/lib/CodeGen/CGOpenMPRuntimeGPU.cpp:14:
/builddir/rocm-llvm-7.2.3/clang/lib/CodeGen/CGOpenMPRuntime.h:1073:3: warning: 'virtual llvm::Value* clang::CodeGen::CGOpenMPRuntime::emitSeverityClause(const clang::OMPSeverityClause*)' was hidden [-Woverloaded-virtual=]
 1073 |   emitSeverityClause(const OMPSeverityClause *SeverityClause);
      |   ^~~~~~~~~~~~~~~~~~
/builddir/rocm-llvm-7.2.3/clang/lib/CodeGen/CGOpenMPRuntimeGPU.h:229:24: note:   by 'virtual llvm::Value* clang::CodeGen::CGOpenMPRuntimeGPU::emitSeverityClause(clang::OpenMPSeverityClauseKind, clang::SourceLocation)'
  229 |   virtual llvm::Value *emitSeverityClause(OpenMPSeverityClauseKind Severity,
      |                        ^~~~~~~~~~~~~~~~~~
/builddir/rocm-llvm-7.2.3/clang/lib/CodeGen/CGOpenMPRuntime.h:1067:24: warning: 'virtual llvm::Value* clang::CodeGen::CGOpenMPRuntime::emitMessageClause(clang::CodeGen::CodeGenFunction&, const clang::OMPMessageClause*)' was hidden [-Woverloaded-virtual=]
 1067 |   virtual llvm::Value *emitMessageClause(CodeGenFunction &CGF,
      |                        ^~~~~~~~~~~~~~~~~
/builddir/rocm-llvm-7.2.3/clang/lib/CodeGen/CGOpenMPRuntimeGPU.h:225:16: note:   by 'virtual llvm::Value* clang::CodeGen::CGOpenMPRuntimeGPU::emitMessageClause(clang::CodeGen::CodeGenFunction&, const clang::Expr*, clang::SourceLocation)'
  225 |   llvm::Value *emitMessageClause(CodeGenFunction &CGF, const Expr *Message,
      |                ^~~~~~~~~~~~~~~~~
/builddir/rocm-llvm-7.2.3/clang/lib/CodeGen/CGOpenMPRuntimeGPU.cpp: In member function 'llvm::Value* clang::CodeGen::CGOpenMPRuntimeGPU::getGPUBlockID(clang::CodeGen::CodeGenFunction&)':
/builddir/rocm-llvm-7.2.3/clang/lib/CodeGen/CGOpenMPRuntimeGPU.cpp:2632:24: warning: 'llvm::ArrayRef<T>::ArrayRef(std::nullopt_t) [with T = llvm::Value*]' is deprecated: Use {} or ArrayRef<T>() instead [-Wdeprecated-declarations]
 2632 |   return Bld.CreateCall(F, std::nullopt, "gpu_block_id");
      |          ~~~~~~~~~~~~~~^~~~~~~~~~~~~~~~~~~~~~~~~~~~~~~~~
In file included from /builddir/rocm-llvm-7.2.3/llvm/include/llvm/ADT/APFloat.h:19,
                 from /builddir/rocm-llvm-7.2.3/clang/include/clang/AST/APNumericStorage.h:12,
                 from /builddir/rocm-llvm-7.2.3/clang/include/clang/AST/Decl.h:16,
                 from /builddir/rocm-llvm-7.2.3/clang/include/clang/AST/Type.h:20,
                 from /builddir/rocm-llvm-7.2.3/clang/lib/CodeGen/CGPointerAuthInfo.h:16,
                 from /builddir/rocm-llvm-7.2.3/clang/lib/CodeGen/Address.h:17,
                 from /builddir/rocm-llvm-7.2.3/clang/lib/CodeGen/CGValue.h:17,
                 from /builddir/rocm-llvm-7.2.3/clang/lib/CodeGen/CGOpenMPRuntime.h:17:
/builddir/rocm-llvm-7.2.3/llvm/include/llvm/ADT/ArrayRef.h:71:5: note: declared here
   71 |     ArrayRef(std::nullopt_t) {}
      |     ^~~~~~~~
[3400/4503] Building CXX object tools/clang/lib/CodeGen/CMakeFiles/obj.clangCodeGen.dir/CodeGenABITypes.cpp.o
[3401/4503] Building CXX object tools/clang/lib/CodeGen/CMakeFiles/obj.clangCodeGen.dir/CGObjCMac.cpp.o
[3402/4503] Building CXX object tools/clang/lib/CodeGen/CMakeFiles/obj.clangCodeGen.dir/CGDebugInfo.cpp.o
/builddir/rocm-llvm-7.2.3/clang/lib/CodeGen/CGDebugInfo.cpp: In member function 'llvm::DILocalVariable* clang::CodeGen::CGDebugInfo::EmitDeclareForHeterogeneousDwarf(const clang::VarDecl*, llvm::Value*, std::optional<unsigned int>, clang::CodeGen::CGBuilderTy&, bool)':
/builddir/rocm-llvm-7.2.3/clang/lib/CodeGen/CGDebugInfo.cpp:5584:19: warning: unused variable 'Parent' [-Wunused-variable]
 5584 |   llvm::Function *Parent = Builder.GetInsertBlock()->getParent();
      |                   ^~~~~~
[3403/4503] Building CXX object tools/clang/lib/CodeGen/CMakeFiles/obj.clangCodeGen.dir/CodeGenSYCL.cpp.o
[3404/4503] Building CXX object tools/clang/lib/CodeGen/CMakeFiles/obj.clangCodeGen.dir/CGVTables.cpp.o
[3405/4503] Building CXX object lib/Target/X86/CMakeFiles/LLVMX86CodeGen.dir/X86ISelLowering.cpp.o
In file included from /builddir/rocm-llvm-7.2.3/llvm/include/llvm/CodeGen/TargetLowering.h:35,
                 from /builddir/rocm-llvm-7.2.3/llvm/lib/Target/X86/X86ISelLowering.h:18,
                 from /builddir/rocm-llvm-7.2.3/llvm/lib/Target/X86/X86ISelLowering.cpp:14:
In member function 'void llvm::SelectionDAG::setFlagInserter(FlagInserter*)',
    inlined from 'llvm::SelectionDAG::FlagInserter::FlagInserter(llvm::SelectionDAG&, llvm::SDNodeFlags)' at /builddir/rocm-llvm-7.2.3/llvm/include/llvm/CodeGen/SelectionDAG.h:381:27,
    inlined from 'llvm::SDValue llvm::X86TargetLowering::LowerINTRINSIC_WO_CHAIN(llvm::SDValue, llvm::SelectionDAG&) const' at /builddir/rocm-llvm-7.2.3/llvm/lib/Target/X86/X86ISelLowering.cpp:26430:
/builddir/rocm-llvm-7.2.3/llvm/include/llvm/CodeGen/SelectionDAG.h:518:53: warning: storing the address of local variable 'FlagsInserter' in '*DAG.llvm::SelectionDAG::Inserter' [-Wdangling-pointer=]
  518 |   void setFlagInserter(FlagInserter *FI) { Inserter = FI; }
      |                                            ~~~~~~~~~^~~~
/builddir/rocm-llvm-7.2.3/llvm/lib/Target/X86/X86ISelLowering.cpp: In member function 'llvm::SDValue llvm::X86TargetLowering::LowerINTRINSIC_WO_CHAIN(llvm::SDValue, llvm::SelectionDAG&) const':
/builddir/rocm-llvm-7.2.3/llvm/lib/Target/X86/X86ISelLowering.cpp:26430: note: 'FlagsInserter' declared here
26430 |   SelectionDAG::FlagInserter FlagsInserter(DAG, Op->getFlags());
/builddir/rocm-llvm-7.2.3/llvm/lib/Target/X86/X86ISelLowering.cpp:26386: note: 'DAG' declared here
26386 |                                                    SelectionDAG &DAG) const {
[3406/4503] Building CXX object tools/clang/lib/CodeGen/CMakeFiles/obj.clangCodeGen.dir/CGStmt.cpp.o
In file included from /builddir/rocm-llvm-7.2.3/clang/lib/CodeGen/CGStmt.cpp:14:
/builddir/rocm-llvm-7.2.3/clang/lib/CodeGen/CGOpenMPRuntime.h:1073:3: warning: 'virtual llvm::Value* clang::CodeGen::CGOpenMPRuntime::emitSeverityClause(const clang::OMPSeverityClause*)' was hidden [-Woverloaded-virtual=]
 1073 |   emitSeverityClause(const OMPSeverityClause *SeverityClause);
      |   ^~~~~~~~~~~~~~~~~~
In file included from /builddir/rocm-llvm-7.2.3/clang/lib/CodeGen/CGStmt.cpp:15:
/builddir/rocm-llvm-7.2.3/clang/lib/CodeGen/CGOpenMPRuntimeGPU.h:229:24: note:   by 'virtual llvm::Value* clang::CodeGen::CGOpenMPRuntimeGPU::emitSeverityClause(clang::OpenMPSeverityClauseKind, clang::SourceLocation)'
  229 |   virtual llvm::Value *emitSeverityClause(OpenMPSeverityClauseKind Severity,
      |                        ^~~~~~~~~~~~~~~~~~
/builddir/rocm-llvm-7.2.3/clang/lib/CodeGen/CGOpenMPRuntime.h:1067:24: warning: 'virtual llvm::Value* clang::CodeGen::CGOpenMPRuntime::emitMessageClause(clang::CodeGen::CodeGenFunction&, const clang::OMPMessageClause*)' was hidden [-Woverloaded-virtual=]
 1067 |   virtual llvm::Value *emitMessageClause(CodeGenFunction &CGF,
      |                        ^~~~~~~~~~~~~~~~~
/builddir/rocm-llvm-7.2.3/clang/lib/CodeGen/CGOpenMPRuntimeGPU.h:225:16: note:   by 'virtual llvm::Value* clang::CodeGen::CGOpenMPRuntimeGPU::emitMessageClause(clang::CodeGen::CodeGenFunction&, const clang::Expr*, clang::SourceLocation)'
  225 |   llvm::Value *emitMessageClause(CodeGenFunction &CGF, const Expr *Message,
      |                ^~~~~~~~~~~~~~~~~
/builddir/rocm-llvm-7.2.3/clang/lib/CodeGen/CGStmt.cpp: In member function 'bool clang::CodeGen::CodeGenFunction::EmitXteamRedStmt(const clang::Stmt*)':
/builddir/rocm-llvm-7.2.3/clang/lib/CodeGen/CGStmt.cpp:1015:12: warning: unused variable 'OpcL2BO' [-Wunused-variable]
 1015 |       auto OpcL2BO = L2BO->getOpcode();
      |            ^~~~~~~
[3407/4503] Building CXX object tools/clang/lib/CodeGen/CMakeFiles/obj.clangCodeGen.dir/CodeGenTBAA.cpp.o
[3408/4503] Building CXX object tools/clang/lib/CodeGen/CMakeFiles/obj.clangCodeGen.dir/ConstantInitBuilder.cpp.o
[3409/4503] Building CXX object tools/clang/lib/CodeGen/CMakeFiles/obj.clangCodeGen.dir/HLSLBufferLayoutBuilder.cpp.o
[3410/4503] Building CXX object tools/clang/lib/CodeGen/CMakeFiles/obj.clangCodeGen.dir/CodeGenTypes.cpp.o
[3411/4503] Building CXX object tools/clang/lib/CodeGen/CMakeFiles/obj.clangCodeGen.dir/CodeGenFunction.cpp.o
[3412/4503] Building CXX object tools/clang/lib/CodeGen/CMakeFiles/obj.clangCodeGen.dir/MacroPPCallbacks.cpp.o
[3413/4503] Building CXX object tools/clang/lib/CodeGen/CMakeFiles/obj.clangCodeGen.dir/LinkInModulesPass.cpp.o
[3414/4503] Building CXX object tools/clang/lib/CodeGen/CMakeFiles/obj.clangCodeGen.dir/PatternInit.cpp.o
[3415/4503] Building CXX object tools/clang/lib/CodeGen/CMakeFiles/obj.clangCodeGen.dir/CGOpenMPRuntime.cpp.o
/builddir/rocm-llvm-7.2.3/clang/lib/CodeGen/CGOpenMPRuntime.cpp: In function 'void emitTargetCallKernelLaunch(clang::CodeGen::CGOpenMPRuntime*, llvm::Function*, const clang::OMPExecutableDirective&, llvm::SmallVectorImpl<llvm::Value*>&, llvm::SmallVectorImpl<llvm::Value*>&, bool, const clang::CapturedStmt&, bool, llvm::PointerIntPair<const clang::Expr*, 2, clang::OpenMPDeviceClauseModifier>, llvm::Value*, clang::CodeGen::CodeGenFunction::OMPTargetDataInfo&, llvm::Value*&, llvm::Value*&, llvm::function_ref<llvm::Value*(clang::CodeGen::CodeGenFunction&, const clang::OMPLoopDirective&)>, clang::CodeGen::CodeGenFunction&, clang::CodeGen::CodeGenModule&)':
/builddir/rocm-llvm-7.2.3/clang/lib/CodeGen/CGOpenMPRuntime.cpp:10298:12: warning: unused variable 'ExpectedNumArgs' [-Wunused-variable]
10298 |     size_t ExpectedNumArgs =
      |            ^~~~~~~~~~~~~~~
[3416/4503] Building CXX object tools/clang/lib/CodeGen/CMakeFiles/obj.clangCodeGen.dir/CGStmtOpenMP.cpp.o
/builddir/rocm-llvm-7.2.3/clang/lib/CodeGen/CGStmtOpenMP.cpp: In function 'void emitCommonOMPTargetDirective(clang::CodeGen::CodeGenFunction&, const clang::OMPExecutableDirective&, const clang::CodeGen::RegionCodeGenTy&)':
/builddir/rocm-llvm-7.2.3/clang/lib/CodeGen/CGStmtOpenMP.cpp:7764:35: warning: unused variable 'NxStatus' [-Wunused-variable]
 7764 |     CodeGenModule::NoLoopXteamErr NxStatus = CGM.checkAndSetXteamRedKernel(S);
      |                                   ^~~~~~~~
[3417/4503] Building CXX object tools/clang/lib/CodeGen/CMakeFiles/obj.clangCodeGen.dir/CodeGenAction.cpp.o
[3418/4503] Building CXX object tools/clang/lib/CodeGen/CMakeFiles/obj.clangCodeGen.dir/ItaniumCXXABI.cpp.o
[3419/4503] Building CXX object tools/clang/lib/CodeGen/CMakeFiles/obj.clangCodeGen.dir/ModuleBuilder.cpp.o
[3420/4503] Building CXX object tools/clang/lib/CodeGen/CMakeFiles/obj.clangCodeGen.dir/SanitizerMetadata.cpp.o
[3421/4503] Building CXX object tools/clang/lib/CodeGen/CMakeFiles/obj.clangCodeGen.dir/CoverageMappingGen.cpp.o
[3422/4503] Building CXX object tools/clang/lib/CodeGen/CMakeFiles/obj.clangCodeGen.dir/SwiftCallingConv.cpp.o
[3423/4503] Building CXX object tools/clang/lib/CodeGen/CMakeFiles/obj.clangCodeGen.dir/CodeGenPGO.cpp.o
[3424/4503] Building CXX object tools/clang/lib/CodeGen/CMakeFiles/obj.clangCodeGen.dir/MicrosoftCXXABI.cpp.o
[3425/4503] Building CXX object tools/clang/lib/CodeGen/CMakeFiles/obj.clangCodeGen.dir/TargetBuiltins/DirectX.cpp.o
[3426/4503] Building CXX object tools/clang/lib/CodeGen/CMakeFiles/obj.clangCodeGen.dir/TargetBuiltins/AMDGPU.cpp.o
[3427/4503] Building CXX object tools/clang/lib/CodeGen/CMakeFiles/obj.clangCodeGen.dir/TargetBuiltins/Hexagon.cpp.o
[3428/4503] Building CXX object tools/clang/lib/CodeGen/CMakeFiles/obj.clangCodeGen.dir/TargetBuiltins/NVPTX.cpp.o
[3429/4503] Building CXX object tools/clang/lib/CodeGen/CMakeFiles/obj.clangCodeGen.dir/TargetBuiltins/SPIR.cpp.o
[3430/4503] Building CXX object tools/clang/lib/CodeGen/CMakeFiles/obj.clangCodeGen.dir/TargetBuiltins/SystemZ.cpp.o
[3431/4503] Building CXX object tools/clang/lib/CodeGen/CMakeFiles/obj.clangCodeGen.dir/TargetBuiltins/WebAssembly.cpp.o
[3432/4503] Building CXX object tools/clang/lib/CodeGen/CMakeFiles/obj.clangCodeGen.dir/TargetInfo.cpp.o
[3433/4503] Building CXX object tools/clang/lib/CodeGen/CMakeFiles/obj.clangCodeGen.dir/TargetBuiltins/PPC.cpp.o
[3434/4503] Building CXX object tools/clang/lib/CodeGen/CMakeFiles/obj.clangCodeGen.dir/ObjectFilePCHContainerWriter.cpp.o
[3435/4503] Building CXX object tools/clang/lib/CodeGen/CMakeFiles/obj.clangCodeGen.dir/TargetBuiltins/X86.cpp.o
[3436/4503] Building CXX object tools/clang/lib/CodeGen/CMakeFiles/obj.clangCodeGen.dir/Targets/ARC.cpp.o
[3437/4503] Building CXX object tools/clang/lib/CodeGen/CMakeFiles/obj.clangCodeGen.dir/Targets/AArch64.cpp.o
[3438/4503] Building CXX object tools/clang/lib/CodeGen/CMakeFiles/obj.clangCodeGen.dir/Targets/AMDGPU.cpp.o
[3439/4503] Building CXX object tools/clang/lib/CodeGen/CMakeFiles/obj.clangCodeGen.dir/Targets/AVR.cpp.o
[3440/4503] Building CXX object tools/clang/lib/CodeGen/CMakeFiles/obj.clangCodeGen.dir/Targets/BPF.cpp.o
[3441/4503] Building CXX object tools/clang/lib/CodeGen/CMakeFiles/obj.clangCodeGen.dir/Targets/CSKY.cpp.o
[3442/4503] Building CXX object tools/clang/lib/CodeGen/CMakeFiles/obj.clangCodeGen.dir/Targets/DirectX.cpp.o
[3443/4503] Building CXX object tools/clang/lib/CodeGen/CMakeFiles/obj.clangCodeGen.dir/Targets/ARM.cpp.o
[3444/4503] Building CXX object tools/clang/lib/CodeGen/CMakeFiles/obj.clangCodeGen.dir/Targets/Hexagon.cpp.o
[3445/4503] Building CXX object tools/clang/lib/CodeGen/CMakeFiles/obj.clangCodeGen.dir/Targets/Lanai.cpp.o
[3446/4503] Building CXX object tools/clang/lib/CodeGen/CMakeFiles/obj.clangCodeGen.dir/Targets/LoongArch.cpp.o
[3447/4503] Building CXX object tools/clang/lib/CodeGen/CMakeFiles/obj.clangCodeGen.dir/Targets/M68k.cpp.o
[3448/4503] Building CXX object tools/clang/lib/CodeGen/CMakeFiles/obj.clangCodeGen.dir/TargetBuiltins/RISCV.cpp.o
[3449/4503] Building CXX object tools/clang/lib/CodeGen/CMakeFiles/obj.clangCodeGen.dir/Targets/MSP430.cpp.o
[3450/4503] Building CXX object tools/clang/lib/CodeGen/CMakeFiles/obj.clangCodeGen.dir/CodeGenModule.cpp.o
In file included from /builddir/rocm-llvm-7.2.3/clang/lib/CodeGen/CodeGenModule.cpp:23:
/builddir/rocm-llvm-7.2.3/clang/lib/CodeGen/CGOpenMPRuntime.h:1073:3: warning: 'virtual llvm::Value* clang::CodeGen::CGOpenMPRuntime::emitSeverityClause(const clang::OMPSeverityClause*)' was hidden [-Woverloaded-virtual=]
 1073 |   emitSeverityClause(const OMPSeverityClause *SeverityClause);
      |   ^~~~~~~~~~~~~~~~~~
In file included from /builddir/rocm-llvm-7.2.3/clang/lib/CodeGen/CodeGenModule.cpp:24:
/builddir/rocm-llvm-7.2.3/clang/lib/CodeGen/CGOpenMPRuntimeGPU.h:229:24: note:   by 'virtual llvm::Value* clang::CodeGen::CGOpenMPRuntimeGPU::emitSeverityClause(clang::OpenMPSeverityClauseKind, clang::SourceLocation)'
  229 |   virtual llvm::Value *emitSeverityClause(OpenMPSeverityClauseKind Severity,
      |                        ^~~~~~~~~~~~~~~~~~
/builddir/rocm-llvm-7.2.3/clang/lib/CodeGen/CGOpenMPRuntime.h:1067:24: warning: 'virtual llvm::Value* clang::CodeGen::CGOpenMPRuntime::emitMessageClause(clang::CodeGen::CodeGenFunction&, const clang::OMPMessageClause*)' was hidden [-Woverloaded-virtual=]
 1067 |   virtual llvm::Value *emitMessageClause(CodeGenFunction &CGF,
      |                        ^~~~~~~~~~~~~~~~~
/builddir/rocm-llvm-7.2.3/clang/lib/CodeGen/CGOpenMPRuntimeGPU.h:225:16: note:   by 'virtual llvm::Value* clang::CodeGen::CGOpenMPRuntimeGPU::emitMessageClause(clang::CodeGen::CodeGenFunction&, const clang::Expr*, clang::SourceLocation)'
  225 |   llvm::Value *emitMessageClause(CodeGenFunction &CGF, const Expr *Message,
      |                ^~~~~~~~~~~~~~~~~
/builddir/rocm-llvm-7.2.3/clang/lib/CodeGen/CodeGenModule.cpp: In member function 'clang::CodeGen::CodeGenModule::NoLoopXteamErr clang::CodeGen::CodeGenModule::getStatusOptKernelHostBuiltin(const clang::CallExpr*) const':
/builddir/rocm-llvm-7.2.3/clang/lib/CodeGen/CodeGenModule.cpp:9937:8: warning: variable 'emitDebugMsg' set but not used [-Wunused-but-set-variable]
 9937 |   auto emitDebugMsg = [](std::string Msg) {
      |        ^~~~~~~~~~~~
/builddir/rocm-llvm-7.2.3/clang/lib/CodeGen/CodeGenModule.cpp: In member function 'clang::CodeGen::CodeGenModule::NoLoopXteamErr clang::CodeGen::CodeGenModule::getStatusOptKernelAMDGCNBuiltin(const clang::CallExpr*) const':
/builddir/rocm-llvm-7.2.3/clang/lib/CodeGen/CodeGenModule.cpp:9950:8: warning: variable 'emitDebugMsg' set but not used [-Wunused-but-set-variable]
 9950 |   auto emitDebugMsg = [](std::string Msg) {
      |        ^~~~~~~~~~~~
[3451/4503] Building CXX object tools/clang/lib/CodeGen/CMakeFiles/obj.clangCodeGen.dir/TrapReasonBuilder.cpp.o
[3452/4503] Building CXX object tools/clang/lib/ExtractAPI/CMakeFiles/obj.clangExtractAPI.dir/APIIgnoresList.cpp.o
[3453/4503] Building CXX object tools/clang/lib/CodeGen/CMakeFiles/obj.clangCodeGen.dir/Targets/NVPTX.cpp.o
[3454/4503] Building CXX object tools/clang/lib/CodeGen/CMakeFiles/obj.clangCodeGen.dir/Targets/Mips.cpp.o
[3455/4503] Building CXX object tools/clang/lib/CodeGen/CMakeFiles/obj.clangCodeGen.dir/Targets/PPC.cpp.o
[3456/4503] Building CXX object tools/clang/lib/CodeGen/CMakeFiles/obj.clangCodeGen.dir/Targets/SPIR.cpp.o
[3457/4503] Building CXX object tools/clang/lib/CodeGen/CMakeFiles/obj.clangCodeGen.dir/Targets/RISCV.cpp.o
[3458/4503] Building CXX object tools/clang/lib/CodeGen/CMakeFiles/obj.clangCodeGen.dir/Targets/Sparc.cpp.o
[3459/4503] Building CXX object tools/clang/lib/ExtractAPI/CMakeFiles/obj.clangExtractAPI.dir/API.cpp.o
[3460/4503] Building CXX object tools/clang/lib/CodeGen/CMakeFiles/obj.clangCodeGen.dir/Targets/TCE.cpp.o
[3461/4503] Building CXX object tools/clang/lib/CodeGen/CMakeFiles/obj.clangCodeGen.dir/Targets/VE.cpp.o
[3462/4503] Building CXX object tools/clang/lib/CodeGen/CMakeFiles/obj.clangCodeGen.dir/Targets/SystemZ.cpp.o
[3463/4503] Building CXX object tools/clang/lib/Frontend/Rewrite/CMakeFiles/obj.clangRewriteFrontend.dir/FixItRewriter.cpp.o
[3464/4503] Building CXX object tools/clang/lib/CodeGen/CMakeFiles/obj.clangCodeGen.dir/Targets/WebAssembly.cpp.o
[3465/4503] Building CXX object tools/clang/lib/ExtractAPI/CMakeFiles/obj.clangExtractAPI.dir/TypedefUnderlyingTypeResolver.cpp.o
[3466/4503] Building CXX object tools/clang/lib/CodeGen/CMakeFiles/obj.clangCodeGen.dir/VarBypassDetector.cpp.o
[3467/4503] Building CXX object tools/clang/lib/Frontend/Rewrite/CMakeFiles/obj.clangRewriteFrontend.dir/RewriteMacros.cpp.o
[3468/4503] Building CXX object tools/clang/lib/Tooling/CMakeFiles/obj.clangTooling.dir/ArgumentsAdjusters.cpp.o
[3469/4503] Building CXX object tools/clang/lib/CodeGen/CMakeFiles/obj.clangCodeGen.dir/Targets/XCore.cpp.o
[3470/4503] Building CXX object tools/clang/lib/Frontend/Rewrite/CMakeFiles/obj.clangRewriteFrontend.dir/InclusionRewriter.cpp.o
[3471/4503] Building CXX object tools/clang/lib/ExtractAPI/CMakeFiles/obj.clangExtractAPI.dir/DeclarationFragments.cpp.o
[3472/4503] Building CXX object tools/clang/lib/Frontend/Rewrite/CMakeFiles/obj.clangRewriteFrontend.dir/RewriteTest.cpp.o
[3473/4503] Building CXX object tools/clang/lib/CodeGen/CMakeFiles/obj.clangCodeGen.dir/TargetBuiltins/ARM.cpp.o
[3474/4503] Building CXX object tools/clang/lib/Frontend/Rewrite/CMakeFiles/obj.clangRewriteFrontend.dir/HTMLPrint.cpp.o
[3475/4503] Building CXX object tools/clang/lib/Tooling/CMakeFiles/obj.clangTooling.dir/FileMatchTrie.cpp.o
[3476/4503] Building CXX object tools/clang/lib/ExtractAPI/CMakeFiles/obj.clangExtractAPI.dir/Serialization/SymbolGraphSerializer.cpp.o
[3477/4503] Building CXX object tools/clang/lib/CodeGen/CMakeFiles/obj.clangCodeGen.dir/Targets/X86.cpp.o
[3478/4503] Building CXX object tools/clang/lib/Frontend/Rewrite/CMakeFiles/obj.clangRewriteFrontend.dir/RewriteModernObjC.cpp.o
[3479/4503] Building CXX object tools/clang/lib/Frontend/Rewrite/CMakeFiles/obj.clangRewriteFrontend.dir/RewriteObjC.cpp.o
[3480/4503] Building CXX object tools/clang/lib/Tooling/CMakeFiles/obj.clangTooling.dir/FixIt.cpp.o
[3481/4503] Linking CXX static library lib/libclangInstallAPI.a
[3482/4503] Linking CXX static library lib/libclangStaticAnalyzerCheckers.a
[3483/4503] Building CXX object tools/clang/lib/Tooling/CMakeFiles/obj.clangTooling.dir/InterpolatingCompilationDatabase.cpp.o
[3484/4503] Building CXX object tools/clang/lib/Tooling/CMakeFiles/obj.clangTooling.dir/CommonOptionsParser.cpp.o
[3485/4503] Building CXX object tools/clang/lib/Tooling/CMakeFiles/obj.clangTooling.dir/AllTUsExecution.cpp.o
[3486/4503] Building CXX object tools/clang/lib/Frontend/Rewrite/CMakeFiles/obj.clangRewriteFrontend.dir/FrontendActions.cpp.o
[3487/4503] Building CXX object tools/clang/lib/Tooling/CMakeFiles/obj.clangTooling.dir/Execution.cpp.o
[3488/4503] Building CXX object tools/clang/lib/Tooling/CMakeFiles/obj.clangTooling.dir/ExpandResponseFilesCompilationDatabase.cpp.o
[3489/4503] Building CXX object tools/clang/lib/Tooling/CMakeFiles/obj.clangTooling.dir/GuessTargetAndModeCompilationDatabase.cpp.o
[3490/4503] Building CXX object tools/clang/lib/Tooling/CMakeFiles/obj.clangTooling.dir/LocateToolCompilationDatabase.cpp.o
[3491/4503] Building CXX object tools/clang/lib/Tooling/CMakeFiles/obj.clangTooling.dir/JSONCompilationDatabase.cpp.o
[3492/4503] Building BitcodeStripOpts.inc...
[3493/4503] Building ObjdumpOpts.inc...
[3494/4503] Building Opts.inc...
[3495/4503] Building CXX object tools/clang/lib/Tooling/CMakeFiles/obj.clangTooling.dir/CompilationDatabase.cpp.o
[3496/4503] Building CXX object tools/clang/lib/StaticAnalyzer/Frontend/CMakeFiles/obj.clangStaticAnalyzerFrontend.dir/ModelConsumer.cpp.o
[3497/4503] Linking CXX static library lib/libLLVMMCA.a
[3498/4503] Building CXX object tools/clang/lib/Tooling/CMakeFiles/obj.clangTooling.dir/Refactoring.cpp.o
[3499/4503] Building CXX object lib/DWARFLinker/CMakeFiles/LLVMDWARFLinker.dir/Utils.cpp.o
[3500/4503] Building CXX object tools/clang/lib/Tooling/CMakeFiles/obj.clangTooling.dir/StandaloneExecution.cpp.o
[3501/4503] Building CXX object lib/DWARFLinker/CMakeFiles/LLVMDWARFLinker.dir/DWARFLinkerBase.cpp.o
[3502/4503] Building CXX object lib/ObjCopy/CMakeFiles/LLVMObjCopy.dir/DXContainer/DXContainerObject.cpp.o
[3503/4503] Building CXX object lib/ObjCopy/CMakeFiles/LLVMObjCopy.dir/DXContainer/DXContainerObjcopy.cpp.o
[3504/4503] Building CXX object lib/ObjCopy/CMakeFiles/LLVMObjCopy.dir/Archive.cpp.o
[3505/4503] Building CXX object lib/ObjCopy/CMakeFiles/LLVMObjCopy.dir/DXContainer/DXContainerReader.cpp.o
[3506/4503] Building CXX object lib/ObjCopy/CMakeFiles/LLVMObjCopy.dir/DXContainer/DXContainerWriter.cpp.o
[3507/4503] Building CXX object tools/clang/tools/clang-hip/clang-build-select-link/CMakeFiles/clang-build-select-link.dir/ClangBuildSelectLink.cpp.o
[3508/4503] Building CXX object tools/clang/lib/StaticAnalyzer/Frontend/CMakeFiles/obj.clangStaticAnalyzerFrontend.dir/AnalyzerHelpFlags.cpp.o
[3509/4503] Building CXX object tools/clang/lib/Tooling/CMakeFiles/obj.clangTooling.dir/Tooling.cpp.o
[3510/4503] Building CXX object lib/ObjCopy/CMakeFiles/LLVMObjCopy.dir/CommonConfig.cpp.o
[3511/4503] Building CXX object tools/clang/lib/StaticAnalyzer/Frontend/CMakeFiles/obj.clangStaticAnalyzerFrontend.dir/CreateCheckerManager.cpp.o
[3512/4503] Building CXX object lib/ObjCopy/CMakeFiles/LLVMObjCopy.dir/ConfigManager.cpp.o
[3513/4503] Building CXX object lib/ObjCopy/CMakeFiles/LLVMObjCopy.dir/COFF/COFFObjcopy.cpp.o
[3514/4503] Building CXX object lib/ObjCopy/CMakeFiles/LLVMObjCopy.dir/COFF/COFFReader.cpp.o
[3515/4503] Building CXX object lib/ObjCopy/CMakeFiles/LLVMObjCopy.dir/ObjCopy.cpp.o
[3516/4503] Building CXX object tools/clang/lib/StaticAnalyzer/Frontend/CMakeFiles/obj.clangStaticAnalyzerFrontend.dir/FrontendActions.cpp.o
[3517/4503] Building CXX object lib/ObjCopy/CMakeFiles/LLVMObjCopy.dir/COFF/COFFWriter.cpp.o
[3518/4503] Building CXX object lib/ObjCopy/CMakeFiles/LLVMObjCopy.dir/COFF/COFFObject.cpp.o
[3519/4503] Building CXX object tools/clang/tools/clang-offload-wrapper/CMakeFiles/clang-offload-wrapper.dir/ClangOffloadWrapper.cpp.o
[3520/4503] Building CXX object tools/clang/lib/StaticAnalyzer/Frontend/CMakeFiles/obj.clangStaticAnalyzerFrontend.dir/CheckerRegistry.cpp.o
[3521/4503] Building CXX object tools/clang/lib/StaticAnalyzer/Frontend/CMakeFiles/obj.clangStaticAnalyzerFrontend.dir/AnalysisConsumer.cpp.o
[3522/4503] Building CXX object lib/ObjCopy/CMakeFiles/LLVMObjCopy.dir/MachO/MachOLayoutBuilder.cpp.o
[3523/4503] Building CXX object lib/ObjCopy/CMakeFiles/LLVMObjCopy.dir/wasm/WasmObject.cpp.o
[3524/4503] Building CXX object lib/ObjCopy/CMakeFiles/LLVMObjCopy.dir/wasm/WasmReader.cpp.o
[3525/4503] Building CXX object lib/ObjCopy/CMakeFiles/LLVMObjCopy.dir/wasm/WasmWriter.cpp.o
[3526/4503] Building CXX object lib/ObjCopy/CMakeFiles/LLVMObjCopy.dir/MachO/MachOReader.cpp.o
[3527/4503] Building CXX object lib/ObjCopy/CMakeFiles/LLVMObjCopy.dir/MachO/MachOWriter.cpp.o
[3528/4503] Building CXX object lib/ObjCopy/CMakeFiles/LLVMObjCopy.dir/XCOFF/XCOFFReader.cpp.o
[3529/4503] Building CXX object lib/ObjCopy/CMakeFiles/LLVMObjCopy.dir/XCOFF/XCOFFObjcopy.cpp.o
[3530/4503] Building CXX object tools/clang/lib/Tooling/CMakeFiles/obj.clangTooling.dir/RefactoringCallbacks.cpp.o
[3531/4503] Linking CXX static library lib/libLLVMOrcJIT.a
[3532/4503] Building CXX object lib/ObjCopy/CMakeFiles/LLVMObjCopy.dir/MachO/MachOObject.cpp.o
[3533/4503] Building CXX object lib/ObjCopy/CMakeFiles/LLVMObjCopy.dir/XCOFF/XCOFFWriter.cpp.o
[3534/4503] Building CXX object lib/Debuginfod/CMakeFiles/LLVMDebuginfod.dir/HTTPClient.cpp.o
[3535/4503] Building CXX object lib/Debuginfod/CMakeFiles/LLVMDebuginfod.dir/BuildIDFetcher.cpp.o
[3536/4503] Building CXX object lib/ObjCopy/CMakeFiles/LLVMObjCopy.dir/wasm/WasmObjcopy.cpp.o
[3537/4503] Linking CXX static library lib/libLLVMAMDGPUAsmParser.a
[3538/4503] Linking CXX static library lib/libLLVMAMDGPUDisassembler.a
[3539/4503] Building CXX object lib/Debuginfod/CMakeFiles/LLVMDebuginfod.dir/HTTPServer.cpp.o
[3540/4503] Linking CXX static library lib/libLLVMAMDGPUCodeGen.a
[3541/4503] Linking CXX static library lib/libLLVMX86AsmParser.a
[3542/4503] Linking CXX static library lib/libLLVMX86Disassembler.a
[3543/4503] Linking CXX static library lib/libLLVMLibDriver.a
[3544/4503] Linking CXX static library lib/libLLVMX86CodeGen.a
[3545/4503] Linking CXX static library lib/libLLVMWindowsManifest.a
[3546/4503] Creating export file for LTO
[3547/4503] Linking CXX static library lib/liblldCommon.a
[3548/4503] Building CXX object lib/ObjCopy/CMakeFiles/LLVMObjCopy.dir/MachO/MachOObjcopy.cpp.o
[3549/4503] Building CXX object tools/clang/lib/StaticAnalyzer/Frontend/CMakeFiles/obj.clangStaticAnalyzerFrontend.dir/ModelInjector.cpp.o
[3550/4503] Building CXX object lib/ObjCopy/CMakeFiles/LLVMObjCopy.dir/ELF/ELFObjcopy.cpp.o
[3551/4503] Building CXX object lib/ExecutionEngine/MCJIT/CMakeFiles/LLVMMCJIT.dir/MCJIT.cpp.o
[3552/4503] Building CXX object lib/ToolDrivers/llvm-dlltool/CMakeFiles/LLVMDlltoolDriver.dir/DlltoolDriver.cpp.o
[3553/4503] Building CXX object tools/lld/COFF/CMakeFiles/lldCOFF.dir/CallGraphSort.cpp.o
[3554/4503] Building CXX object tools/lld/COFF/CMakeFiles/lldCOFF.dir/COFFLinkerContext.cpp.o
[3555/4503] Building CXX object lib/ExecutionEngine/Orc/Debugging/CMakeFiles/LLVMOrcDebugging.dir/DebugInfoSupport.cpp.o
[3556/4503] Building CXX object lib/Debuginfod/CMakeFiles/LLVMDebuginfod.dir/Debuginfod.cpp.o
[3557/4503] Building CXX object tools/lld/COFF/CMakeFiles/lldCOFF.dir/Chunks.cpp.o
[3558/4503] Building CXX object lib/ExecutionEngine/Orc/Debugging/CMakeFiles/LLVMOrcDebugging.dir/PerfSupportPlugin.cpp.o
[3559/4503] Building CXX object lib/ExecutionEngine/Orc/Debugging/CMakeFiles/LLVMOrcDebugging.dir/LLJITUtilsCBindings.cpp.o
[3560/4503] Building CXX object lib/ExecutionEngine/Orc/Debugging/CMakeFiles/LLVMOrcDebugging.dir/DebuggerSupport.cpp.o
[3561/4503] Building CXX object lib/ExecutionEngine/Orc/Debugging/CMakeFiles/LLVMOrcDebugging.dir/VTuneSupportPlugin.cpp.o
[3562/4503] Building CXX object tools/lld/COFF/CMakeFiles/lldCOFF.dir/DLL.cpp.o
[3563/4503] Building CXX object tools/lld/COFF/CMakeFiles/lldCOFF.dir/ICF.cpp.o
[3564/4503] Building CXX object lib/ExecutionEngine/Orc/Debugging/CMakeFiles/LLVMOrcDebugging.dir/DebuggerSupportPlugin.cpp.o
[3565/4503] Building Options.inc...
[3566/4503] Building Options.inc...
[3567/4503] Building Options.inc...
[3568/4503] Building Options.inc...
[3569/4503] Building CXX object tools/lld/COFF/CMakeFiles/lldCOFF.dir/DebugTypes.cpp.o
[3570/4503] Bundling HTMLLogger resources
[3571/4503] Linking CXX static library lib/libclangRewriteFrontend.a
[3572/4503] Linking CXX static library lib/libclangCodeGen.a
[3573/4503] Building CXX object tools/lld/COFF/CMakeFiles/lldCOFF.dir/MarkLive.cpp.o
[3574/4503] Linking CXX static library lib/libclangTooling.a
[3575/4503] Building CXX object tools/lld/COFF/CMakeFiles/lldCOFF.dir/LLDMapFile.cpp.o
[3576/4503] Linking CXX static library lib/libclangStaticAnalyzerFrontend.a
[3577/4503] Building CXX object tools/lld/COFF/CMakeFiles/lldCOFF.dir/DriverUtils.cpp.o
[3578/4503] Linking CXX executable bin/clang-offload-wrapper
[3579/4503] Linking CXX executable bin/clang-build-select-link
[3580/4503] Building CXX object tools/lld/COFF/CMakeFiles/lldCOFF.dir/MinGW.cpp.o
[3581/4503] Building CXX object tools/lld/COFF/CMakeFiles/lldCOFF.dir/Symbols.cpp.o
[3582/4503] Building CXX object tools/clang/tools/libclang/CMakeFiles/libclang.dir/BuildSystem.cpp.o
[3583/4503] Building CXX object tools/lld/COFF/CMakeFiles/lldCOFF.dir/MapFile.cpp.o
[3584/4503] Building CXX object tools/clang/lib/ExtractAPI/CMakeFiles/obj.clangExtractAPI.dir/ExtractAPIConsumer.cpp.o
[3585/4503] Linking CXX static library lib/libclangExtractAPI.a
[3586/4503] Building CXX object lib/ObjCopy/CMakeFiles/LLVMObjCopy.dir/ELF/ELFObject.cpp.o
[3587/4503] Building CXX object tools/clang/tools/libclang/CMakeFiles/libclang.dir/CIndexCXX.cpp.o
[3588/4503] Building CXX object tools/lld/COFF/CMakeFiles/lldCOFF.dir/PDB.cpp.o
[3589/4503] Building CXX object tools/clang/tools/libclang/CMakeFiles/libclang.dir/CIndexer.cpp.o
[3590/4503] Building CXX object tools/lld/COFF/CMakeFiles/lldCOFF.dir/LTO.cpp.o
[3591/4503] Building CXX object tools/clang/tools/libclang/CMakeFiles/libclang.dir/CIndexDiagnostic.cpp.o
[3592/4503] Building CXX object tools/clang/tools/libclang/CMakeFiles/libclang.dir/CIndexUSRs.cpp.o
[3593/4503] Building CXX object tools/clang/tools/libclang/CMakeFiles/libclang.dir/CXCompilationDatabase.cpp.o
[3594/4503] Building CXX object tools/clang/tools/libclang/CMakeFiles/libclang.dir/CIndexHigh.cpp.o
[3595/4503] Building CXX object tools/clang/tools/libclang/CMakeFiles/libclang.dir/CIndexInclusionStack.cpp.o
[3596/4503] Building CXX object tools/clang/lib/FrontendTool/CMakeFiles/obj.clangFrontendTool.dir/ExecuteCompilerInvocation.cpp.o
[3597/4503] Building CXX object tools/clang/tools/libclang/CMakeFiles/libclang.dir/CXComment.cpp.o
[3598/4503] Building CXX object tools/clang/tools/libclang/CMakeFiles/libclang.dir/FatalErrorHandler.cpp.o
[3599/4503] Building CXX object tools/clang/tools/libclang/CMakeFiles/libclang.dir/CXLoadedDiagnostic.cpp.o
[3600/4503] Building CXX object tools/lld/COFF/CMakeFiles/lldCOFF.dir/Writer.cpp.o
[3601/4503] Building CXX object tools/lld/COFF/CMakeFiles/lldCOFF.dir/InputFiles.cpp.o
[3602/4503] Building CXX object tools/clang/tools/libclang/CMakeFiles/libclang.dir/Obsolete.cpp.o
[3603/4503] Building CXX object tools/lld/COFF/CMakeFiles/lldCOFF.dir/SymbolTable.cpp.o
[3604/4503] Building CXX object tools/lld/COFF/CMakeFiles/lldCOFF.dir/Driver.cpp.o
[3605/4503] Building CXX object tools/clang/tools/libclang/CMakeFiles/libclang.dir/CIndexCodeCompletion.cpp.o
[3606/4503] Building CXX object tools/clang/tools/libclang/CMakeFiles/libclang.dir/CXCursor.cpp.o
[3607/4503] Building CXX object tools/bugpoint/CMakeFiles/bugpoint.dir/BugDriver.cpp.o
[3608/4503] Building CXX object tools/bugpoint/CMakeFiles/bugpoint.dir/ExecutionDriver.cpp.o
[3609/4503] Building CXX object tools/bugpoint/CMakeFiles/bugpoint.dir/FindBugs.cpp.o
[3610/4503] Building CXX object tools/clang/tools/libclang/CMakeFiles/libclang.dir/CXStoredDiagnostic.cpp.o
[3611/4503] Building CXX object tools/clang/tools/libclang/CMakeFiles/libclang.dir/CXSourceLocation.cpp.o
[3612/4503] Building CXX object tools/clang/tools/libclang/CMakeFiles/libclang.dir/CXString.cpp.o
[3613/4503] Building CXX object tools/bugpoint/CMakeFiles/bugpoint.dir/ExtractFunction.cpp.o
[3614/4503] Building CXX object tools/clang/tools/libclang/CMakeFiles/libclang.dir/CXIndexDataConsumer.cpp.o
[3615/4503] Building CXX object tools/clang/tools/libclang/CMakeFiles/libclang.dir/Rewrite.cpp.o
[3616/4503] Building CXX object tools/clang/tools/libclang/CMakeFiles/libclang.dir/CXType.cpp.o
[3617/4503] Building CXX object tools/bugpoint/CMakeFiles/bugpoint.dir/ToolRunner.cpp.o
[3618/4503] Building CXX object tools/llvm-exegesis/lib/CMakeFiles/LLVMExegesis.dir/CodeTemplate.cpp.o
[3619/4503] Building CXX object tools/llvm-exegesis/lib/CMakeFiles/LLVMExegesis.dir/Error.cpp.o
[3620/4503] Building CXX object tools/bugpoint/CMakeFiles/bugpoint.dir/OptimizerDriver.cpp.o
[3621/4503] Building CXX object tools/llvm-exegesis/lib/CMakeFiles/LLVMExegesis.dir/Analysis.cpp.o
[3622/4503] Building CXX object tools/bugpoint/CMakeFiles/bugpoint.dir/bugpoint.cpp.o
[3623/4503] Building CXX object tools/llvm-exegesis/lib/CMakeFiles/LLVMExegesis.dir/DisassemblerHelper.cpp.o
[3624/4503] Building CXX object tools/clang/tools/libclang/CMakeFiles/libclang.dir/Indexing.cpp.o
[3625/4503] Building CXX object tools/llvm-exegesis/lib/CMakeFiles/LLVMExegesis.dir/PerfHelper.cpp.o
[3626/4503] Building CXX object tools/llvm-exegesis/lib/CMakeFiles/LLVMExegesis.dir/MCInstrDescView.cpp.o
[3627/4503] Building CXX object tools/bugpoint/CMakeFiles/bugpoint.dir/Miscompilation.cpp.o
[3628/4503] Building CXX object tools/llvm-exegesis/lib/CMakeFiles/LLVMExegesis.dir/RegisterValue.cpp.o
[3629/4503] Building CXX object tools/llvm-exegesis/lib/CMakeFiles/LLVMExegesis.dir/RegisterAliasing.cpp.o
[3630/4503] Building CXX object tools/llvm-exegesis/lib/CMakeFiles/LLVMExegesis.dir/Clustering.cpp.o
[3631/4503] Building CXX object tools/clang/tools/libclang/CMakeFiles/libclang.dir/CIndex.cpp.o
[3632/4503] Building CXX object tools/bugpoint/CMakeFiles/bugpoint.dir/CrashDebugger.cpp.o
[3633/4503] Building CXX object tools/llvm-exegesis/lib/CMakeFiles/LLVMExegesis.dir/ResultAggregator.cpp.o
[3634/4503] Building CXX object tools/llvm-exegesis/lib/CMakeFiles/LLVMExegesis.dir/ValidationEvent.cpp.o
[3635/4503] Building Opts.inc...
[3636/4503] Building StripOpts.inc...
[3637/4503] Building OtoolOpts.inc...
[3638/4503] Building WindresOpts.inc...
[3639/4503] Building Opts.inc...
[3640/4503] Building Opts.inc...
[3641/4503] Creating export file for Remarks
[3642/4503] Building CXX object tools/llvm-exegesis/lib/CMakeFiles/LLVMExegesis.dir/SubprocessMemory.cpp.o
[3643/4503] Building CXX object tools/llvm-exegesis/lib/CMakeFiles/LLVMExegesis.dir/SchedClassResolution.cpp.o
[3644/4503] Building CXX object tools/llvm-exegesis/lib/CMakeFiles/LLVMExegesis.dir/BenchmarkResult.cpp.o
[3645/4503] Building CXX object lib/FuzzMutate/CMakeFiles/LLVMFuzzerCLI.dir/FuzzerCLI.cpp.o
[3646/4503] Building CXX object tools/llvm-exegesis/lib/CMakeFiles/LLVMExegesis.dir/BenchmarkRunner.cpp.o
[3647/4503] Building CXX object lib/FuzzMutate/CMakeFiles/LLVMFuzzMutate.dir/OpDescriptor.cpp.o
[3648/4503] Building CXX object tools/llvm-exegesis/lib/CMakeFiles/LLVMExegesis.dir/LlvmState.cpp.o
[3649/4503] Building CXX object tools/llvm-exegesis/lib/CMakeFiles/LLVMExegesis.dir/LatencyBenchmarkRunner.cpp.o
[3650/4503] Building CXX object lib/InterfaceStub/CMakeFiles/LLVMInterfaceStub.dir/IFSStub.cpp.o
[3651/4503] Linking CXX static library lib/libLLVMDWARFLinker.a
[3652/4503] Building CXX object tools/llvm-exegesis/lib/CMakeFiles/LLVMExegesis.dir/ParallelSnippetGenerator.cpp.o
[3653/4503] Building CXX object tools/llvm-exegesis/lib/CMakeFiles/LLVMExegesis.dir/Assembler.cpp.o
[3654/4503] Building CXX object lib/FuzzMutate/CMakeFiles/LLVMFuzzMutate.dir/RandomIRBuilder.cpp.o
[3655/4503] Building CXX object lib/FuzzMutate/CMakeFiles/LLVMFuzzMutate.dir/Operations.cpp.o
[3656/4503] Building CXX object tools/llvm-exegesis/lib/CMakeFiles/LLVMExegesis.dir/SerialSnippetGenerator.cpp.o
[3657/4503] Building CXX object tools/llvm-exegesis/lib/CMakeFiles/LLVMExegesis.dir/Target.cpp.o
[3658/4503] Building CXX object lib/InterfaceStub/CMakeFiles/LLVMInterfaceStub.dir/IFSHandler.cpp.o
[3659/4503] Building CXX object tools/llvm-exegesis/lib/CMakeFiles/LLVMExegesis.dir/SnippetGenerator.cpp.o
[3660/4503] Building CXX object tools/llvm-exegesis/lib/CMakeFiles/LLVMExegesis.dir/UopsBenchmarkRunner.cpp.o
[3661/4503] Building CXX object tools/llvm-exegesis/lib/CMakeFiles/LLVMExegesis.dir/SnippetFile.cpp.o
[3662/4503] Building CXX object tools/clang/tools/libclang/CMakeFiles/libclang.dir/CXExtractAPI.cpp.o
[3663/4503] Building CXX object lib/DWARFLinker/Classic/CMakeFiles/LLVMDWARFLinkerClassic.dir/DWARFLinkerDeclContext.cpp.o
[3664/4503] Building CXX object tools/llvm-exegesis/lib/CMakeFiles/LLVMExegesis.dir/SnippetRepetitor.cpp.o
[3665/4503] Building CXX object lib/DWARFLinker/Classic/CMakeFiles/LLVMDWARFLinkerClassic.dir/DWARFLinkerCompileUnit.cpp.o
[3666/4503] Building CXX object lib/InterfaceStub/CMakeFiles/LLVMInterfaceStub.dir/ELFObjHandler.cpp.o
[3667/4503] Linking CXX static library lib/libLLVMObjCopy.a
[3668/4503] Linking CXX static library lib/libLLVMDebuginfod.a
[3669/4503] Building CXX object lib/FuzzMutate/CMakeFiles/LLVMFuzzMutate.dir/IRMutator.cpp.o
[3670/4503] Building CXX object lib/FileCheck/CMakeFiles/LLVMFileCheck.dir/FileCheck.cpp.o
[3671/4503] Building CXX object lib/DWARFLinker/Parallel/CMakeFiles/LLVMDWARFLinkerParallel.dir/DependencyTracker.cpp.o
[3672/4503] Building CXX object lib/DWARFLinker/Parallel/CMakeFiles/LLVMDWARFLinkerParallel.dir/AcceleratorRecordsSaver.cpp.o
[3673/4503] Building CXX object lib/DebugInfo/LogicalView/CMakeFiles/LLVMDebugInfoLogicalView.dir/Core/LVCompare.cpp.o
[3674/4503] Building CXX object lib/DebugInfo/LogicalView/CMakeFiles/LLVMDebugInfoLogicalView.dir/Core/LVElement.cpp.o
[3675/4503] Building CXX object lib/DWARFLinker/Parallel/CMakeFiles/LLVMDWARFLinkerParallel.dir/DWARFLinker.cpp.o
[3676/4503] Building CXX object lib/DWARFLinker/Parallel/CMakeFiles/LLVMDWARFLinkerParallel.dir/DIEAttributeCloner.cpp.o
[3677/4503] Building CXX object lib/DWARFLinker/Parallel/CMakeFiles/LLVMDWARFLinkerParallel.dir/SyntheticTypeNameBuilder.cpp.o
[3678/4503] Building CXX object lib/DebugInfo/LogicalView/CMakeFiles/LLVMDebugInfoLogicalView.dir/Core/LVLine.cpp.o
[3679/4503] Building CXX object lib/DWARFLinker/Classic/CMakeFiles/LLVMDWARFLinkerClassic.dir/DWARFStreamer.cpp.o
[3680/4503] Building CXX object lib/DWARFLinker/Parallel/CMakeFiles/LLVMDWARFLinkerParallel.dir/OutputSections.cpp.o
[3681/4503] Building CXX object lib/DWARFLinker/Parallel/CMakeFiles/LLVMDWARFLinkerParallel.dir/DWARFEmitterImpl.cpp.o
[3682/4503] Building CXX object lib/DebugInfo/LogicalView/CMakeFiles/LLVMDebugInfoLogicalView.dir/Core/LVSupport.cpp.o
[3683/4503] Building CXX object lib/DebugInfo/LogicalView/CMakeFiles/LLVMDebugInfoLogicalView.dir/Core/LVSourceLanguage.cpp.o
[3684/4503] Building CXX object lib/DWARFLinker/Parallel/CMakeFiles/LLVMDWARFLinkerParallel.dir/DWARFLinkerUnit.cpp.o
[3685/4503] Building CXX object lib/DebugInfo/LogicalView/CMakeFiles/LLVMDebugInfoLogicalView.dir/Core/LVLocation.cpp.o
[3686/4503] Building CXX object lib/DWARFLinker/Parallel/CMakeFiles/LLVMDWARFLinkerParallel.dir/DWARFLinkerTypeUnit.cpp.o
[3687/4503] Building CXX object lib/DebugInfo/LogicalView/CMakeFiles/LLVMDebugInfoLogicalView.dir/Core/LVObject.cpp.o
[3688/4503] Building CXX object lib/DWARFLinker/Parallel/CMakeFiles/LLVMDWARFLinkerParallel.dir/DWARFLinkerCompileUnit.cpp.o
[3689/4503] Building CXX object lib/DebugInfo/LogicalView/CMakeFiles/LLVMDebugInfoLogicalView.dir/Core/LVSort.cpp.o
[3690/4503] Building CXX object lib/DebugInfo/LogicalView/CMakeFiles/LLVMDebugInfoLogicalView.dir/Core/LVRange.cpp.o
[3691/4503] Building CXX object lib/DebugInfo/LogicalView/CMakeFiles/LLVMDebugInfoLogicalView.dir/Core/LVSymbol.cpp.o
[3692/4503] Building CXX object lib/DebugInfo/LogicalView/CMakeFiles/LLVMDebugInfoLogicalView.dir/Core/LVType.cpp.o
[3693/4503] Building CXX object lib/DWP/CMakeFiles/LLVMDWP.dir/DWPError.cpp.o
[3694/4503] Building CXX object lib/DWARFLinker/Parallel/CMakeFiles/LLVMDWARFLinkerParallel.dir/DWARFLinkerImpl.cpp.o
[3695/4503] Building CXX object lib/DebugInfo/LogicalView/CMakeFiles/LLVMDebugInfoLogicalView.dir/Core/LVOptions.cpp.o
[3696/4503] Building CXX object lib/DWARFCFIChecker/CMakeFiles/LLVMDWARFCFIChecker.dir/DWARFCFIFunctionFrameAnalyzer.cpp.o
[3697/4503] Linking CXX static library lib/libLLVMMCJIT.a
[3698/4503] Linking CXX static library lib/libLLVMOrcDebugging.a
[3699/4503] Building CXX object lib/DWARFLinker/Classic/CMakeFiles/LLVMDWARFLinkerClassic.dir/DWARFLinker.cpp.o
[3700/4503] Building CXX object lib/DWARFCFIChecker/CMakeFiles/LLVMDWARFCFIChecker.dir/DWARFCFIFunctionFrameStreamer.cpp.o
[3701/4503] Building CXX object lib/DWARFCFIChecker/CMakeFiles/LLVMDWARFCFIChecker.dir/DWARFCFIAnalysis.cpp.o
[3702/4503] Linking CXX static library lib/libLLVMDlltoolDriver.a
[3703/4503] Building CXX object lib/DWARFCFIChecker/CMakeFiles/LLVMDWARFCFIChecker.dir/DWARFCFIState.cpp.o
[3704/4503] Building CXX object lib/DebugInfo/LogicalView/CMakeFiles/LLVMDebugInfoLogicalView.dir/Core/LVReader.cpp.o
[3705/4503] Building CXX object lib/LineEditor/CMakeFiles/LLVMLineEditor.dir/LineEditor.cpp.o
[3706/4503] Building CXX object lib/XRay/CMakeFiles/LLVMXRay.dir/BlockIndexer.cpp.o
[3707/4503] Building CXX object lib/XRay/CMakeFiles/LLVMXRay.dir/BlockPrinter.cpp.o
[3708/4503] Building CXX object lib/XRay/CMakeFiles/LLVMXRay.dir/BlockVerifier.cpp.o
[3709/4503] Building CXX object lib/Target/X86/MCA/CMakeFiles/LLVMX86TargetMCA.dir/X86CustomBehaviour.cpp.o
[3710/4503] Building CXX object lib/XRay/CMakeFiles/LLVMXRay.dir/FDRRecords.cpp.o
[3711/4503] Building CXX object lib/XRay/CMakeFiles/LLVMXRay.dir/FDRTraceExpander.cpp.o
[3712/4503] Building CXX object lib/XRay/CMakeFiles/LLVMXRay.dir/FDRRecordProducer.cpp.o
[3713/4503] Building CXX object lib/XRay/CMakeFiles/LLVMXRay.dir/FDRTraceWriter.cpp.o
[3714/4503] Building CXX object lib/DebugInfo/LogicalView/CMakeFiles/LLVMDebugInfoLogicalView.dir/Core/LVScope.cpp.o
[3715/4503] Building CXX object lib/XRay/CMakeFiles/LLVMXRay.dir/FileHeaderReader.cpp.o
[3716/4503] Building CXX object lib/DebugInfo/LogicalView/CMakeFiles/LLVMDebugInfoLogicalView.dir/Readers/LVBinaryReader.cpp.o
[3717/4503] Building CXX object tools/lto/CMakeFiles/LTO.dir/LTODisassembler.cpp.o
[3718/4503] Building CXX object lib/ExecutionEngine/Interpreter/CMakeFiles/LLVMInterpreter.dir/Interpreter.cpp.o
[3719/4503] Building CXX object lib/XRay/CMakeFiles/LLVMXRay.dir/LogBuilderConsumer.cpp.o
[3720/4503] Building CXX object lib/DWP/CMakeFiles/LLVMDWP.dir/DWP.cpp.o
[3721/4503] Building CXX object lib/ExecutionEngine/Interpreter/CMakeFiles/LLVMInterpreter.dir/ExternalFunctions.cpp.o
[3722/4503] Building CXX object tools/llvm-ar/CMakeFiles/llvm-ar.dir/llvm-ar-driver.cpp.o
[3723/4503] Linking CXX static library lib/liblldCOFF.a
[3724/4503] Building CXX object lib/XRay/CMakeFiles/LLVMXRay.dir/RecordPrinter.cpp.o
[3725/4503] Building CXX object lib/XRay/CMakeFiles/LLVMXRay.dir/RecordInitializer.cpp.o
[3726/4503] Building CXX object lib/XRay/CMakeFiles/LLVMXRay.dir/Profile.cpp.o
[3727/4503] Building CXX object lib/DebugInfo/LogicalView/CMakeFiles/LLVMDebugInfoLogicalView.dir/LVReaderHandler.cpp.o
[3728/4503] Building CXX object lib/Target/AMDGPU/MCA/CMakeFiles/LLVMAMDGPUTargetMCA.dir/AMDGPUCustomBehaviour.cpp.o
[3729/4503] Building CXX object lib/XRay/CMakeFiles/LLVMXRay.dir/InstrumentationMap.cpp.o
[3730/4503] Building CXX object lib/DebugInfo/LogicalView/CMakeFiles/LLVMDebugInfoLogicalView.dir/Readers/LVDWARFReader.cpp.o
[3731/4503] Building CXX object tools/lld/ELF/CMakeFiles/lldELF.dir/Arch/AMDGPU.cpp.o
[3732/4503] Building CXX object lib/ExecutionEngine/Interpreter/CMakeFiles/LLVMInterpreter.dir/Execution.cpp.o
[3733/4503] Building CXX object tools/lld/ELF/CMakeFiles/lldELF.dir/Arch/AVR.cpp.o
[3734/4503] Building CXX object lib/XRay/CMakeFiles/LLVMXRay.dir/Trace.cpp.o
[3735/4503] Building CXX object tools/llvm-ar/CMakeFiles/llvm-ar.dir/llvm-ar.cpp.o
[3736/4503] Building CXX object lib/DebugInfo/LogicalView/CMakeFiles/LLVMDebugInfoLogicalView.dir/Readers/LVCodeViewReader.cpp.o
[3737/4503] Building CXX object lib/DebugInfo/LogicalView/CMakeFiles/LLVMDebugInfoLogicalView.dir/Readers/LVCodeViewVisitor.cpp.o
[3738/4503] Building CXX object tools/lld/ELF/CMakeFiles/lldELF.dir/Arch/MSP430.cpp.o
[3739/4503] Building CXX object tools/lld/ELF/CMakeFiles/lldELF.dir/Arch/MipsArchTree.cpp.o
[3740/4503] Building CXX object tools/lld/ELF/CMakeFiles/lldELF.dir/Arch/AArch64.cpp.o
[3741/4503] Building CXX object tools/lld/ELF/CMakeFiles/lldELF.dir/AArch64ErrataFix.cpp.o
[3742/4503] Building CXX object tools/lld/ELF/CMakeFiles/lldELF.dir/Arch/Hexagon.cpp.o
[3743/4503] Building CXX object tools/lld/ELF/CMakeFiles/lldELF.dir/Arch/Mips.cpp.o
[3744/4503] Building CXX object tools/lld/ELF/CMakeFiles/lldELF.dir/Arch/PPC.cpp.o
[3745/4503] Building CXX object tools/lld/ELF/CMakeFiles/lldELF.dir/Arch/SPARCV9.cpp.o
[3746/4503] Building CXX object tools/lld/ELF/CMakeFiles/lldELF.dir/Arch/X86.cpp.o
[3747/4503] Building CXX object tools/lld/ELF/CMakeFiles/lldELF.dir/Arch/SystemZ.cpp.o
[3748/4503] Building CXX object tools/lld/ELF/CMakeFiles/lldELF.dir/Arch/LoongArch.cpp.o
[3749/4503] Building CXX object tools/lld/ELF/CMakeFiles/lldELF.dir/Arch/PPC64.cpp.o
[3750/4503] Building CXX object tools/lld/ELF/CMakeFiles/lldELF.dir/Arch/ARM.cpp.o
[3751/4503] Building CXX object tools/lld/ELF/CMakeFiles/lldELF.dir/Arch/X86_64.cpp.o
[3752/4503] Building CXX object tools/lld/ELF/CMakeFiles/lldELF.dir/DriverUtils.cpp.o
[3753/4503] Building CXX object tools/lld/ELF/CMakeFiles/lldELF.dir/DWARF.cpp.o
[3754/4503] Building CXX object tools/lld/ELF/CMakeFiles/lldELF.dir/ARMErrataFix.cpp.o
[3755/4503] Building CXX object tools/lto/CMakeFiles/LTO.dir/lto.cpp.o
[3756/4503] Building CXX object tools/lld/ELF/CMakeFiles/lldELF.dir/EhFrame.cpp.o
[3757/4503] Building CXX object tools/lld/ELF/CMakeFiles/lldELF.dir/CallGraphSort.cpp.o
[3758/4503] Building CXX object tools/lld/ELF/CMakeFiles/lldELF.dir/Arch/RISCV.cpp.o
[3759/4503] Building CXX object tools/lld/ELF/CMakeFiles/lldELF.dir/ScriptLexer.cpp.o
[3760/4503] Building CXX object tools/lld/ELF/CMakeFiles/lldELF.dir/SymbolTable.cpp.o
[3761/4503] Building CXX object tools/lld/ELF/CMakeFiles/lldELF.dir/Symbols.cpp.o
[3762/4503] Building CXX object tools/lld/ELF/CMakeFiles/lldELF.dir/MapFile.cpp.o
[3763/4503] Building CXX object tools/lld/ELF/CMakeFiles/lldELF.dir/ICF.cpp.o
[3764/4503] Building CXX object tools/lld/ELF/CMakeFiles/lldELF.dir/BPSectionOrderer.cpp.o
[3765/4503] Building CXX object tools/lld/ELF/CMakeFiles/lldELF.dir/Target.cpp.o
[3766/4503] Building CXX object tools/lld/ELF/CMakeFiles/lldELF.dir/OutputSections.cpp.o
[3767/4503] Building CXX object tools/lld/MachO/CMakeFiles/lldMachO.dir/Arch/ARM64_32.cpp.o
[3768/4503] Building CXX object tools/lld/MachO/CMakeFiles/lldMachO.dir/Arch/ARM64.cpp.o
[3769/4503] Building CXX object tools/lld/ELF/CMakeFiles/lldELF.dir/MarkLive.cpp.o
[3770/4503] Building CXX object tools/lld/MachO/CMakeFiles/lldMachO.dir/Arch/ARM64Common.cpp.o
[3771/4503] Building CXX object tools/lld/MachO/CMakeFiles/lldMachO.dir/Arch/X86_64.cpp.o
[3772/4503] Building CXX object tools/lld/ELF/CMakeFiles/lldELF.dir/LinkerScript.cpp.o
[3773/4503] Building CXX object tools/lld/ELF/CMakeFiles/lldELF.dir/Thunks.cpp.o
[3774/4503] Building CXX object tools/lld/ELF/CMakeFiles/lldELF.dir/ScriptParser.cpp.o
[3775/4503] Building CXX object tools/lld/MachO/CMakeFiles/lldMachO.dir/Dwarf.cpp.o
[3776/4503] Building CXX object tools/lld/ELF/CMakeFiles/lldELF.dir/InputSection.cpp.o
[3777/4503] Building CXX object tools/lld/MachO/CMakeFiles/lldMachO.dir/EhFrame.cpp.o
[3778/4503] Building CXX object tools/lld/MachO/CMakeFiles/lldMachO.dir/ExportTrie.cpp.o
[3779/4503] Building CXX object tools/lld/ELF/CMakeFiles/lldELF.dir/LTO.cpp.o
[3780/4503] Building CXX object tools/lld/MachO/CMakeFiles/lldMachO.dir/ConcatOutputSection.cpp.o
[3781/4503] Building CXX object tools/lld/MachO/CMakeFiles/lldMachO.dir/ICF.cpp.o
[3782/4503] Building CXX object tools/lld/MachO/CMakeFiles/lldMachO.dir/LinkerOptimizationHints.cpp.o
[3783/4503] Building CXX object tools/lld/MachO/CMakeFiles/lldMachO.dir/MarkLive.cpp.o
[3784/4503] Building CXX object tools/lld/MachO/CMakeFiles/lldMachO.dir/InputSection.cpp.o
[3785/4503] Building CXX object tools/lld/MachO/CMakeFiles/lldMachO.dir/MapFile.cpp.o
[3786/4503] Building CXX object tools/lld/MachO/CMakeFiles/lldMachO.dir/OutputSection.cpp.o
[3787/4503] Building CXX object tools/lld/MachO/CMakeFiles/lldMachO.dir/Relocations.cpp.o
[3788/4503] Building CXX object tools/lld/MachO/CMakeFiles/lldMachO.dir/Sections.cpp.o
[3789/4503] Building CXX object tools/lld/MachO/CMakeFiles/lldMachO.dir/OutputSegment.cpp.o
[3790/4503] Building CXX object tools/lld/ELF/CMakeFiles/lldELF.dir/Relocations.cpp.o
[3791/4503] Building CXX object tools/lld/MachO/CMakeFiles/lldMachO.dir/ObjC.cpp.o
/builddir/rocm-llvm-7.2.3/lld/MachO/ObjC.cpp:723:1: warning: '{anonymous}::ObjcCategoryMerger::PointerListInfo {anonymous}::ObjcCategoryMerger::parseProtocolListInfo(const lld::macho::ConcatInputSection*, uint32_t, SourceLanguage)' defined but not used [-Wunused-function]
  723 | ObjcCategoryMerger::parseProtocolListInfo(const ConcatInputSection *isec,
      | ^~~~~~~~~~~~~~~~~~
[3792/4503] Building CXX object tools/lld/MachO/CMakeFiles/lldMachO.dir/Target.cpp.o
[3793/4503] Building CXX object tools/lld/MachO/CMakeFiles/lldMachO.dir/Symbols.cpp.o
[3794/4503] Building CXX object tools/lld/MachO/CMakeFiles/lldMachO.dir/SectionPriorities.cpp.o
[3795/4503] Building CXX object tools/lld/MachO/CMakeFiles/lldMachO.dir/SymbolTable.cpp.o
[3796/4503] Building CXX object tools/lld/MachO/CMakeFiles/lldMachO.dir/DriverUtils.cpp.o
[3797/4503] Building CXX object tools/lld/ELF/CMakeFiles/lldELF.dir/InputFiles.cpp.o
[3798/4503] Building CXX object tools/lld/MinGW/CMakeFiles/lldMinGW.dir/Driver.cpp.o
[3799/4503] Building CXX object tools/lld/ELF/CMakeFiles/lldELF.dir/Writer.cpp.o
[3800/4503] Building CXX object tools/lld/MachO/CMakeFiles/lldMachO.dir/UnwindInfoSection.cpp.o
[3801/4503] Building CXX object tools/lld/MachO/CMakeFiles/lldMachO.dir/LTO.cpp.o
[3802/4503] Building CXX object tools/lld/MachO/CMakeFiles/lldMachO.dir/BPSectionOrderer.cpp.o
[3803/4503] Building CXX object tools/lld/ELF/CMakeFiles/lldELF.dir/Driver.cpp.o
[3804/4503] Building CXX object tools/lld/MachO/CMakeFiles/lldMachO.dir/Writer.cpp.o
[3805/4503] Building CXX object tools/lld/MachO/CMakeFiles/lldMachO.dir/SyntheticSections.cpp.o
[3806/4503] Building CXX object tools/lld/MachO/CMakeFiles/lldMachO.dir/Driver.cpp.o
[3807/4503] Building CXX object tools/lld/MachO/CMakeFiles/lldMachO.dir/InputFiles.cpp.o
[3808/4503] Building CXX object tools/lld/wasm/CMakeFiles/lldWasm.dir/InputChunks.cpp.o
[3809/4503] Building CXX object tools/lld/wasm/CMakeFiles/lldWasm.dir/WriterUtils.cpp.o
[3810/4503] Building CXX object tools/lld/wasm/CMakeFiles/lldWasm.dir/MarkLive.cpp.o
[3811/4503] Building CXX object tools/lld/wasm/CMakeFiles/lldWasm.dir/MapFile.cpp.o
[3812/4503] Building CXX object tools/lld/wasm/CMakeFiles/lldWasm.dir/LTO.cpp.o
[3813/4503] Creating export file for SampleAnalyzerPlugin
[3814/4503] Creating export file for CheckerDependencyHandlingAnalyzerPlugin
[3815/4503] Creating export file for CheckerOptionHandlingAnalyzerPlugin
[3816/4503] Building CXX object tools/lld/wasm/CMakeFiles/lldWasm.dir/OutputSegment.cpp.o
[3817/4503] Building CXX object tools/lld/wasm/CMakeFiles/lldWasm.dir/OutputSections.cpp.o
[3818/4503] Building CXX object tools/lld/wasm/CMakeFiles/lldWasm.dir/Relocations.cpp.o
[3819/4503] Building CXX object tools/lld/ELF/CMakeFiles/lldELF.dir/SyntheticSections.cpp.o
[3820/4503] Building CXX object tools/lld/wasm/CMakeFiles/lldWasm.dir/Driver.cpp.o
[3821/4503] Building CXX object tools/lld/wasm/CMakeFiles/lldWasm.dir/Symbols.cpp.o
[3822/4503] Building CXX object tools/lld/wasm/CMakeFiles/lldWasm.dir/InputFiles.cpp.o
[3823/4503] Building CXX object tools/clang/lib/Analysis/FlowSensitive/CMakeFiles/obj.clangAnalysisFlowSensitive.dir/CNFFormula.cpp.o
[3824/4503] Building CXX object tools/lld/wasm/CMakeFiles/lldWasm.dir/SymbolTable.cpp.o
[3825/4503] Building CXX object tools/clang/lib/Analysis/FlowSensitive/CMakeFiles/obj.clangAnalysisFlowSensitive.dir/Formula.cpp.o
[3826/4503] Building CXX object tools/clang/lib/Analysis/FlowSensitive/CMakeFiles/obj.clangAnalysisFlowSensitive.dir/Arena.cpp.o
[3827/4503] Building CXX object tools/lld/wasm/CMakeFiles/lldWasm.dir/SyntheticSections.cpp.o
[3828/4503] Building CXX object tools/clang/lib/Analysis/FlowSensitive/CMakeFiles/obj.clangAnalysisFlowSensitive.dir/AdornedCFG.cpp.o
[3829/4503] Building CXX object tools/clang/lib/Analysis/FlowSensitive/CMakeFiles/obj.clangAnalysisFlowSensitive.dir/FormulaSerialization.cpp.o
[3830/4503] Building CXX object tools/clang/lib/Analysis/FlowSensitive/CMakeFiles/obj.clangAnalysisFlowSensitive.dir/ASTOps.cpp.o
[3831/4503] Building CXX object tools/clang/lib/ASTMatchers/Dynamic/CMakeFiles/obj.clangDynamicASTMatchers.dir/Diagnostics.cpp.o
[3832/4503] Building CXX object tools/clang/lib/ASTMatchers/Dynamic/CMakeFiles/obj.clangDynamicASTMatchers.dir/Marshallers.cpp.o
[3833/4503] Building CXX object tools/clang/lib/Analysis/FlowSensitive/CMakeFiles/obj.clangAnalysisFlowSensitive.dir/Logger.cpp.o
[3834/4503] Building CXX object tools/clang/lib/Analysis/FlowSensitive/CMakeFiles/obj.clangAnalysisFlowSensitive.dir/WatchedLiteralsSolver.cpp.o
[3835/4503] Building CXX object tools/clang/lib/Analysis/FlowSensitive/CMakeFiles/obj.clangAnalysisFlowSensitive.dir/RecordOps.cpp.o
[3836/4503] Linking CXX static library lib/libclangFrontendTool.a
[3837/4503] Building CXX object tools/clang/lib/ASTMatchers/Dynamic/CMakeFiles/obj.clangDynamicASTMatchers.dir/Parser.cpp.o
[3838/4503] Building CXX object tools/clang/lib/Analysis/FlowSensitive/CMakeFiles/obj.clangAnalysisFlowSensitive.dir/SimplifyConstraints.cpp.o
[3839/4503] Building CXX object tools/clang/lib/Analysis/FlowSensitive/CMakeFiles/obj.clangAnalysisFlowSensitive.dir/DataflowAnalysisContext.cpp.o
[3840/4503] Building CXX object tools/clang/lib/Analysis/FlowSensitive/CMakeFiles/obj.clangAnalysisFlowSensitive.dir/Value.cpp.o
[3841/4503] Building CXX object tools/clang/lib/ASTMatchers/Dynamic/CMakeFiles/obj.clangDynamicASTMatchers.dir/VariantValue.cpp.o
[3842/4503] Building CXX object tools/lld/wasm/CMakeFiles/lldWasm.dir/Writer.cpp.o
[3843/4503] Building CXX object tools/clang/lib/Analysis/FlowSensitive/CMakeFiles/obj.clangAnalysisFlowSensitive.dir/HTMLLogger.cpp.o
[3844/4503] Building CXX object tools/clang/lib/Analysis/FlowSensitive/CMakeFiles/obj.clangAnalysisFlowSensitive.dir/DebugSupport.cpp.o
[3845/4503] Building CXX object tools/clang/lib/Analysis/FlowSensitive/CMakeFiles/obj.clangAnalysisFlowSensitive.dir/DataflowEnvironment.cpp.o
[3846/4503] Building CXX object tools/clang/lib/Tooling/Refactoring/CMakeFiles/obj.clangToolingRefactoring.dir/Rename/SymbolOccurrences.cpp.o
[3847/4503] Building CXX object tools/clang/lib/Tooling/Refactoring/CMakeFiles/obj.clangToolingRefactoring.dir/ASTSelectionRequirements.cpp.o
[3848/4503] Building CXX object tools/clang/lib/Tooling/Inclusions/Stdlib/CMakeFiles/obj.clangToolingInclusionsStdlib.dir/StandardLibrary.cpp.o
[3849/4503] Building CXX object tools/clang/lib/Tooling/Refactoring/CMakeFiles/obj.clangToolingRefactoring.dir/Extract/SourceExtraction.cpp.o
[3850/4503] Building CXX object tools/clang/lib/Tooling/Refactoring/CMakeFiles/obj.clangToolingRefactoring.dir/Lookup.cpp.o
[3851/4503] Building CXX object tools/clang/lib/Tooling/Refactoring/CMakeFiles/obj.clangToolingRefactoring.dir/Extract/Extract.cpp.o
[3852/4503] Building CXX object tools/clang/lib/Analysis/FlowSensitive/CMakeFiles/obj.clangAnalysisFlowSensitive.dir/SmartPointerAccessorCaching.cpp.o
[3853/4503] Building CXX object tools/clang/lib/Analysis/FlowSensitive/CMakeFiles/obj.clangAnalysisFlowSensitive.dir/TypeErasedDataflowAnalysis.cpp.o
[3854/4503] Building CXX object tools/clang/lib/Tooling/Syntax/CMakeFiles/obj.clangToolingSyntax.dir/Nodes.cpp.o
[3855/4503] Building CXX object tools/clang/lib/Analysis/FlowSensitive/Models/CMakeFiles/obj.clangAnalysisFlowSensitiveModels.dir/ChromiumCheckModel.cpp.o
[3856/4503] Building CXX object tools/clang/lib/Tooling/Syntax/CMakeFiles/obj.clangToolingSyntax.dir/ComputeReplacements.cpp.o
[3857/4503] Building CXX object tools/clang/lib/Tooling/Refactoring/CMakeFiles/obj.clangToolingRefactoring.dir/AtomicChange.cpp.o
[3858/4503] Building CXX object tools/clang/lib/Tooling/Refactoring/CMakeFiles/obj.clangToolingRefactoring.dir/RefactoringActions.cpp.o
[3859/4503] Building CXX object tools/clang/lib/Analysis/FlowSensitive/CMakeFiles/obj.clangAnalysisFlowSensitive.dir/Transfer.cpp.o
[3860/4503] Building CXX object tools/clang/lib/Tooling/Syntax/CMakeFiles/obj.clangToolingSyntax.dir/TokenBufferTokenManager.cpp.o
[3861/4503] Building CXX object tools/clang/lib/Tooling/Syntax/CMakeFiles/obj.clangToolingSyntax.dir/Tree.cpp.o
[3862/4503] Building CXX object tools/clang/lib/Tooling/Syntax/CMakeFiles/obj.clangToolingSyntax.dir/Mutations.cpp.o
[3863/4503] Building CXX object tools/clang/lib/Tooling/DependencyScanning/CMakeFiles/obj.clangDependencyScanning.dir/DependencyScanningService.cpp.o
[3864/4503] Building CXX object tools/clang/lib/Tooling/DependencyScanning/CMakeFiles/obj.clangDependencyScanning.dir/DependencyScanningFilesystem.cpp.o
[3865/4503] Building CXX object tools/clang/lib/Tooling/Syntax/CMakeFiles/obj.clangToolingSyntax.dir/Synthesis.cpp.o
[3866/4503] Building CXX object tools/clang/lib/Tooling/Refactoring/CMakeFiles/obj.clangToolingRefactoring.dir/Rename/RenamingAction.cpp.o
[3867/4503] Building CXX object tools/clang/lib/Tooling/DependencyScanning/CMakeFiles/obj.clangDependencyScanning.dir/InProcessModuleCache.cpp.o
[3868/4503] Building CXX object tools/clang/lib/Tooling/Refactoring/CMakeFiles/obj.clangToolingRefactoring.dir/ASTSelection.cpp.o
[3869/4503] Building CXX object tools/clang/lib/Tooling/Syntax/CMakeFiles/obj.clangToolingSyntax.dir/Tokens.cpp.o
[3870/4503] Building CXX object tools/clang/lib/Analysis/FlowSensitive/Models/CMakeFiles/obj.clangAnalysisFlowSensitiveModels.dir/UncheckedOptionalAccessModel.cpp.o
[3871/4503] Building CXX object tools/clang/lib/Tooling/Transformer/CMakeFiles/obj.clangTransformer.dir/SourceCode.cpp.o
[3872/4503] Building CXX object tools/clang/lib/Tooling/ASTDiff/CMakeFiles/obj.clangToolingASTDiff.dir/ASTDiff.cpp.o
In file included from /usr/include/c++/14.2/memory:78,
                 from /builddir/rocm-llvm-7.2.3/clang/include/clang/AST/ASTVector.h:27,
                 from /builddir/rocm-llvm-7.2.3/clang/include/clang/AST/ASTUnresolvedSet.h:17,
                 from /builddir/rocm-llvm-7.2.3/clang/include/clang/AST/DeclCXX.h:18,
                 from /builddir/rocm-llvm-7.2.3/clang/include/clang/AST/ASTTypeTraits.h:19,
                 from /builddir/rocm-llvm-7.2.3/clang/include/clang/Tooling/ASTDiff/ASTDiffInternal.h:13,
                 from /builddir/rocm-llvm-7.2.3/clang/include/clang/Tooling/ASTDiff/ASTDiff.h:22,
                 from /builddir/rocm-llvm-7.2.3/clang/lib/Tooling/ASTDiff/ASTDiff.cpp:13:
In function 'std::__detail::__unique_ptr_array_t<_Tp> std::make_unique(size_t) [with _Tp = double []]',
    inlined from 'clang::diff::ZhangShashaMatcher::ZhangShashaMatcher(const clang::diff::ASTDiff::Impl&, const clang::diff::SyntaxTree::Impl&, const clang::diff::SyntaxTree::Impl&, clang::diff::NodeId, clang::diff::NodeId)' at /builddir/rocm-llvm-7.2.3/clang/lib/Tooling/ASTDiff/ASTDiff.cpp:575:49,
    inlined from 'void clang::diff::ASTDiff::Impl::addOptimalMapping(clang::diff::{anonymous}::Mapping&, clang::diff::NodeId, clang::diff::NodeId) const' at /builddir/rocm-llvm-7.2.3/clang/lib/Tooling/ASTDiff/ASTDiff.cpp:787:53:
/usr/include/c++/14.2/bits/unique_ptr.h:1092:30: warning: argument 1 range [18446744073709551615, 18446744073709551615] exceeds maximum object size 9223372036854775807 [-Walloc-size-larger-than=]
 1092 |     { return unique_ptr<_Tp>(new remove_extent_t<_Tp>[__num]()); }
      |                              ^~~~~~~~~~~~~~~~~~~~~~~~~~~~~~~~~
In file included from /usr/include/c++/14.2/bits/stl_tempbuf.h:59,
                 from /usr/include/c++/14.2/bits/stl_algo.h:69,
                 from /usr/include/c++/14.2/algorithm:61,
                 from /builddir/rocm-llvm-7.2.3/clang/include/clang/AST/ASTVector.h:22:
/usr/include/c++/14.2/new: In member function 'void clang::diff::ASTDiff::Impl::addOptimalMapping(clang::diff::{anonymous}::Mapping&, clang::diff::NodeId, clang::diff::NodeId) const':
/usr/include/c++/14.2/new:133:26: note: in a call to allocation function 'void* operator new [](std::size_t)' declared here
  133 | _GLIBCXX_NODISCARD void* operator new[](std::size_t) _GLIBCXX_THROW (std::bad_alloc)
      |                          ^~~~~~~~
In function 'std::__detail::__unique_ptr_array_t<_Tp> std::make_unique(size_t) [with _Tp = double []]',
    inlined from 'clang::diff::ZhangShashaMatcher::ZhangShashaMatcher(const clang::diff::ASTDiff::Impl&, const clang::diff::SyntaxTree::Impl&, const clang::diff::SyntaxTree::Impl&, clang::diff::NodeId, clang::diff::NodeId)' at /builddir/rocm-llvm-7.2.3/clang/lib/Tooling/ASTDiff/ASTDiff.cpp:575:49,
    inlined from 'void clang::diff::ASTDiff::Impl::addOptimalMapping(clang::diff::{anonymous}::Mapping&, clang::diff::NodeId, clang::diff::NodeId) const' at /builddir/rocm-llvm-7.2.3/clang/lib/Tooling/ASTDiff/ASTDiff.cpp:787:53:
/usr/include/c++/14.2/bits/unique_ptr.h:1092:30: warning: argument 1 range [18446744073709551615, 18446744073709551615] exceeds maximum object size 9223372036854775807 [-Walloc-size-larger-than=]
 1092 |     { return unique_ptr<_Tp>(new remove_extent_t<_Tp>[__num]()); }
      |                              ^~~~~~~~~~~~~~~~~~~~~~~~~~~~~~~~~
/usr/include/c++/14.2/new: In member function 'void clang::diff::ASTDiff::Impl::addOptimalMapping(clang::diff::{anonymous}::Mapping&, clang::diff::NodeId, clang::diff::NodeId) const':
/usr/include/c++/14.2/new:133:26: note: in a call to allocation function 'void* operator new [](std::size_t)' declared here
  133 | _GLIBCXX_NODISCARD void* operator new[](std::size_t) _GLIBCXX_THROW (std::bad_alloc)
      |                          ^~~~~~~~
[3873/4503] Building CXX object tools/clang/lib/Tooling/Refactoring/CMakeFiles/obj.clangToolingRefactoring.dir/Rename/USRFindingAction.cpp.o
[3874/4503] Building CXX object tools/clang/lib/Tooling/DependencyScanning/CMakeFiles/obj.clangDependencyScanning.dir/DependencyScanningWorker.cpp.o
[3875/4503] Building CXX object tools/clang/lib/DirectoryWatcher/CMakeFiles/obj.clangDirectoryWatcher.dir/DirectoryScanner.cpp.o
[3876/4503] Building CXX object tools/clang/lib/Tooling/Refactoring/CMakeFiles/obj.clangToolingRefactoring.dir/Rename/USRFinder.cpp.o
[3877/4503] Building CXX object tools/clang/lib/DirectoryWatcher/CMakeFiles/obj.clangDirectoryWatcher.dir/linux/DirectoryWatcher-linux.cpp.o
[3878/4503] Building CXX object tools/clang/lib/Tooling/DependencyScanning/CMakeFiles/obj.clangDependencyScanning.dir/DependencyScanningTool.cpp.o
[3879/4503] Building CXX object tools/clang/lib/Tooling/Transformer/CMakeFiles/obj.clangTransformer.dir/Parsing.cpp.o
[3880/4503] Building CXX object tools/clang/lib/Tooling/Syntax/CMakeFiles/obj.clangToolingSyntax.dir/BuildTree.cpp.o
[3881/4503] Building CXX object tools/clang/lib/IndexSerialization/CMakeFiles/obj.clangIndexSerialization.dir/SerializablePathCollection.cpp.o
[3882/4503] Building CXX object tools/clang/lib/Tooling/Transformer/CMakeFiles/obj.clangTransformer.dir/RangeSelector.cpp.o
[3883/4503] Building CXX object tools/clang/lib/Tooling/Transformer/CMakeFiles/obj.clangTransformer.dir/RewriteRule.cpp.o
[3884/4503] Building CXX object tools/clang/lib/Tooling/DependencyScanning/CMakeFiles/obj.clangDependencyScanning.dir/DependencyScannerImpl.cpp.o
[3885/4503] Building CXX object tools/clang/lib/Tooling/Transformer/CMakeFiles/obj.clangTransformer.dir/SourceCodeBuilders.cpp.o
[3886/4503] Building CXX object tools/clang/lib/Tooling/Refactoring/CMakeFiles/obj.clangToolingRefactoring.dir/Rename/USRLocFinder.cpp.o
[3887/4503] Building CXX object tools/clang/lib/Tooling/DependencyScanning/CMakeFiles/obj.clangDependencyScanning.dir/ModuleDepCollector.cpp.o
[3888/4503] Building CXX object tools/clang/lib/Tooling/Transformer/CMakeFiles/obj.clangTransformer.dir/Stencil.cpp.o
[3889/4503] Building CXX object tools/clang/lib/Interpreter/CMakeFiles/obj.clangInterpreter.dir/DeviceOffload.cpp.o
[3890/4503] Building CXX object tools/clang/tools/driver/CMakeFiles/clang.dir/clang-driver.cpp.o
[3891/4503] Building CXX object tools/clang/tools/driver/CMakeFiles/clang.dir/cc1gen_reproducer_main.cpp.o
[3892/4503] Building NVLinkOpts.inc...
[3893/4503] Building LinkerWrapperOpts.inc...
[3894/4503] Building Opts.inc...
[3895/4503] Building SYCLLinkOpts.inc...
[3896/4503] Building InstallAPIOpts.inc...
[3897/4503] Building CXX object tools/clang/tools/clang-shlib/CMakeFiles/clang-cpp.dir/clang-shlib.cpp.o
[3898/4503] Building CXX object tools/clang/lib/Tooling/Transformer/CMakeFiles/obj.clangTransformer.dir/Transformer.cpp.o
[3899/4503] Building CXX object tools/clang/tools/driver/CMakeFiles/clang.dir/cc1as_main.cpp.o
[3900/4503] Creating export file for BugpointPasses
[3901/4503] Building Options.inc...
[3902/4503] Building CXX object tools/clang/tools/driver/CMakeFiles/clang.dir/driver.cpp.o
[3903/4503] Building CXX object tools/clang/lib/Interpreter/CMakeFiles/obj.clangInterpreter.dir/IncrementalAction.cpp.o
[3904/4503] Building Opts.inc...
[3905/4503] Building Opts.inc...
[3906/4503] Building Opts.inc...
[3907/4503] Building Opts.inc...
[3908/4503] Building Opts.inc...
[3909/4503] Building CXX object tools/clang/lib/Interpreter/CMakeFiles/obj.clangInterpreter.dir/IncrementalParser.cpp.o
[3910/4503] Building CXX object tools/clang/lib/Interpreter/CMakeFiles/obj.clangInterpreter.dir/CodeCompletion.cpp.o
[3911/4503] Linking CXX executable bin/bugpoint
[3912/4503] Building CXX object tools/clang/lib/Interpreter/CMakeFiles/obj.clangInterpreter.dir/IncrementalExecutor.cpp.o
[3913/4503] Building CXX object tools/clang/lib/Interpreter/CMakeFiles/obj.clangInterpreter.dir/InterpreterUtils.cpp.o
[3914/4503] Linking CXX shared library lib/libclang.so.22.0.0git
[3915/4503] Building Options.inc...
[3916/4503] Building Opts.inc...
[3917/4503] Linking CXX static library lib/libLLVMExegesis.a
[3918/4503] Building CXX object tools/llvm-diff/lib/CMakeFiles/LLVMDiff.dir/DiffLog.cpp.o
[3919/4503] Building CXX object tools/llvm-cfi-verify/lib/CMakeFiles/LLVMCFIVerify.dir/GraphBuilder.cpp.o
[3920/4503] Building Opts.inc...
[3921/4503] Building Opts.inc...
[3922/4503] Building Opts.inc...
[3923/4503] Building LipoOpts.inc...
[3924/4503] Building CXX object tools/clang/lib/Interpreter/CMakeFiles/obj.clangInterpreter.dir/InterpreterValuePrinter.cpp.o
[3925/4503] Building CXX object tools/llvm-diff/lib/CMakeFiles/LLVMDiff.dir/DiffConsumer.cpp.o
[3926/4503] Building CXX object tools/clang/lib/Interpreter/CMakeFiles/obj.clangInterpreter.dir/Value.cpp.o
[3927/4503] Building Opts.inc...
[3928/4503] Building CXX object tools/llvm-exegesis/lib/X86/CMakeFiles/LLVMExegesisX86.dir/X86Counter.cpp.o
[3929/4503] Building CXX object tools/clang/tools/clang-fuzzer/handle-llvm/CMakeFiles/obj.clangHandleLLVM.dir/handle_llvm.cpp.o
[3930/4503] Building CXX object tools/clang/tools/clang-fuzzer/handle-cxx/CMakeFiles/obj.clangHandleCXX.dir/handle_cxx.cpp.o
[3931/4503] Building CXX object tools/llvm-dwarfdump/CMakeFiles/llvm-dwarfdump.dir/SectionSizes.cpp.o
[3932/4503] Building CXX object tools/llvm-ml/CMakeFiles/llvm-ml.dir/llvm-ml-driver.cpp.o
[3933/4503] Building CXX object tools/llvm-objcopy/CMakeFiles/llvm-objcopy.dir/llvm-objcopy-driver.cpp.o
[3934/4503] Building CXX object tools/clang/tools/driver/CMakeFiles/clang.dir/cc1_main.cpp.o
[3935/4503] Building CXX object tools/llvm-cfi-verify/lib/CMakeFiles/LLVMCFIVerify.dir/FileAnalysis.cpp.o
[3936/4503] Building CXX object tools/llvm-ml/CMakeFiles/llvm-ml.dir/Disassembler.cpp.o
[3937/4503] Building CXX object tools/llvm-objcopy/CMakeFiles/llvm-objcopy.dir/llvm-objcopy.cpp.o
[3938/4503] Building CXX object tools/llvm-diff/lib/CMakeFiles/LLVMDiff.dir/DifferenceEngine.cpp.o
[3939/4503] Building CXX object tools/llvm-objdump/CMakeFiles/llvm-objdump.dir/DXContainerDump.cpp.o
[3940/4503] Building CXX object tools/llvm-dwarfdump/CMakeFiles/llvm-dwarfdump.dir/Statistics.cpp.o
[3941/4503] Building CXX object tools/llvm-ml/CMakeFiles/llvm-ml.dir/llvm-ml.cpp.o
[3942/4503] Building CXX object tools/llvm-objdump/CMakeFiles/llvm-objdump.dir/SourcePrinter.cpp.o
[3943/4503] Building CXX object tools/llvm-objdump/CMakeFiles/llvm-objdump.dir/llvm-objdump-driver.cpp.o
[3944/4503] Building CXX object tools/llvm-objdump/CMakeFiles/llvm-objdump.dir/COFFDump.cpp.o
[3945/4503] Building CXX object tools/clang/lib/Interpreter/CMakeFiles/obj.clangInterpreter.dir/Interpreter.cpp.o
[3946/4503] Building CXX object tools/llvm-objdump/CMakeFiles/llvm-objdump.dir/OffloadDump.cpp.o
In file included from /builddir/rocm-llvm-7.2.3/llvm/tools/llvm-objdump/OffloadDump.h:14,
                 from /builddir/rocm-llvm-7.2.3/llvm/tools/llvm-objdump/OffloadDump.cpp:14:
/builddir/rocm-llvm-7.2.3/llvm/include/llvm/Object/OffloadBundle.h: In constructor 'llvm::object::OffloadBundleFatBin::OffloadBundleFatBin(llvm::MemoryBufferRef, llvm::StringRef, bool)':
/builddir/rocm-llvm-7.2.3/llvm/include/llvm/Object/OffloadBundle.h:99:8: warning: 'llvm::object::OffloadBundleFatBin::Decompressed' will be initialized after [-Wreorder]
   99 |   bool Decompressed;
      |        ^~~~~~~~~~~~
/builddir/rocm-llvm-7.2.3/llvm/include/llvm/Object/OffloadBundle.h:97:12: warning:   'uint64_t llvm::object::OffloadBundleFatBin::NumberOfEntries' [-Wreorder]
   97 |   uint64_t NumberOfEntries;
      |            ^~~~~~~~~~~~~~~
/builddir/rocm-llvm-7.2.3/llvm/include/llvm/Object/OffloadBundle.h:128:3: warning:   when initialized here [-Wreorder]
  128 |   OffloadBundleFatBin(MemoryBufferRef Source, StringRef File,
      |   ^~~~~~~~~~~~~~~~~~~
[3947/4503] Building CXX object tools/llvm-rc/CMakeFiles/llvm-rc.dir/ResourceScriptCppFilter.cpp.o
[3948/4503] Building CXX object tools/llvm-objdump/CMakeFiles/llvm-objdump.dir/WasmDump.cpp.o
[3949/4503] Building CXX object tools/llvm-dwarfdump/CMakeFiles/llvm-dwarfdump.dir/llvm-dwarfdump.cpp.o
/builddir/rocm-llvm-7.2.3/llvm/tools/llvm-dwarfdump/llvm-dwarfdump.cpp:678:1: warning: 'std::unique_ptr<llvm::MCRegisterInfo> createRegInfo(const llvm::object::ObjectFile&)' defined but not used [-Wunused-function]
  678 | createRegInfo(const object::ObjectFile &Obj) {
      | ^~~~~~~~~~~~~
[3950/4503] Building CXX object tools/llvm-rc/CMakeFiles/llvm-rc.dir/llvm-rc-driver.cpp.o
[3951/4503] Building CXX object tools/llvm-rc/CMakeFiles/llvm-rc.dir/ResourceScriptToken.cpp.o
[3952/4503] Building CXX object tools/llvm-objdump/CMakeFiles/llvm-objdump.dir/XCOFFDump.cpp.o
[3953/4503] Building CXX object tools/llvm-rc/CMakeFiles/llvm-rc.dir/ResourceScriptStmt.cpp.o
[3954/4503] Building CXX object tools/llvm-rc/CMakeFiles/llvm-rc.dir/llvm-rc.cpp.o
[3955/4503] Building CXX object tools/llvm-rc/CMakeFiles/llvm-rc.dir/ResourceFileWriter.cpp.o
[3956/4503] Building CXX object tools/llvm-readobj/CMakeFiles/llvm-readobj.dir/COFFImportDumper.cpp.o
[3957/4503] Building CXX object tools/llvm-objdump/CMakeFiles/llvm-objdump.dir/ELFDump.cpp.o
[3958/4503] Building CXX object tools/llvm-objcopy/CMakeFiles/llvm-objcopy.dir/ObjcopyOptions.cpp.o
[3959/4503] Building CXX object tools/llvm-rc/CMakeFiles/llvm-rc.dir/ResourceScriptParser.cpp.o
[3960/4503] Building TapiOpts.inc...
[3961/4503] Building Opts.inc...
[3962/4503] Building Opts.inc...
[3963/4503] Building CXX object tools/llvm-readobj/CMakeFiles/llvm-readobj.dir/llvm-readobj-driver.cpp.o
[3964/4503] Building CXX object tools/llvm-readobj/CMakeFiles/llvm-readobj.dir/ARMWinEHPrinter.cpp.o
[3965/4503] Building Opts.inc...
[3966/4503] Building CXX object tools/llvm-readobj/CMakeFiles/llvm-readobj.dir/WindowsResourceDumper.cpp.o
[3967/4503] Building CXX object tools/llvm-symbolizer/CMakeFiles/llvm-symbolizer.dir/llvm-symbolizer-driver.cpp.o
[3968/4503] Building CXX object tools/remarks-shlib/CMakeFiles/Remarks.dir/libremarks.cpp.o
[3969/4503] Building Opts.inc...
[3970/4503] Building CXX object tools/llvm-readobj/CMakeFiles/llvm-readobj.dir/WasmDumper.cpp.o
[3971/4503] Building CXX object tools/llvm-readobj/CMakeFiles/llvm-readobj.dir/ObjDumper.cpp.o
In file included from /builddir/rocm-llvm-7.2.3/llvm/tools/llvm-readobj/ObjDumper.cpp:20:
/builddir/rocm-llvm-7.2.3/llvm/include/llvm/Object/OffloadBundle.h: In constructor 'llvm::object::OffloadBundleFatBin::OffloadBundleFatBin(llvm::MemoryBufferRef, llvm::StringRef, bool)':
/builddir/rocm-llvm-7.2.3/llvm/include/llvm/Object/OffloadBundle.h:99:8: warning: 'llvm::object::OffloadBundleFatBin::Decompressed' will be initialized after [-Wreorder]
   99 |   bool Decompressed;
      |        ^~~~~~~~~~~~
/builddir/rocm-llvm-7.2.3/llvm/include/llvm/Object/OffloadBundle.h:97:12: warning:   'uint64_t llvm::object::OffloadBundleFatBin::NumberOfEntries' [-Wreorder]
   97 |   uint64_t NumberOfEntries;
      |            ^~~~~~~~~~~~~~~
/builddir/rocm-llvm-7.2.3/llvm/include/llvm/Object/OffloadBundle.h:128:3: warning:   when initialized here [-Wreorder]
  128 |   OffloadBundleFatBin(MemoryBufferRef Source, StringRef File,
      |   ^~~~~~~~~~~~~~~~~~~
[3972/4503] Building CXX object tools/llvm-readobj/CMakeFiles/llvm-readobj.dir/Win64EHDumper.cpp.o
[3973/4503] Linking CXX static library lib/libLLVMTableGenBasic.a
[3974/4503] Linking CXX static library lib/libLLVMFuzzerCLI.a
[3975/4503] Linking CXX static library lib/libLLVMFuzzMutate.a
[3976/4503] Building CXX object tools/llvm-exegesis/lib/X86/CMakeFiles/LLVMExegesisX86.dir/Target.cpp.o
[3977/4503] Linking CXX static library lib/libLLVMFileCheck.a
[3978/4503] Linking CXX static library lib/libLLVMInterfaceStub.a
[3979/4503] Building CXX object lib/Support/LSP/CMakeFiles/LLVMSupportLSP.dir/Logging.cpp.o
[3980/4503] Building CXX object tools/llvm-readobj/CMakeFiles/llvm-readobj.dir/llvm-readobj.cpp.o
[3981/4503] Building CXX object lib/CAS/CMakeFiles/LLVMCAS.dir/ActionCache.cpp.o
[3982/4503] Building CXX object tools/llvm-readobj/CMakeFiles/llvm-readobj.dir/XCOFFDumper.cpp.o
[3983/4503] Building CXX object lib/CAS/CMakeFiles/LLVMCAS.dir/ActionCaches.cpp.o
[3984/4503] Building CXX object tools/llvm-readobj/CMakeFiles/llvm-readobj.dir/MachODumper.cpp.o
[3985/4503] Building CXX object lib/CAS/CMakeFiles/LLVMCAS.dir/DatabaseFile.cpp.o
[3986/4503] Building CXX object lib/CAS/CMakeFiles/LLVMCAS.dir/BuiltinCAS.cpp.o
[3987/4503] Linking CXX static library lib/libLLVMDWARFLinkerClassic.a
[3988/4503] Linking CXX static library lib/libLLVMDWARFLinkerParallel.a
[3989/4503] Building CXX object tools/llvm-symbolizer/CMakeFiles/llvm-symbolizer.dir/llvm-symbolizer.cpp.o
[3990/4503] Linking CXX static library lib/libLLVMDebugInfoLogicalView.a
[3991/4503] Linking CXX static library lib/libLLVMDWARFCFIChecker.a
[3992/4503] Linking CXX static library lib/libLLVMDWP.a
[3993/4503] Building CXX object lib/CAS/CMakeFiles/LLVMCAS.dir/OnDiskCommon.cpp.o
[3994/4503] Linking CXX static library lib/libLLVMAMDGPUTargetMCA.a
[3995/4503] Linking CXX static library lib/libLLVMX86TargetMCA.a
[3996/4503] Linking CXX static library lib/libLLVMInterpreter.a
[3997/4503] Linking CXX static library lib/libLLVMLineEditor.a
[3998/4503] Linking CXX static library lib/libLLVMXRay.a
[3999/4503] Building CXX object lib/CAS/CMakeFiles/LLVMCAS.dir/ObjectStore.cpp.o
[4000/4503] Building CXX object lib/CAS/CMakeFiles/LLVMCAS.dir/InMemoryCAS.cpp.o
[4001/4503] Building CXX object lib/Support/LSP/CMakeFiles/LLVMSupportLSP.dir/Transport.cpp.o
[4002/4503] Building CXX object lib/Frontend/OpenACC/CMakeFiles/LLVMFrontendOpenACC.dir/ACC.cpp.o
[4003/4503] Building C object utils/count/CMakeFiles/count.dir/count.c.o
[4004/4503] Building CXX object lib/CAS/CMakeFiles/LLVMCAS.dir/MappedFileRegionArena.cpp.o
[4005/4503] Building CXX object lib/Telemetry/CMakeFiles/LLVMTelemetry.dir/Telemetry.cpp.o
[4006/4503] Building CXX object lib/Support/LSP/CMakeFiles/LLVMSupportLSP.dir/Protocol.cpp.o
[4007/4503] Building CXX object utils/PerfectShuffle/CMakeFiles/llvm-PerfectShuffle.dir/PerfectShuffle.cpp.o
[4008/4503] Building CXX object utils/not/CMakeFiles/not.dir/not.cpp.o
[4009/4503] Building CXX object tools/llvm-readobj/CMakeFiles/llvm-readobj.dir/COFFDumper.cpp.o
[4010/4503] Building CXX object lib/CAS/CMakeFiles/LLVMCAS.dir/OnDiskTrieRawHashMap.cpp.o
[4011/4503] Building CXX object utils/split-file/CMakeFiles/split-file.dir/split-file.cpp.o
[4012/4503] Linking CXX executable bin/llvm-ar
[4013/4503] Building CXX object utils/yaml-bench/CMakeFiles/yaml-bench.dir/YAMLBench.cpp.o
[4014/4503] Building CXX object tools/llvm-profdata/CMakeFiles/llvm-profdata.dir/llvm-profdata-driver.cpp.o
[4015/4503] Building CXX object utils/UnicodeData/CMakeFiles/UnicodeNameMappingGenerator.dir/UnicodeNameMappingGenerator.cpp.o
[4016/4503] Linking CXX static library lib/liblldELF.a
[4017/4503] Linking CXX static library lib/liblldMachO.a
[4018/4503] Linking CXX static library lib/liblldMinGW.a
[4019/4503] Building CXX object utils/llvm-test-mustache-spec/CMakeFiles/llvm-test-mustache-spec.dir/llvm-test-mustache-spec.cpp.o
[4020/4503] Linking CXX static library lib/liblldWasm.a
[4021/4503] Building CXX object tools/llvm-config/CMakeFiles/llvm-config.dir/llvm-config.cpp.o
[4022/4503] Building CXX object tools/llvm-objdump/CMakeFiles/llvm-objdump.dir/llvm-objdump.cpp.o
In file included from /builddir/rocm-llvm-7.2.3/llvm/tools/llvm-objdump/OffloadDump.h:14,
                 from /builddir/rocm-llvm-7.2.3/llvm/tools/llvm-objdump/llvm-objdump.cpp:23:
/builddir/rocm-llvm-7.2.3/llvm/include/llvm/Object/OffloadBundle.h: In constructor 'llvm::object::OffloadBundleFatBin::OffloadBundleFatBin(llvm::MemoryBufferRef, llvm::StringRef, bool)':
/builddir/rocm-llvm-7.2.3/llvm/include/llvm/Object/OffloadBundle.h:99:8: warning: 'llvm::object::OffloadBundleFatBin::Decompressed' will be initialized after [-Wreorder]
   99 |   bool Decompressed;
      |        ^~~~~~~~~~~~
/builddir/rocm-llvm-7.2.3/llvm/include/llvm/Object/OffloadBundle.h:97:12: warning:   'uint64_t llvm::object::OffloadBundleFatBin::NumberOfEntries' [-Wreorder]
   97 |   uint64_t NumberOfEntries;
      |            ^~~~~~~~~~~~~~~
/builddir/rocm-llvm-7.2.3/llvm/include/llvm/Object/OffloadBundle.h:128:3: warning:   when initialized here [-Wreorder]
  128 |   OffloadBundleFatBin(MemoryBufferRef Source, StringRef File,
      |   ^~~~~~~~~~~~~~~~~~~
[4023/4503] Building CXX object tools/llvm-ctxprof-util/CMakeFiles/llvm-ctxprof-util.dir/llvm-ctxprof-util.cpp.o
[4024/4503] Linking CXX static library lib/libclangAnalysisFlowSensitive.a
[4025/4503] Building CXX object tools/lld/tools/lld/CMakeFiles/lld.dir/lld-driver.cpp.o
[4026/4503] Linking CXX static library lib/libclangToolingASTDiff.a
[4027/4503] Building CXX object tools/lld/tools/lld/CMakeFiles/lld.dir/lld.cpp.o
[4028/4503] Linking CXX static library lib/libclangToolingRefactoring.a
[4029/4503] Linking CXX static library lib/libclangToolingSyntax.a
[4030/4503] Building CXX object utils/FileCheck/CMakeFiles/FileCheck.dir/FileCheck.cpp.o
[4031/4503] Linking CXX static library lib/libclangDependencyScanning.a
[4032/4503] Linking CXX static library lib/libclangInterpreter.a
[4033/4503] Building CXX object tools/llvm-objdump/CMakeFiles/llvm-objdump.dir/MachODump.cpp.o
[4034/4503] Building CXX object tools/clang/tools/diagtool/CMakeFiles/diagtool.dir/diagtool_main.cpp.o
[4035/4503] Building CXX object tools/clang/tools/diagtool/CMakeFiles/diagtool.dir/DiagTool.cpp.o
[4036/4503] Building CXX object tools/clang/tools/diagtool/CMakeFiles/diagtool.dir/ListWarnings.cpp.o
[4037/4503] Building CXX object tools/clang/tools/diagtool/CMakeFiles/diagtool.dir/FindDiagnosticID.cpp.o
[4038/4503] Linking CXX shared library lib/libLTO.so.22.0git
[4039/4503] Building CXX object tools/clang/tools/diagtool/CMakeFiles/diagtool.dir/DiagnosticNames.cpp.o
[4040/4503] Building C object tools/clang/tools/clang-fuzzer/dictionary/CMakeFiles/clang-fuzzer-dictionary.dir/dictionary.c.o
[4041/4503] Building CXX object tools/opt/CMakeFiles/LLVMOptDriver.dir/optdriver.cpp.o
[4042/4503] Building CXX object tools/clang/tools/diagtool/CMakeFiles/diagtool.dir/TreeView.cpp.o
[4043/4503] Building CXX object tools/clang/tools/apinotes-test/CMakeFiles/apinotes-test.dir/APINotesTest.cpp.o
[4044/4503] Building CXX object tools/opt/CMakeFiles/LLVMOptDriver.dir/NewPMDriver.cpp.o
[4045/4503] Building CXX object tools/clang/tools/clang-offload-bundler/CMakeFiles/clang-offload-bundler.dir/ClangOffloadBundler.cpp.o
[4046/4503] Building CXX object tools/clang/tools/clang-offload-packager/CMakeFiles/clang-offload-packager.dir/ClangOffloadPackager.cpp.o
[4047/4503] Building CXX object tools/clang/tools/clang-scan-deps/CMakeFiles/clang-scan-deps.dir/clang-scan-deps-driver.cpp.o
[4048/4503] Building CXX object tools/clang/tools/clang-format/CMakeFiles/clang-format.dir/ClangFormat.cpp.o
[4049/4503] Building CXX object tools/clang/lib/Analysis/plugins/CheckerOptionHandling/CMakeFiles/CheckerOptionHandlingAnalyzerPlugin.dir/CheckerOptionHandling.cpp.o
[4050/4503] Building CXX object tools/clang/lib/Analysis/plugins/SampleAnalyzer/CMakeFiles/SampleAnalyzerPlugin.dir/MainCallChecker.cpp.o
[4051/4503] Building CXX object tools/clang/tools/clang-installapi/CMakeFiles/clang-installapi.dir/clang-installapi-driver.cpp.o
[4052/4503] Building CXX object tools/clang/tools/diagtool/CMakeFiles/diagtool.dir/ShowEnabledWarnings.cpp.o
[4053/4503] Building CXX object tools/clang/lib/Analysis/plugins/CheckerDependencyHandling/CMakeFiles/CheckerDependencyHandlingAnalyzerPlugin.dir/CheckerDependencyHandling.cpp.o
[4054/4503] Linking CXX executable bin/clang-22
[4055/4503] Building CXX object tools/llvm-lto/CMakeFiles/llvm-lto.dir/llvm-lto.cpp.o
[4056/4503] Building C object tools/clang/tools/c-index-test/CMakeFiles/c-index-test.dir/c-index-test.c.o
[4057/4503] Building CXX object tools/clang/tools/clang-diff/CMakeFiles/clang-diff.dir/ClangDiff.cpp.o
[4058/4503] Building CXX object tools/clang/tools/clang-import-test/CMakeFiles/clang-import-test.dir/clang-import-test.cpp.o
[4059/4503] Creating library symlink lib/libclang.so.22.0git lib/libclang.so
[4060/4503] Building CXX object tools/clang/lib/ASTMatchers/Dynamic/CMakeFiles/obj.clangDynamicASTMatchers.dir/Registry.cpp.o
[4061/4503] Building CXX object tools/clang/tools/amdllvm/CMakeFiles/amdllvm.dir/amdllvm.cpp.o
/builddir/rocm-llvm-7.2.3/clang/tools/amdllvm/amdllvm.cpp: In function 'int main(int, char**)':
/builddir/rocm-llvm-7.2.3/clang/tools/amdllvm/amdllvm.cpp:18:45: warning: ISO C++ forbids taking address of function '::main' [-Wpedantic]
   18 |   void *MainAddr = reinterpret_cast<void *>(main);
      |                                             ^~~~
[4062/4503] Building CXX object tools/clang/tools/offload-arch/CMakeFiles/offload-arch.dir/OffloadArch.cpp.o
[4063/4503] Building CXX object tools/clang/tools/offload-arch/CMakeFiles/offload-arch.dir/NVPTXArch.cpp.o
[4064/4503] Building CXX object tools/clang/tools/clang-nvlink-wrapper/CMakeFiles/clang-nvlink-wrapper.dir/ClangNVLinkWrapper.cpp.o
[4065/4503] Building CXX object tools/clang/tools/clang-installapi/CMakeFiles/clang-installapi.dir/Options.cpp.o
[4066/4503] Building CXX object tools/clang/tools/offload-arch/CMakeFiles/offload-arch.dir/AMDGPUArchByKFD.cpp.o
[4067/4503] Building CXX object tools/clang/tools/clang-sycl-linker/CMakeFiles/clang-sycl-linker.dir/ClangSYCLLinker.cpp.o
[4068/4503] Building CXX object tools/clang/tools/clang-refactor/CMakeFiles/clang-refactor.dir/TestSupport.cpp.o
[4069/4503] Building CXX object tools/clang/tools/offload-arch/CMakeFiles/offload-arch.dir/AMDGPUArchByHIP.cpp.o
[4070/4503] Building CXX object tools/llvm-profdata/CMakeFiles/llvm-profdata.dir/llvm-profdata.cpp.o
[4071/4503] Building CXX object tools/dsymutil/CMakeFiles/dsymutil.dir/CFBundle.cpp.o
[4072/4503] Building CXX object tools/clang/tools/clang-linker-wrapper/CMakeFiles/clang-linker-wrapper.dir/ClangLinkerWrapper.cpp.o
[4073/4503] Building CXX object tools/clang/tools/offload-arch/CMakeFiles/offload-arch.dir/LevelZeroArch.cpp.o
[4074/4503] Building CXX object tools/clang/tools/clang-check/CMakeFiles/clang-check.dir/ClangCheck.cpp.o
[4075/4503] Building CXX object tools/dsymutil/CMakeFiles/dsymutil.dir/BinaryHolder.cpp.o
[4076/4503] Building CXX object tools/clang/tools/clang-extdef-mapping/CMakeFiles/clang-extdef-mapping.dir/ClangExtDefMapGen.cpp.o
[4077/4503] Building CXX object tools/bugpoint-passes/CMakeFiles/BugpointPasses.dir/TestPasses.cpp.o
[4078/4503] Building CXX object tools/clang/tools/clang-installapi/CMakeFiles/clang-installapi.dir/ClangInstallAPI.cpp.o
[4079/4503] Building CXX object tools/clang/tools/clang-refactor/CMakeFiles/clang-refactor.dir/ClangRefactor.cpp.o
[4080/4503] Building CXX object tools/dsymutil/CMakeFiles/dsymutil.dir/Reproducer.cpp.o
[4081/4503] Building CXX object tools/clang/tools/c-index-test/CMakeFiles/c-index-test.dir/core_main.cpp.o
[4082/4503] Building CXX object tools/dsymutil/CMakeFiles/dsymutil.dir/dsymutil-driver.cpp.o
[4083/4503] Building CXX object tools/dsymutil/CMakeFiles/dsymutil.dir/RelocationMap.cpp.o
[4084/4503] Building CXX object tools/dsymutil/CMakeFiles/dsymutil.dir/DebugMap.cpp.o
[4085/4503] Building C object tools/llvm-c-test/CMakeFiles/llvm-c-test.dir/attributes.c.o
[4086/4503] Building C object tools/llvm-c-test/CMakeFiles/llvm-c-test.dir/calc.c.o
[4087/4503] Building C object tools/llvm-c-test/CMakeFiles/llvm-c-test.dir/debuginfo.c.o
[4088/4503] Linking CXX shared library lib/libclang-cpp.so.22.0git
[4089/4503] Building C object tools/llvm-c-test/CMakeFiles/llvm-c-test.dir/diagnostic.c.o
[4090/4503] Building CXX object tools/dsymutil/CMakeFiles/dsymutil.dir/SwiftModule.cpp.o
[4091/4503] Building C object tools/llvm-c-test/CMakeFiles/llvm-c-test.dir/disassemble.c.o
[4092/4503] Building C object tools/llvm-c-test/CMakeFiles/llvm-c-test.dir/helpers.c.o
[4093/4503] Building CXX object tools/dsymutil/CMakeFiles/dsymutil.dir/MachODebugMapParser.cpp.o
[4094/4503] Building C object tools/llvm-c-test/CMakeFiles/llvm-c-test.dir/include-all.c.o
[4095/4503] Building C object tools/llvm-c-test/CMakeFiles/llvm-c-test.dir/main.c.o
[4096/4503] Building C object tools/llvm-c-test/CMakeFiles/llvm-c-test.dir/module.c.o
[4097/4503] Building C object tools/llvm-c-test/CMakeFiles/llvm-c-test.dir/object.c.o
[4098/4503] Building C object tools/llvm-c-test/CMakeFiles/llvm-c-test.dir/targets.c.o
[4099/4503] Building C object tools/llvm-c-test/CMakeFiles/llvm-c-test.dir/metadata.c.o
[4100/4503] Linking CXX static library lib/libLLVMCFIVerify.a
[4101/4503] Building CXX object tools/clang/tools/clang-scan-deps/CMakeFiles/clang-scan-deps.dir/ClangScanDeps.cpp.o
[4102/4503] Building CXX object tools/llvm-bcanalyzer/CMakeFiles/llvm-bcanalyzer.dir/llvm-bcanalyzer.cpp.o
[4103/4503] Building CXX object tools/lli/ChildTarget/CMakeFiles/lli-child-target.dir/ChildTarget.cpp.o
[4104/4503] Building CXX object tools/llvm-cgdata/CMakeFiles/llvm-cgdata.dir/llvm-cgdata-driver.cpp.o
[4105/4503] Building CXX object tools/llvm-cov/CMakeFiles/llvm-cov.dir/llvm-cov.cpp.o
[4106/4503] Building CXX object tools/llvm-c-test/CMakeFiles/llvm-c-test.dir/echo.cpp.o
[4107/4503] Building CXX object tools/clang/tools/clang-repl/CMakeFiles/clang-repl.dir/ClangRepl.cpp.o
[4108/4503] Building CXX object tools/llvm-as/CMakeFiles/llvm-as.dir/llvm-as.cpp.o
[4109/4503] Building CXX object tools/dsymutil/CMakeFiles/dsymutil.dir/MachOUtils.cpp.o
[4110/4503] Building CXX object tools/llvm-cat/CMakeFiles/llvm-cat.dir/llvm-cat.cpp.o
[4111/4503] Building CXX object tools/llvm-cov/CMakeFiles/llvm-cov.dir/gcov.cpp.o
[4112/4503] Building CXX object tools/llvm-cgdata/CMakeFiles/llvm-cgdata.dir/llvm-cgdata.cpp.o
[4113/4503] Building CXX object tools/dsymutil/CMakeFiles/dsymutil.dir/dsymutil.cpp.o
[4114/4503] Building CXX object tools/llvm-cfi-verify/CMakeFiles/llvm-cfi-verify.dir/llvm-cfi-verify.cpp.o
[4115/4503] Building CXX object tools/llvm-cov/CMakeFiles/llvm-cov.dir/CoverageFilters.cpp.o
[4116/4503] Building CXX object tools/llvm-cov/CMakeFiles/llvm-cov.dir/CoverageSummaryInfo.cpp.o
[4117/4503] Building CXX object tools/llvm-cov/CMakeFiles/llvm-cov.dir/CoverageExporterLcov.cpp.o
[4118/4503] Building CXX object tools/dsymutil/CMakeFiles/dsymutil.dir/DwarfLinkerForBinary.cpp.o
[4119/4503] Building CXX object tools/llvm-cxxdump/CMakeFiles/llvm-cxxdump.dir/Error.cpp.o
[4120/4503] Building CXX object tools/llc/CMakeFiles/llc.dir/llc.cpp.o
[4121/4503] Building CXX object tools/llvm-cxxfilt/CMakeFiles/llvm-cxxfilt.dir/llvm-cxxfilt-driver.cpp.o
[4122/4503] Building CXX object tools/llvm-cxxfilt/CMakeFiles/llvm-cxxfilt.dir/llvm-cxxfilt.cpp.o
[4123/4503] Building CXX object tools/llvm-cvtres/CMakeFiles/llvm-cvtres.dir/llvm-cvtres.cpp.o
[4124/4503] Building CXX object tools/llvm-cov/CMakeFiles/llvm-cov.dir/TestingSupport.cpp.o
[4125/4503] Building CXX object tools/llvm-cxxmap/CMakeFiles/llvm-cxxmap.dir/llvm-cxxmap.cpp.o
[4126/4503] Building CXX object tools/llvm-cov/CMakeFiles/llvm-cov.dir/CoverageReport.cpp.o
[4127/4503] Building CXX object tools/llvm-cov/CMakeFiles/llvm-cov.dir/SourceCoverageViewText.cpp.o
[4128/4503] Linking CXX static library lib/libLLVMDiff.a
[4129/4503] Building CXX object tools/llvm-debuginfod/CMakeFiles/llvm-debuginfod.dir/llvm-debuginfod-driver.cpp.o
[4130/4503] Building CXX object tools/llvm-dlang-demangle-fuzzer/CMakeFiles/llvm-dlang-demangle-fuzzer.dir/DummyDemanglerFuzzer.cpp.o
[4131/4503] Building CXX object tools/llvm-debuginfod-find/CMakeFiles/llvm-debuginfod-find.dir/llvm-debuginfod-find-driver.cpp.o
[4132/4503] Building CXX object tools/llvm-dlang-demangle-fuzzer/CMakeFiles/llvm-dlang-demangle-fuzzer.dir/llvm-dlang-demangle-fuzzer.cpp.o
[4133/4503] Building CXX object tools/llc/CMakeFiles/llc.dir/NewPMDriver.cpp.o
[4134/4503] Building CXX object tools/llvm-cov/CMakeFiles/llvm-cov.dir/CoverageExporterJson.cpp.o
[4135/4503] Building CXX object tools/llvm-cov/CMakeFiles/llvm-cov.dir/SourceCoverageViewHTML.cpp.o
[4136/4503] Building CXX object tools/llvm-debuginfod-find/CMakeFiles/llvm-debuginfod-find.dir/llvm-debuginfod-find.cpp.o
[4137/4503] Linking CXX executable bin/llvm-dwarfdump
[4138/4503] Linking CXX static library lib/libLLVMExegesisX86.a
[4139/4503] Building CXX object tools/llvm-debuginfod/CMakeFiles/llvm-debuginfod.dir/llvm-debuginfod.cpp.o
[4140/4503] Building CXX object tools/llvm-cxxdump/CMakeFiles/llvm-cxxdump.dir/llvm-cxxdump.cpp.o
[4141/4503] Building CXX object tools/llvm-cov/CMakeFiles/llvm-cov.dir/SourceCoverageView.cpp.o
[4142/4503] Building CXX object tools/llvm-dwp/CMakeFiles/llvm-dwp.dir/llvm-dwp-driver.cpp.o
[4143/4503] Building CXX object tools/llvm-gsymutil/CMakeFiles/llvm-gsymutil.dir/llvm-gsymutil-driver.cpp.o
[4144/4503] Building CXX object tools/llvm-diff/CMakeFiles/llvm-diff.dir/llvm-diff.cpp.o
[4145/4503] Building CXX object tools/llvm-ifs/CMakeFiles/llvm-ifs.dir/ErrorCollector.cpp.o
[4146/4503] Building CXX object tools/llvm-isel-fuzzer/CMakeFiles/llvm-isel-fuzzer.dir/DummyISelFuzzer.cpp.o
[4147/4503] Building CXX object tools/llvm-ifs/CMakeFiles/llvm-ifs.dir/llvm-ifs-driver.cpp.o
[4148/4503] Building CXX object tools/llvm-itanium-demangle-fuzzer/CMakeFiles/llvm-itanium-demangle-fuzzer.dir/DummyDemanglerFuzzer.cpp.o
[4149/4503] Building CXX object tools/llvm-cov/CMakeFiles/llvm-cov.dir/CodeCoverage.cpp.o
[4150/4503] Building CXX object tools/llvm-itanium-demangle-fuzzer/CMakeFiles/llvm-itanium-demangle-fuzzer.dir/llvm-itanium-demangle-fuzzer.cpp.o
[4151/4503] Building CXX object tools/llvm-debuginfo-analyzer/CMakeFiles/llvm-debuginfo-analyzer.dir/llvm-debuginfo-analyzer.cpp.o
[4152/4503] Building CXX object tools/lli/CMakeFiles/lli.dir/lli.cpp.o
[4153/4503] Building CXX object tools/llvm-dwp/CMakeFiles/llvm-dwp.dir/llvm-dwp.cpp.o
[4154/4503] Building CXX object tools/llvm-ifs/CMakeFiles/llvm-ifs.dir/llvm-ifs.cpp.o
[4155/4503] Building CXX object tools/llvm-dis/CMakeFiles/llvm-dis.dir/llvm-dis.cpp.o
[4156/4503] Building CXX object tools/llvm-ir2vec/CMakeFiles/llvm-ir2vec.dir/llvm-ir2vec.cpp.o
[4157/4503] Building CXX object tools/llvm-debuginfo-analyzer/CMakeFiles/llvm-debuginfo-analyzer.dir/Options.cpp.o
[4158/4503] Building CXX object tools/llvm-isel-fuzzer/CMakeFiles/llvm-isel-fuzzer.dir/llvm-isel-fuzzer.cpp.o
[4159/4503] Building CXX object tools/llvm-libtool-darwin/CMakeFiles/llvm-libtool-darwin.dir/llvm-libtool-darwin-driver.cpp.o
[4160/4503] Building CXX object tools/llvm-gsymutil/CMakeFiles/llvm-gsymutil.dir/llvm-gsymutil.cpp.o
[4161/4503] Building CXX object tools/llvm-jitlink/llvm-jitlink-executor/CMakeFiles/llvm-jitlink-executor.dir/llvm-jitlink-executor.cpp.o
[4162/4503] Building CXX object tools/llvm-lipo/CMakeFiles/llvm-lipo.dir/llvm-lipo-driver.cpp.o
[4163/4503] Building CXX object tools/llvm-jitlink/CMakeFiles/llvm-jitlink.dir/llvm-jitlink-coff.cpp.o
[4164/4503] Building CXX object tools/llvm-dwarfutil/CMakeFiles/llvm-dwarfutil.dir/DebugInfoLinker.cpp.o
[4165/4503] Building CXX object tools/llvm-jitlink/CMakeFiles/llvm-jitlink.dir/llvm-jitlink-elf.cpp.o
[4166/4503] Building CXX object tools/llvm-jitlink/CMakeFiles/llvm-jitlink.dir/llvm-jitlink-macho.cpp.o
[4167/4503] Building CXX object tools/llvm-mc/CMakeFiles/llvm-mc.dir/Disassembler.cpp.o
[4168/4503] Building CXX object tools/llvm-extract/CMakeFiles/llvm-extract.dir/llvm-extract.cpp.o
[4169/4503] Building CXX object tools/llvm-mca/CMakeFiles/llvm-mca.dir/CodeRegion.cpp.o
[4170/4503] Building CXX object tools/llvm-dwarfutil/CMakeFiles/llvm-dwarfutil.dir/llvm-dwarfutil.cpp.o
[4171/4503] Building CXX object tools/llvm-jitlink/CMakeFiles/llvm-jitlink.dir/llvm-jitlink-statistics.cpp.o
[4172/4503] Building CXX object tools/llvm-libtool-darwin/CMakeFiles/llvm-libtool-darwin.dir/llvm-libtool-darwin.cpp.o
[4173/4503] Building CXX object tools/llvm-link/CMakeFiles/llvm-link.dir/llvm-link.cpp.o
[4174/4503] Building CXX object tools/llvm-lipo/CMakeFiles/llvm-lipo.dir/llvm-lipo.cpp.o
[4175/4503] Building CXX object tools/llvm-mca/CMakeFiles/llvm-mca.dir/Views/InstructionView.cpp.o
[4176/4503] Building CXX object tools/llvm-mca/CMakeFiles/llvm-mca.dir/Views/RegisterFileStatistics.cpp.o
[4177/4503] Building CXX object tools/llvm-mca/CMakeFiles/llvm-mca.dir/CodeRegionGenerator.cpp.o
[4178/4503] Building CXX object tools/llvm-mca/CMakeFiles/llvm-mca.dir/Views/DispatchStatistics.cpp.o
[4179/4503] Building CXX object tools/llvm-microsoft-demangle-fuzzer/CMakeFiles/llvm-microsoft-demangle-fuzzer.dir/DummyDemanglerFuzzer.cpp.o
[4180/4503] Building CXX object tools/llvm-mc/CMakeFiles/llvm-mc.dir/llvm-mc.cpp.o
[4181/4503] Building CXX object tools/llvm-microsoft-demangle-fuzzer/CMakeFiles/llvm-microsoft-demangle-fuzzer.dir/llvm-microsoft-demangle-fuzzer.cpp.o
[4182/4503] Building CXX object tools/llvm-readobj/CMakeFiles/llvm-readobj.dir/ELFDumper.cpp.o
[4183/4503] Linking CXX executable bin/llvm-ml
[4184/4503] Building CXX object tools/llvm-mca/CMakeFiles/llvm-mca.dir/Views/RetireControlUnitStatistics.cpp.o
[4185/4503] Building CXX object tools/llvm-mca/CMakeFiles/llvm-mca.dir/PipelinePrinter.cpp.o
[4186/4503] Building CXX object tools/llvm-mca/CMakeFiles/llvm-mca.dir/Views/BottleneckAnalysis.cpp.o
[4187/4503] Building CXX object tools/llvm-opt-fuzzer/CMakeFiles/llvm-opt-fuzzer.dir/DummyOptFuzzer.cpp.o
[4188/4503] Linking CXX executable bin/llvm-objcopy
[4189/4503] Building CXX object tools/llvm-nm/CMakeFiles/llvm-nm.dir/llvm-nm-driver.cpp.o
[4190/4503] Building CXX object tools/llvm-mca/CMakeFiles/llvm-mca.dir/Views/InstructionInfoView.cpp.o
[4191/4503] Building CXX object tools/llvm-mca/CMakeFiles/llvm-mca.dir/Views/SchedulerStatistics.cpp.o
[4192/4503] Building CXX object tools/llvm-mca/CMakeFiles/llvm-mca.dir/Views/SummaryView.cpp.o
[4193/4503] Building CXX object tools/llvm-exegesis/CMakeFiles/llvm-exegesis.dir/llvm-exegesis.cpp.o
[4194/4503] Linking CXX executable bin/llvm-objdump
[4195/4503] Building CXX object tools/llvm-mca/CMakeFiles/llvm-mca.dir/Views/ResourcePressureView.cpp.o
[4196/4503] Building CXX object tools/llvm-modextract/CMakeFiles/llvm-modextract.dir/llvm-modextract.cpp.o
[4197/4503] Building CXX object tools/llvm-mca/CMakeFiles/llvm-mca.dir/Views/TimelineView.cpp.o
[4198/4503] Building CXX object tools/llvm-mca/CMakeFiles/llvm-mca.dir/llvm-mca.cpp.o
[4199/4503] Building CXX object tools/llvm-pdbutil/CMakeFiles/llvm-pdbutil.dir/PrettyBuiltinDumper.cpp.o
[4200/4503] Building CXX object tools/llvm-offload-wrapper/CMakeFiles/llvm-offload-wrapper.dir/llvm-offload-wrapper.cpp.o
[4201/4503] Building CXX object tools/llvm-pdbutil/CMakeFiles/llvm-pdbutil.dir/PrettyClassDefinitionDumper.cpp.o
[4202/4503] Building CXX object tools/llvm-opt-report/CMakeFiles/llvm-opt-report.dir/OptReport.cpp.o
[4203/4503] Building CXX object tools/llvm-pdbutil/CMakeFiles/llvm-pdbutil.dir/BytesOutputStyle.cpp.o
[4204/4503] Building CXX object tools/llvm-pdbutil/CMakeFiles/llvm-pdbutil.dir/ExplainOutputStyle.cpp.o
[4205/4503] Building CXX object tools/llvm-pdbutil/CMakeFiles/llvm-pdbutil.dir/PrettyClassLayoutGraphicalDumper.cpp.o
[4206/4503] Building CXX object tools/llvm-lto2/CMakeFiles/llvm-lto2.dir/llvm-lto2.cpp.o
[4207/4503] Building CXX object tools/llvm-pdbutil/CMakeFiles/llvm-pdbutil.dir/PrettyCompilandDumper.cpp.o
[4208/4503] Building CXX object tools/llvm-pdbutil/CMakeFiles/llvm-pdbutil.dir/PrettyEnumDumper.cpp.o
[4209/4503] Building CXX object tools/llvm-pdbutil/CMakeFiles/llvm-pdbutil.dir/PrettyExternalSymbolDumper.cpp.o
[4210/4503] Building CXX object tools/llvm-pdbutil/CMakeFiles/llvm-pdbutil.dir/PdbYaml.cpp.o
[4211/4503] Building CXX object tools/llvm-pdbutil/CMakeFiles/llvm-pdbutil.dir/PrettyTypedefDumper.cpp.o
[4212/4503] Building CXX object tools/llvm-pdbutil/CMakeFiles/llvm-pdbutil.dir/PrettyFunctionDumper.cpp.o
[4213/4503] Building CXX object tools/llvm-pdbutil/CMakeFiles/llvm-pdbutil.dir/PrettyVariableDumper.cpp.o
[4214/4503] Building CXX object tools/llvm-pdbutil/CMakeFiles/llvm-pdbutil.dir/MinimalTypeDumper.cpp.o
[4215/4503] Building CXX object tools/llvm-pdbutil/CMakeFiles/llvm-pdbutil.dir/PrettyTypeDumper.cpp.o
[4216/4503] Linking CXX executable bin/llvm-rc
[4217/4503] Building CXX object tools/llvm-pdbutil/CMakeFiles/llvm-pdbutil.dir/StreamUtil.cpp.o
[4218/4503] Building CXX object tools/llvm-pdbutil/CMakeFiles/llvm-pdbutil.dir/MinimalSymbolDumper.cpp.o
[4219/4503] Building CXX object tools/llvm-pdbutil/CMakeFiles/llvm-pdbutil.dir/TypeReferenceTracker.cpp.o
[4220/4503] Linking CXX executable bin/llvm-readobj
[4221/4503] Building CXX object tools/llvm-nm/CMakeFiles/llvm-nm.dir/llvm-nm.cpp.o
[4222/4503] Building CXX object tools/llvm-opt-fuzzer/CMakeFiles/llvm-opt-fuzzer.dir/llvm-opt-fuzzer.cpp.o
[4223/4503] Building CXX object tools/llvm-pdbutil/CMakeFiles/llvm-pdbutil.dir/YAMLOutputStyle.cpp.o
[4224/4503] Building CXX object tools/llvm-reduce/CMakeFiles/llvm-reduce.dir/DeltaManager.cpp.o
[4225/4503] Building CXX object tools/llvm-reduce/CMakeFiles/llvm-reduce.dir/TestRunner.cpp.o
[4226/4503] Building CXX object tools/llvm-jitlink/CMakeFiles/llvm-jitlink.dir/llvm-jitlink.cpp.o
[4227/4503] Building CXX object tools/llvm-readtapi/CMakeFiles/llvm-readtapi.dir/llvm-readtapi.cpp.o
[4228/4503] Building CXX object tools/llvm-readtapi/CMakeFiles/llvm-readtapi.dir/DiffEngine.cpp.o
[4229/4503] Building CXX object tools/llvm-pdbutil/CMakeFiles/llvm-pdbutil.dir/DumpOutputStyle.cpp.o
[4230/4503] Building CXX object tools/llvm-pdbutil/CMakeFiles/llvm-pdbutil.dir/llvm-pdbutil.cpp.o
[4231/4503] Building CXX object tools/llvm-reduce/CMakeFiles/llvm-reduce.dir/deltas/ReduceAliases.cpp.o
[4232/4503] Building CXX object tools/llvm-reduce/CMakeFiles/llvm-reduce.dir/deltas/Utils.cpp.o
[4233/4503] Building CXX object tools/llvm-profgen/CMakeFiles/llvm-profgen.dir/MissingFrameInferrer.cpp.o
[4234/4503] Building CXX object tools/llvm-reduce/CMakeFiles/llvm-reduce.dir/deltas/ReduceDbgRecords.cpp.o
[4235/4503] Building CXX object tools/llvm-profgen/CMakeFiles/llvm-profgen.dir/llvm-profgen.cpp.o
[4236/4503] Building CXX object tools/llvm-reduce/CMakeFiles/llvm-reduce.dir/deltas/ReduceFunctionBodies.cpp.o
[4237/4503] Building CXX object tools/llvm-reduce/CMakeFiles/llvm-reduce.dir/deltas/ReduceFunctions.cpp.o
[4238/4503] Building CXX object tools/llvm-reduce/CMakeFiles/llvm-reduce.dir/deltas/ReduceBasicBlocks.cpp.o
[4239/4503] Building CXX object tools/llvm-profgen/CMakeFiles/llvm-profgen.dir/CSPreInliner.cpp.o
[4240/4503] Building CXX object tools/llvm-reduce/CMakeFiles/llvm-reduce.dir/deltas/ReduceDistinctMetadata.cpp.o
[4241/4503] Building CXX object tools/llvm-reduce/CMakeFiles/llvm-reduce.dir/deltas/ReduceArguments.cpp.o
[4242/4503] Building CXX object tools/llvm-reduce/CMakeFiles/llvm-reduce.dir/deltas/ReduceAttributes.cpp.o
[4243/4503] Building CXX object tools/llvm-reduce/CMakeFiles/llvm-reduce.dir/deltas/Delta.cpp.o
[4244/4503] Building CXX object tools/llvm-reduce/CMakeFiles/llvm-reduce.dir/deltas/ReduceGlobalObjects.cpp.o
[4245/4503] Building CXX object tools/llvm-reduce/CMakeFiles/llvm-reduce.dir/deltas/ReduceGlobalValues.cpp.o
[4246/4503] Building CXX object tools/llvm-reduce/CMakeFiles/llvm-reduce.dir/deltas/ReduceGlobalVarInitializers.cpp.o
[4247/4503] Building CXX object tools/llvm-reduce/CMakeFiles/llvm-reduce.dir/deltas/ReduceDIMetadata.cpp.o
[4248/4503] Building CXX object tools/llvm-reduce/CMakeFiles/llvm-reduce.dir/deltas/ReduceInstructions.cpp.o
[4249/4503] Building CXX object tools/llvm-reduce/CMakeFiles/llvm-reduce.dir/deltas/ReduceModuleData.cpp.o
[4250/4503] Building CXX object tools/llvm-reduce/CMakeFiles/llvm-reduce.dir/deltas/ReduceGlobalVars.cpp.o
[4251/4503] Building CXX object tools/llvm-reduce/CMakeFiles/llvm-reduce.dir/deltas/ReduceInstructionFlags.cpp.o
[4252/4503] Building CXX object tools/llvm-reduce/CMakeFiles/llvm-reduce.dir/deltas/ReduceInvokes.cpp.o
[4253/4503] Building CXX object tools/llvm-profgen/CMakeFiles/llvm-profgen.dir/PerfReader.cpp.o
[4254/4503] Building CXX object tools/llvm-reduce/CMakeFiles/llvm-reduce.dir/deltas/ReduceSpecialGlobals.cpp.o
[4255/4503] Building CXX object tools/llvm-reduce/CMakeFiles/llvm-reduce.dir/deltas/ReduceMetadata.cpp.o
[4256/4503] Building CXX object tools/llvm-reduce/CMakeFiles/llvm-reduce.dir/deltas/ReduceMemoryOperations.cpp.o
[4257/4503] Building CXX object tools/llvm-reduce/CMakeFiles/llvm-reduce.dir/deltas/ReduceOpcodes.cpp.o
[4258/4503] Building CXX object tools/llvm-reduce/CMakeFiles/llvm-reduce.dir/deltas/ReduceValuesToReturn.cpp.o
[4259/4503] Building CXX object tools/llvm-profgen/CMakeFiles/llvm-profgen.dir/ProfiledBinary.cpp.o
[4260/4503] Building CXX object tools/llvm-profgen/CMakeFiles/llvm-profgen.dir/ProfileGenerator.cpp.o
[4261/4503] Building CXX object tools/llvm-reduce/CMakeFiles/llvm-reduce.dir/deltas/ReduceOperands.cpp.o
[4262/4503] Building CXX object tools/llvm-reduce/CMakeFiles/llvm-reduce.dir/deltas/ReduceOperandsSkip.cpp.o
[4263/4503] Building CXX object tools/llvm-reduce/CMakeFiles/llvm-reduce.dir/deltas/ReduceOperandBundles.cpp.o
[4264/4503] Building CXX object tools/llvm-reduce/CMakeFiles/llvm-reduce.dir/deltas/ReduceInstructionFlagsMIR.cpp.o
[4265/4503] Building CXX object tools/llvm-reduce/CMakeFiles/llvm-reduce.dir/deltas/ReduceIRReferences.cpp.o
[4266/4503] Building CXX object tools/llvm-reduce/CMakeFiles/llvm-reduce.dir/deltas/ReduceVirtualRegisters.cpp.o
[4267/4503] Building CXX object tools/llvm-reduce/CMakeFiles/llvm-reduce.dir/deltas/SimplifyInstructions.cpp.o
[4268/4503] Building CXX object tools/llvm-reduce/CMakeFiles/llvm-reduce.dir/deltas/ReduceRegisterMasks.cpp.o
[4269/4503] Building CXX object tools/llvm-reduce/CMakeFiles/llvm-reduce.dir/deltas/ReduceTargetFeaturesAttr.cpp.o
[4270/4503] Building CXX object tools/llvm-reduce/CMakeFiles/llvm-reduce.dir/ReducerWorkItem.cpp.o
[4271/4503] Building CXX object tools/llvm-reduce/CMakeFiles/llvm-reduce.dir/deltas/ReduceOperandsToArgs.cpp.o
[4272/4503] Building CXX object tools/llvm-reduce/CMakeFiles/llvm-reduce.dir/deltas/ReduceInstructionsMIR.cpp.o
[4273/4503] Building CXX object tools/llvm-remarkutil/CMakeFiles/llvm-remarkutil.dir/RemarkConvert.cpp.o
[4274/4503] Building CXX object tools/llvm-rust-demangle-fuzzer/CMakeFiles/llvm-rust-demangle-fuzzer.dir/DummyDemanglerFuzzer.cpp.o
[4275/4503] Building CXX object tools/llvm-rust-demangle-fuzzer/CMakeFiles/llvm-rust-demangle-fuzzer.dir/llvm-rust-demangle-fuzzer.cpp.o
[4276/4503] Building CXX object tools/llvm-reduce/CMakeFiles/llvm-reduce.dir/deltas/ReduceRegisterUses.cpp.o
[4277/4503] Building CXX object tools/llvm-remarkutil/CMakeFiles/llvm-remarkutil.dir/RemarkUtil.cpp.o
[4278/4503] Building CXX object tools/llvm-reduce/CMakeFiles/llvm-reduce.dir/llvm-reduce.cpp.o
[4279/4503] Building CXX object tools/llvm-special-case-list-fuzzer/CMakeFiles/llvm-special-case-list-fuzzer.dir/DummySpecialCaseListFuzzer.cpp.o
[4280/4503] Building CXX object tools/llvm-remarkutil/CMakeFiles/llvm-remarkutil.dir/RemarkUtilRegistry.cpp.o
[4281/4503] Building CXX object tools/llvm-remarkutil/CMakeFiles/llvm-remarkutil.dir/RemarkCount.cpp.o
[4282/4503] Building CXX object tools/llvm-reduce/CMakeFiles/llvm-reduce.dir/deltas/StripDebugInfo.cpp.o
[4283/4503] Building CXX object tools/llvm-reduce/CMakeFiles/llvm-reduce.dir/deltas/ReduceUsingSimplifyCFG.cpp.o
[4284/4503] Building CXX object tools/llvm-remarkutil/CMakeFiles/llvm-remarkutil.dir/RemarkFilter.cpp.o
[4285/4503] Building CXX object tools/llvm-remarkutil/CMakeFiles/llvm-remarkutil.dir/RemarkUtilHelpers.cpp.o
[4286/4503] Building CXX object tools/llvm-size/CMakeFiles/llvm-size.dir/llvm-size-driver.cpp.o
[4287/4503] Building CXX object tools/llvm-reduce/CMakeFiles/llvm-reduce.dir/deltas/ReduceRegisterDefs.cpp.o
[4288/4503] Linking CXX executable bin/llvm-symbolizer
[4289/4503] Building CXX object tools/llvm-special-case-list-fuzzer/CMakeFiles/llvm-special-case-list-fuzzer.dir/special-case-list-fuzzer.cpp.o
[4290/4503] Building CXX object tools/llvm-remarkutil/CMakeFiles/llvm-remarkutil.dir/RemarkInstructionMix.cpp.o
[4291/4503] Building CXX object tools/llvm-remarkutil/CMakeFiles/llvm-remarkutil.dir/RemarkCounter.cpp.o
[4292/4503] Building CXX object tools/llvm-strings/CMakeFiles/llvm-strings.dir/llvm-strings.cpp.o
[4293/4503] Building CXX object tools/llvm-xray/CMakeFiles/llvm-xray.dir/llvm-xray.cpp.o
[4294/4503] Building CXX object tools/llvm-xray/CMakeFiles/llvm-xray.dir/xray-color-helper.cpp.o
[4295/4503] Building CXX object tools/llvm-xray/CMakeFiles/llvm-xray.dir/func-id-helper.cpp.o
[4296/4503] Building CXX object tools/llvm-undname/CMakeFiles/llvm-undname.dir/llvm-undname.cpp.o
[4297/4503] Building CXX object tools/llvm-xray/CMakeFiles/llvm-xray.dir/xray-registry.cpp.o
[4298/4503] Building CXX object tools/llvm-remarkutil/CMakeFiles/llvm-remarkutil.dir/RemarkSizeDiff.cpp.o
[4299/4503] Building CXX object tools/llvm-yaml-numeric-parser-fuzzer/CMakeFiles/llvm-yaml-numeric-parser-fuzzer.dir/DummyYAMLNumericParserFuzzer.cpp.o
[4300/4503] Building CXX object tools/llvm-yaml-parser-fuzzer/CMakeFiles/llvm-yaml-parser-fuzzer.dir/DummyYAMLParserFuzzer.cpp.o
[4301/4503] Building CXX object tools/llvm-xray/CMakeFiles/llvm-xray.dir/xray-fdr-dump.cpp.o
[4302/4503] Building CXX object tools/llvm-stress/CMakeFiles/llvm-stress.dir/llvm-stress.cpp.o
[4303/4503] Building CXX object tools/llvm-reduce/CMakeFiles/llvm-reduce.dir/deltas/RunIRPasses.cpp.o
[4304/4503] Building CXX object tools/llvm-sim/CMakeFiles/llvm-sim.dir/llvm-sim.cpp.o
[4305/4503] Building CXX object tools/llvm-xray/CMakeFiles/llvm-xray.dir/xray-extract.cpp.o
[4306/4503] Building CXX object tools/llvm-yaml-parser-fuzzer/CMakeFiles/llvm-yaml-parser-fuzzer.dir/yaml-parser-fuzzer.cpp.o
[4307/4503] Building CXX object tools/llvm-tli-checker/CMakeFiles/llvm-tli-checker.dir/llvm-tli-checker.cpp.o
[4308/4503] Building CXX object tools/llvm-yaml-numeric-parser-fuzzer/CMakeFiles/llvm-yaml-numeric-parser-fuzzer.dir/yaml-numeric-parser-fuzzer.cpp.o
[4309/4503] Building CXX object tools/llvm-size/CMakeFiles/llvm-size.dir/llvm-size.cpp.o
[4310/4503] Building CXX object tools/llvm-split/CMakeFiles/llvm-split.dir/llvm-split.cpp.o
[4311/4503] Building CXX object tools/llvm-rtdyld/CMakeFiles/llvm-rtdyld.dir/llvm-rtdyld.cpp.o
[4312/4503] Building CXX object tools/llvm-xray/CMakeFiles/llvm-xray.dir/xray-converter.cpp.o
[4313/4503] Linking CXX static library lib/libLLVMOptDriver.a
[4314/4503] Building CXX object tools/obj2yaml/CMakeFiles/obj2yaml.dir/archive2yaml.cpp.o
[4315/4503] Building CXX object tools/obj2yaml/CMakeFiles/obj2yaml.dir/minidump2yaml.cpp.o
[4316/4503] Linking CXX shared library lib/libRemarks.so.22.0git
[4317/4503] Building CXX object tools/obj2yaml/CMakeFiles/obj2yaml.dir/obj2yaml.cpp.o
[4318/4503] Building CXX object tools/opt/CMakeFiles/opt.dir/opt.cpp.o
[4319/4503] Building CXX object tools/llvm-xray/CMakeFiles/llvm-xray.dir/xray-graph.cpp.o
[4320/4503] Building CXX object tools/obj2yaml/CMakeFiles/obj2yaml.dir/offload2yaml.cpp.o
[4321/4503] Building CXX object tools/sancov/CMakeFiles/sancov.dir/sancov-driver.cpp.o
[4322/4503] Linking CXX static library lib/libLLVMSupportLSP.a
[4323/4503] Linking CXX static library lib/libLLVMTableGenCommon.a
[4324/4503] Building CXX object tools/llvm-xray/CMakeFiles/llvm-xray.dir/xray-stacks.cpp.o
[4325/4503] Linking CXX static library lib/libLLVMFrontendOpenACC.a
[4326/4503] Linking CXX static library lib/libLLVMCAS.a
[4327/4503] Linking CXX static library lib/libLLVMTelemetry.a
[4328/4503] Building CXX object tools/llvm-xray/CMakeFiles/llvm-xray.dir/xray-graph-diff.cpp.o
[4329/4503] Linking CXX executable bin/count
[4330/4503] Linking CXX executable bin/llvm-PerfectShuffle
[4331/4503] Building CXX object tools/reduce-chunk-list/CMakeFiles/reduce-chunk-list.dir/reduce-chunk-list.cpp.o
[4332/4503] Linking CXX executable bin/FileCheck
[4333/4503] Linking CXX executable bin/UnicodeNameMappingGenerator
[4334/4503] Building CXX object tools/obj2yaml/CMakeFiles/obj2yaml.dir/coff2yaml.cpp.o
[4335/4503] Linking CXX executable bin/not
[4336/4503] Creating library symlink lib/libLTO.so
[4337/4503] Generating ../../bin/llvm-ranlib
[4338/4503] Generating ../../bin/llvm-lib
[4339/4503] Generating ../../bin/llvm-dlltool
[4340/4503] Building CXX object tools/obj2yaml/CMakeFiles/obj2yaml.dir/xcoff2yaml.cpp.o
[4341/4503] Linking CXX executable bin/llvm-test-mustache-spec
[4342/4503] Linking CXX executable bin/yaml-bench
[4343/4503] Linking CXX executable bin/split-file
[4344/4503] Linking CXX executable bin/llvm-config
[4345/4503] Linking CXX static library lib/libclangDynamicASTMatchers.a
[4346/4503] Linking CXX executable bin/llvm-ctxprof-util
[4347/4503] Linking CXX executable bin/llvm-profdata
[4348/4503] Building CXX object tools/obj2yaml/CMakeFiles/obj2yaml.dir/dxcontainer2yaml.cpp.o
[4349/4503] Linking CXX static library lib/libclangToolingInclusionsStdlib.a
[4350/4503] Linking CXX static library lib/libclangAnalysisFlowSensitiveModels.a
[4351/4503] Linking CXX static library lib/libclangDirectoryWatcher.a
[4352/4503] Linking CXX static library lib/libclangIndexSerialization.a
[4353/4503] Building CXX object tools/obj2yaml/CMakeFiles/obj2yaml.dir/dwarf2yaml.cpp.o
[4354/4503] Linking CXX static library lib/libclangTransformer.a
[4355/4503] Creating executable symlink bin/clang
[4356/4503] Linking CXX executable bin/apinotes-test
[4357/4503] Building CXX object tools/sanstats/CMakeFiles/sanstats.dir/sanstats.cpp.o
[4358/4503] Linking CXX static library lib/libclangHandleCXX.a
[4359/4503] Linking CXX static library lib/libclangHandleLLVM.a
[4360/4503] Linking CXX executable bin/clang-format
[4361/4503] Building CXX object tools/obj2yaml/CMakeFiles/obj2yaml.dir/wasm2yaml.cpp.o
[4362/4503] Linking CXX executable bin/clang-fuzzer-dictionary
[4363/4503] Building CXX object tools/llvm-xray/CMakeFiles/llvm-xray.dir/xray-account.cpp.o
[4364/4503] Linking CXX shared module lib/SampleAnalyzerPlugin.so
[4365/4503] Linking CXX shared module lib/CheckerDependencyHandlingAnalyzerPlugin.so
[4366/4503] Linking CXX executable bin/clang-offload-packager
[4367/4503] Linking CXX shared module lib/CheckerOptionHandlingAnalyzerPlugin.so
[4368/4503] Linking CXX executable bin/clang-offload-bundler
[4369/4503] Linking CXX executable bin/diagtool
[4370/4503] Linking CXX executable bin/clang-diff
[4371/4503] Linking CXX executable bin/llvm-lto
[4372/4503] Building CXX object tools/yaml2obj/CMakeFiles/yaml2obj.dir/yaml2obj.cpp.o
[4373/4503] Creating library symlink lib/libclang-cpp.so
[4374/4503] Linking CXX executable bin/lld
[4375/4503] Linking CXX executable bin/clang-scan-deps
[4376/4503] Generating ../../../../bin/scan-build
[4377/4503] Generating ../../../../libexec/c++-analyzer
[4378/4503] Generating ../../../../libexec/ccc-analyzer
[4379/4503] Generating ../../../../share/man/man1/scan-build.1
[4380/4503] Generating ../../../../share/scan-build/scanview.css
[4381/4503] Generating ../../../../share/scan-build/sorttable.js
[4382/4503] Generating ../../../../bin/intercept-build
[4383/4503] Generating ../../../../bin/scan-build-py
[4384/4503] Generating ../../../../lib/libear/__init__.py
[4385/4503] Generating ../../../../bin/analyze-build
[4386/4503] Generating ../../../../lib/libear/config.h.in
[4387/4503] Generating ../../../../lib/libear/ear.c
[4388/4503] Generating ../../../../lib/libscanbuild/analyze.py
[4389/4503] Generating ../../../../lib/libscanbuild/__init__.py
[4390/4503] Generating ../../../../lib/libscanbuild/arguments.py
[4391/4503] Generating ../../../../lib/libscanbuild/clang.py
[4392/4503] Generating ../../../../lib/libscanbuild/compilation.py
[4393/4503] Generating ../../../../lib/libscanbuild/intercept.py
[4394/4503] Generating ../../../../lib/libscanbuild/report.py
[4395/4503] Linking CXX executable bin/clang-sycl-linker
[4396/4503] Building CXX object tools/verify-uselistorder/CMakeFiles/verify-uselistorder.dir/verify-uselistorder.cpp.o
[4397/4503] Generating ../../../../lib/libscanbuild/resources/sorttable.js
[4398/4503] Generating ../../../../lib/libscanbuild/resources/selectable.js
[4399/4503] Generating ../../../../lib/libscanbuild/resources/scanview.css
[4400/4503] Generating ../../../../lib/libscanbuild/shell.py
[4401/4503] Generating ../../../../libexec/analyze-c++
[4402/4503] Generating ../../../../libexec/analyze-cc
[4403/4503] Generating ../../../../libexec/intercept-cc
[4404/4503] Generating ../../../../libexec/intercept-c++
[4405/4503] Generating ../../../../bin/scan-view
[4406/4503] Generating ../../../../share/scan-view/Reporter.py
[4407/4503] Generating ../../../../share/scan-view/ScanView.py
[4408/4503] Generating ../../../../share/scan-view/bugcatcher.ico
[4409/4503] Generating ../../../../share/scan-view/startfile.py
[4410/4503] Linking CXX executable bin/clang-installapi
[4411/4503] Linking CXX shared module lib/BugpointPasses.so
[4412/4503] Linking CXX executable bin/amdllvm
[4413/4503] Linking CXX executable bin/offload-arch
[4414/4503] Linking CXX executable bin/clang-import-test
[4415/4503] Linking CXX executable bin/clang-nvlink-wrapper
[4416/4503] Linking CXX executable bin/c-index-test
[4417/4503] Linking CXX executable bin/llvm-bcanalyzer
[4418/4503] Linking CXX executable bin/lli-child-target
[4419/4503] Linking CXX executable bin/clang-linker-wrapper
[4420/4503] Linking CXX executable bin/llvm-as
[4421/4503] Linking CXX executable bin/llvm-cat
[4422/4503] Building CXX object tools/sancov/CMakeFiles/sancov.dir/sancov.cpp.o
[4423/4503] Linking CXX executable bin/llvm-cgdata
[4424/4503] Linking CXX executable bin/llvm-cvtres
[4425/4503] Linking CXX executable bin/llvm-cxxfilt
[4426/4503] Linking CXX executable bin/llvm-cxxmap
[4427/4503] Linking CXX executable bin/llvm-cfi-verify
[4428/4503] Building CXX object tools/obj2yaml/CMakeFiles/obj2yaml.dir/macho2yaml.cpp.o
[4429/4503] Linking CXX executable bin/llvm-cov
[4430/4503] Linking CXX executable bin/llvm-cxxdump
[4431/4503] Linking CXX executable bin/llvm-debuginfod-find
[4432/4503] Linking CXX executable bin/llvm-dlang-demangle-fuzzer
[4433/4503] Linking CXX executable bin/clang-refactor
[4434/4503] Linking CXX executable bin/llvm-debuginfod
[4435/4503] Linking CXX executable bin/llvm-diff
[4436/4503] Linking CXX executable bin/llvm-dis
[4437/4503] Linking CXX executable bin/clang-extdef-mapping
[4438/4503] Linking CXX executable bin/llvm-debuginfo-analyzer
[4439/4503] Linking CXX executable bin/llvm-ir2vec
[4440/4503] Linking CXX executable bin/llvm-ifs
[4441/4503] Linking CXX executable bin/llvm-itanium-demangle-fuzzer
[4442/4503] Linking CXX executable bin/llvm-jitlink-executor
[4443/4503] Linking CXX executable bin/lli
[4444/4503] Linking CXX executable bin/llvm-extract
[4445/4503] Linking CXX executable bin/llvm-libtool-darwin
[4446/4503] Linking CXX executable bin/llvm-link
[4447/4503] Linking CXX executable bin/llvm-c-test
[4448/4503] Linking CXX executable bin/llvm-lipo
[4449/4503] Generating ../../bin/llvm-ml64
[4450/4503] Linking CXX executable bin/llvm-microsoft-demangle-fuzzer
[4451/4503] Linking CXX executable bin/dsymutil
[4452/4503] Generating ../../bin/llvm-install-name-tool
[4453/4503] Generating ../../bin/llvm-bitcode-strip
[4454/4503] Linking CXX executable bin/llvm-mca
[4455/4503] Linking CXX executable bin/llvm-jitlink
[4456/4503] Generating ../../bin/llvm-strip
[4457/4503] Generating ../../bin/llvm-otool
[4458/4503] Linking CXX executable bin/llvm-mc
[4459/4503] Linking CXX executable bin/llvm-opt-report
[4460/4503] Linking CXX executable bin/llvm-modextract
[4461/4503] Generating ../../bin/llvm-windres
[4462/4503] Generating ../../bin/llvm-readelf
[4463/4503] Linking CXX executable bin/llvm-exegesis
[4464/4503] Linking CXX executable bin/llvm-offload-wrapper
[4465/4503] Linking CXX executable bin/llc
[4466/4503] Linking CXX executable bin/llvm-nm
[4467/4503] Linking CXX executable bin/llvm-readtapi
[4468/4503] Linking CXX executable bin/llvm-remarkutil
[4469/4503] Linking CXX executable bin/llvm-rust-demangle-fuzzer
[4470/4503] Linking CXX executable bin/llvm-special-case-list-fuzzer
[4471/4503] Linking CXX executable bin/llvm-pdbutil
[4472/4503] Linking CXX executable bin/llvm-sim
[4473/4503] Linking CXX executable bin/llvm-profgen
[4474/4503] Generating ../../bin/llvm-addr2line
[4475/4503] Linking CXX executable bin/llvm-gsymutil
[4476/4503] Linking CXX executable bin/llvm-dwarfutil
[4477/4503] Linking CXX executable bin/llvm-size
[4478/4503] Linking CXX executable bin/llvm-stress
[4479/4503] Linking CXX executable bin/clang-check
[4480/4503] Linking CXX executable bin/llvm-strings
[4481/4503] Linking CXX executable bin/llvm-rtdyld
[4482/4503] Creating library symlink lib/libRemarks.so
[4483/4503] Linking CXX executable bin/llvm-dwp
[4484/4503] Linking CXX executable bin/llvm-yaml-numeric-parser-fuzzer
[4485/4503] Linking CXX executable bin/llvm-yaml-parser-fuzzer
[4486/4503] Linking CXX executable bin/reduce-chunk-list
[4487/4503] Linking CXX executable bin/clang-repl
[4488/4503] Linking CXX executable bin/llvm-undname
[4489/4503] Copying llvm-locstats into /builddir/rocm-llvm-7.2.3/llvm/build/./bin
[4490/4503] Linking CXX executable bin/llvm-isel-fuzzer
[4491/4503] Linking CXX executable bin/llvm-tli-checker
[4492/4503] Linking CXX executable bin/yaml2obj
[4493/4503] Linking CXX executable bin/llvm-xray
[4494/4503] Linking CXX executable bin/verify-uselistorder
[4495/4503] Linking CXX executable bin/sanstats
[4496/4503] Linking CXX executable bin/sancov
[4497/4503] Linking CXX executable bin/llvm-opt-fuzzer
[4498/4503] Linking CXX executable bin/llvm-lto2
[4499/4503] Linking CXX executable bin/llvm-reduce
[4500/4503] Linking CXX executable bin/llvm-split
[4501/4503] Linking CXX executable bin/opt
[4502/4503] Building CXX object tools/obj2yaml/CMakeFiles/obj2yaml.dir/elf2yaml.cpp.o
[4503/4503] Linking CXX executable bin/obj2yaml
=> rocm-llvm-7.2.3_1: skipping check (XBPS_CHECK_PKGS is disabled) ...
=> rocm-llvm-7.2.3_1: running pre-install hook: 00-libdir ...
=> rocm-llvm-7.2.3_1: running pre-install hook: 02-script-wrapper ...
=> rocm-llvm-7.2.3_1: running pre-install hook: 98-fixup-gir-path ...
=> rocm-llvm-7.2.3_1: running do_install ...
[0/1] Install the project...
-- Install configuration: "Release"
-- Installing: /destdir/rocm-llvm-7.2.3/usr/lib/libLLVMDemangle.a
-- Installing: /destdir/rocm-llvm-7.2.3/usr/lib/libLLVMSupportLSP.a
-- Installing: /destdir/rocm-llvm-7.2.3/usr/lib/libLLVMSupport.a
-- Installing: /destdir/rocm-llvm-7.2.3/usr/lib/libLLVMTableGen.a
-- Installing: /destdir/rocm-llvm-7.2.3/usr/lib/libLLVMTableGenBasic.a
-- Installing: /destdir/rocm-llvm-7.2.3/usr/lib/libLLVMTableGenCommon.a
-- Installing: /destdir/rocm-llvm-7.2.3/usr/bin/llvm-tblgen
-- Set non-toolchain portion of runtime path of "/destdir//rocm-llvm-7.2.3/usr/bin/llvm-tblgen" to "$ORIGIN/../lib"
-- Installing: /destdir/rocm-llvm-7.2.3/usr/lib/libLLVMCore.a
-- Installing: /destdir/rocm-llvm-7.2.3/usr/lib/libLLVMFuzzerCLI.a
-- Installing: /destdir/rocm-llvm-7.2.3/usr/lib/libLLVMFuzzMutate.a
-- Installing: /destdir/rocm-llvm-7.2.3/usr/lib/libLLVMFileCheck.a
-- Installing: /destdir/rocm-llvm-7.2.3/usr/lib/libLLVMInterfaceStub.a
-- Installing: /destdir/rocm-llvm-7.2.3/usr/lib/libLLVMIRPrinter.a
-- Installing: /destdir/rocm-llvm-7.2.3/usr/lib/libLLVMIRReader.a
-- Installing: /destdir/rocm-llvm-7.2.3/usr/lib/libLLVMCAS.a
-- Installing: /destdir/rocm-llvm-7.2.3/usr/lib/libLLVMCGData.a
-- Installing: /destdir/rocm-llvm-7.2.3/usr/lib/libLLVMCodeGen.a
-- Installing: /destdir/rocm-llvm-7.2.3/usr/lib/libLLVMSelectionDAG.a
-- Installing: /destdir/rocm-llvm-7.2.3/usr/lib/libLLVMAsmPrinter.a
-- Installing: /destdir/rocm-llvm-7.2.3/usr/lib/libLLVMMIRParser.a
-- Installing: /destdir/rocm-llvm-7.2.3/usr/lib/libLLVMGlobalISel.a
-- Installing: /destdir/rocm-llvm-7.2.3/usr/lib/libLLVMCodeGenTypes.a
-- Installing: /destdir/rocm-llvm-7.2.3/usr/lib/libLLVMBinaryFormat.a
-- Installing: /destdir/rocm-llvm-7.2.3/usr/lib/libLLVMBitReader.a
-- Installing: /destdir/rocm-llvm-7.2.3/usr/lib/libLLVMBitWriter.a
-- Installing: /destdir/rocm-llvm-7.2.3/usr/lib/libLLVMBitstreamReader.a
-- Installing: /destdir/rocm-llvm-7.2.3/usr/lib/libLLVMDWARFLinker.a
-- Installing: /destdir/rocm-llvm-7.2.3/usr/lib/libLLVMDWARFLinkerClassic.a
-- Installing: /destdir/rocm-llvm-7.2.3/usr/lib/libLLVMDWARFLinkerParallel.a
-- Installing: /destdir/rocm-llvm-7.2.3/usr/lib/libLLVMExtensions.a
-- Installing: /destdir/rocm-llvm-7.2.3/usr/lib/libLLVMFrontendAtomic.a
-- Installing: /destdir/rocm-llvm-7.2.3/usr/lib/libLLVMFrontendDirective.a
-- Installing: /destdir/rocm-llvm-7.2.3/usr/lib/libLLVMFrontendDriver.a
-- Installing: /destdir/rocm-llvm-7.2.3/usr/lib/libLLVMFrontendHLSL.a
-- Installing: /destdir/rocm-llvm-7.2.3/usr/lib/libLLVMFrontendOpenACC.a
-- Installing: /destdir/rocm-llvm-7.2.3/usr/lib/libLLVMFrontendOpenMP.a
-- Installing: /destdir/rocm-llvm-7.2.3/usr/lib/libLLVMFrontendOffloading.a
-- Installing: /destdir/rocm-llvm-7.2.3/usr/lib/libLLVMTransformUtils.a
-- Installing: /destdir/rocm-llvm-7.2.3/usr/lib/libLLVMInstrumentation.a
-- Installing: /destdir/rocm-llvm-7.2.3/usr/lib/libLLVMAggressiveInstCombine.a
-- Installing: /destdir/rocm-llvm-7.2.3/usr/lib/libLLVMInstCombine.a
-- Installing: /destdir/rocm-llvm-7.2.3/usr/lib/libLLVMScalarOpts.a
-- Installing: /destdir/rocm-llvm-7.2.3/usr/lib/libLLVMipo.a
-- Installing: /destdir/rocm-llvm-7.2.3/usr/lib/libLLVMVectorize.a
-- Installing: /destdir/rocm-llvm-7.2.3/usr/lib/libLLVMObjCARCOpts.a
-- Installing: /destdir/rocm-llvm-7.2.3/usr/lib/libLLVMCoroutines.a
-- Installing: /destdir/rocm-llvm-7.2.3/usr/lib/libLLVMCFGuard.a
-- Installing: /destdir/rocm-llvm-7.2.3/usr/lib/libLLVMHipStdPar.a
-- Installing: /destdir/rocm-llvm-7.2.3/usr/lib/libLLVMLinker.a
-- Installing: /destdir/rocm-llvm-7.2.3/usr/lib/libLLVMAnalysis.a
-- Installing: /destdir/rocm-llvm-7.2.3/usr/lib/libLLVMLTO.a
-- Installing: /destdir/rocm-llvm-7.2.3/usr/lib/libLLVMMC.a
-- Installing: /destdir/rocm-llvm-7.2.3/usr/lib/libLLVMMCParser.a
-- Installing: /destdir/rocm-llvm-7.2.3/usr/lib/libLLVMMCDisassembler.a
-- Installing: /destdir/rocm-llvm-7.2.3/usr/lib/libLLVMMCA.a
-- Installing: /destdir/rocm-llvm-7.2.3/usr/lib/libLLVMObjCopy.a
-- Installing: /destdir/rocm-llvm-7.2.3/usr/lib/libLLVMObject.a
-- Installing: /destdir/rocm-llvm-7.2.3/usr/lib/libLLVMObjectYAML.a
-- Installing: /destdir/rocm-llvm-7.2.3/usr/lib/libLLVMOption.a
-- Installing: /destdir/rocm-llvm-7.2.3/usr/lib/libLLVMRemarks.a
-- Installing: /destdir/rocm-llvm-7.2.3/usr/lib/libLLVMDebuginfod.a
-- Installing: /destdir/rocm-llvm-7.2.3/usr/lib/libLLVMDebugInfoDWARFLowLevel.a
-- Installing: /destdir/rocm-llvm-7.2.3/usr/lib/libLLVMDebugInfoDWARF.a
-- Installing: /destdir/rocm-llvm-7.2.3/usr/lib/libLLVMDebugInfoGSYM.a
-- Installing: /destdir/rocm-llvm-7.2.3/usr/lib/libLLVMDebugInfoLogicalView.a
-- Installing: /destdir/rocm-llvm-7.2.3/usr/lib/libLLVMDebugInfoMSF.a
-- Installing: /destdir/rocm-llvm-7.2.3/usr/lib/libLLVMDebugInfoCodeView.a
-- Installing: /destdir/rocm-llvm-7.2.3/usr/lib/libLLVMDebugInfoPDB.a
-- Installing: /destdir/rocm-llvm-7.2.3/usr/lib/libLLVMSymbolize.a
-- Installing: /destdir/rocm-llvm-7.2.3/usr/lib/libLLVMDebugInfoBTF.a
-- Installing: /destdir/rocm-llvm-7.2.3/usr/lib/libLLVMDWARFCFIChecker.a
-- Installing: /destdir/rocm-llvm-7.2.3/usr/lib/libLLVMDWP.a
-- Installing: /destdir/rocm-llvm-7.2.3/usr/lib/libLLVMExecutionEngine.a
-- Installing: /destdir/rocm-llvm-7.2.3/usr/lib/libLLVMInterpreter.a
-- Installing: /destdir/rocm-llvm-7.2.3/usr/lib/libLLVMJITLink.a
-- Installing: /destdir/rocm-llvm-7.2.3/usr/lib/libLLVMMCJIT.a
-- Installing: /destdir/rocm-llvm-7.2.3/usr/lib/libLLVMOrcJIT.a
-- Installing: /destdir/rocm-llvm-7.2.3/usr/lib/libLLVMOrcDebugging.a
-- Installing: /destdir/rocm-llvm-7.2.3/usr/lib/libLLVMOrcShared.a
-- Installing: /destdir/rocm-llvm-7.2.3/usr/lib/libLLVMOrcTargetProcess.a
-- Installing: /destdir/rocm-llvm-7.2.3/usr/lib/libLLVMRuntimeDyld.a
-- Installing: /destdir/rocm-llvm-7.2.3/usr/lib/libLLVMTarget.a
-- Installing: /destdir/rocm-llvm-7.2.3/usr/lib/libLLVMAMDGPUCodeGen.a
-- Installing: /destdir/rocm-llvm-7.2.3/usr/lib/libLLVMAMDGPUAsmParser.a
-- Installing: /destdir/rocm-llvm-7.2.3/usr/lib/libLLVMAMDGPUDisassembler.a
-- Installing: /destdir/rocm-llvm-7.2.3/usr/lib/libLLVMAMDGPUTargetMCA.a
-- Installing: /destdir/rocm-llvm-7.2.3/usr/lib/libLLVMAMDGPUDesc.a
-- Installing: /destdir/rocm-llvm-7.2.3/usr/lib/libLLVMAMDGPUInfo.a
-- Installing: /destdir/rocm-llvm-7.2.3/usr/lib/libLLVMAMDGPUUtils.a
-- Installing: /destdir/rocm-llvm-7.2.3/usr/lib/libLLVMX86CodeGen.a
-- Installing: /destdir/rocm-llvm-7.2.3/usr/lib/libLLVMX86AsmParser.a
-- Installing: /destdir/rocm-llvm-7.2.3/usr/lib/libLLVMX86Disassembler.a
-- Installing: /destdir/rocm-llvm-7.2.3/usr/lib/libLLVMX86TargetMCA.a
-- Installing: /destdir/rocm-llvm-7.2.3/usr/lib/libLLVMX86Desc.a
-- Installing: /destdir/rocm-llvm-7.2.3/usr/lib/libLLVMX86Info.a
-- Installing: /destdir/rocm-llvm-7.2.3/usr/lib/libLLVMSandboxIR.a
-- Installing: /destdir/rocm-llvm-7.2.3/usr/lib/libLLVMAsmParser.a
-- Installing: /destdir/rocm-llvm-7.2.3/usr/lib/libLLVMLineEditor.a
-- Installing: /destdir/rocm-llvm-7.2.3/usr/lib/libLLVMProfileData.a
-- Installing: /destdir/rocm-llvm-7.2.3/usr/lib/libLLVMCoverage.a
-- Installing: /destdir/rocm-llvm-7.2.3/usr/lib/libLLVMPasses.a
-- Installing: /destdir/rocm-llvm-7.2.3/usr/lib/libLLVMTargetParser.a
-- Installing: /destdir/rocm-llvm-7.2.3/usr/lib/libLLVMTextAPI.a
-- Installing: /destdir/rocm-llvm-7.2.3/usr/lib/libLLVMTextAPIBinaryReader.a
-- Installing: /destdir/rocm-llvm-7.2.3/usr/lib/libLLVMTelemetry.a
-- Installing: /destdir/rocm-llvm-7.2.3/usr/lib/libLLVMDlltoolDriver.a
-- Installing: /destdir/rocm-llvm-7.2.3/usr/lib/libLLVMLibDriver.a
-- Installing: /destdir/rocm-llvm-7.2.3/usr/lib/libLLVMXRay.a
-- Installing: /destdir/rocm-llvm-7.2.3/usr/lib/libLLVMWindowsDriver.a
-- Installing: /destdir/rocm-llvm-7.2.3/usr/lib/libLLVMWindowsManifest.a
-- Installing: /destdir/rocm-llvm-7.2.3/usr/lib/libLTO.so.22.0git
-- Set non-toolchain portion of runtime path of "/destdir//rocm-llvm-7.2.3/usr/lib/libLTO.so.22.0git" to "$ORIGIN/../lib"
-- Installing: /destdir/rocm-llvm-7.2.3/usr/lib/libLTO.so
-- Installing: /destdir/rocm-llvm-7.2.3/usr/include/llvm-c/lto.h
-- Installing: /destdir/rocm-llvm-7.2.3/usr/bin/llvm-ar
-- Set non-toolchain portion of runtime path of "/destdir//rocm-llvm-7.2.3/usr/bin/llvm-ar" to "$ORIGIN/../lib"
CMake Warning (dev) at /usr/share/cmake-4.2/Modules/GNUInstallDirs.cmake:433 (message):
  Unable to determine default CMAKE_INSTALL_LIBDIR directory because no
  target architecture is known.  Please enable at least one language before
  including GNUInstallDirs.
Call Stack (most recent call first):
  /usr/share/cmake-4.2/Modules/GNUInstallDirs.cmake:276 (_GNUInstallDirs_LIBDIR_get_default)
  /usr/share/cmake-4.2/Modules/GNUInstallDirs.cmake:276 (cmake_language)
  /usr/share/cmake-4.2/Modules/GNUInstallDirs.cmake:525 (_GNUInstallDirs_cache_path)
  /builddir/rocm-llvm-7.2.3/llvm/cmake/modules/LLVMInstallSymlink.cmake:8 (include)
  tools/llvm-ar/cmake_install.cmake:66 (include)
  tools/cmake_install.cmake:57 (include)
  cmake_install.cmake:127 (include)
This warning is for project developers.  Use -Wno-dev to suppress it.

-- Creating llvm-ranlib
-- Creating llvm-lib
-- Creating llvm-dlltool
-- Installing: /destdir/rocm-llvm-7.2.3/usr/bin/llvm-config
-- Set non-toolchain portion of runtime path of "/destdir//rocm-llvm-7.2.3/usr/bin/llvm-config" to "$ORIGIN/../lib"
-- Installing: /destdir/rocm-llvm-7.2.3/usr/bin/llvm-ctxprof-util
-- Set non-toolchain portion of runtime path of "/destdir//rocm-llvm-7.2.3/usr/bin/llvm-ctxprof-util" to "$ORIGIN/../lib"
-- Installing: /destdir/rocm-llvm-7.2.3/usr/bin/llvm-lto
-- Set non-toolchain portion of runtime path of "/destdir//rocm-llvm-7.2.3/usr/bin/llvm-lto" to "$ORIGIN/../lib"
-- Installing: /destdir/rocm-llvm-7.2.3/usr/bin/llvm-profdata
-- Set non-toolchain portion of runtime path of "/destdir//rocm-llvm-7.2.3/usr/bin/llvm-profdata" to "$ORIGIN/../lib"
-- Installing: /destdir/rocm-llvm-7.2.3/usr/lib/liblldCommon.a
-- Installing: /destdir/rocm-llvm-7.2.3/usr/bin/lld
-- Set non-toolchain portion of runtime path of "/destdir//rocm-llvm-7.2.3/usr/bin/lld" to "$ORIGIN/../lib"
-- Creating lld-link
-- Creating ld.lld
-- Creating ld64.lld
-- Creating wasm-ld
-- Installing: /destdir/rocm-llvm-7.2.3/usr/lib/liblldCOFF.a
-- Installing: /destdir/rocm-llvm-7.2.3/usr/lib/liblldELF.a
-- Installing: /destdir/rocm-llvm-7.2.3/usr/lib/liblldMachO.a
-- Installing: /destdir/rocm-llvm-7.2.3/usr/lib/liblldMinGW.a
-- Installing: /destdir/rocm-llvm-7.2.3/usr/lib/liblldWasm.a
-- Installing: /destdir/rocm-llvm-7.2.3/usr/include/lld
-- Installing: /destdir/rocm-llvm-7.2.3/usr/include/lld/Common
-- Installing: /destdir/rocm-llvm-7.2.3/usr/include/lld/Common/Args.h
-- Installing: /destdir/rocm-llvm-7.2.3/usr/include/lld/Common/Arrays.h
-- Installing: /destdir/rocm-llvm-7.2.3/usr/include/lld/Common/BPSectionOrdererBase.inc
-- Installing: /destdir/rocm-llvm-7.2.3/usr/include/lld/Common/CommonLinkerContext.h
-- Installing: /destdir/rocm-llvm-7.2.3/usr/include/lld/Common/DWARF.h
-- Installing: /destdir/rocm-llvm-7.2.3/usr/include/lld/Common/Driver.h
-- Installing: /destdir/rocm-llvm-7.2.3/usr/include/lld/Common/ErrorHandler.h
-- Installing: /destdir/rocm-llvm-7.2.3/usr/include/lld/Common/Filesystem.h
-- Installing: /destdir/rocm-llvm-7.2.3/usr/include/lld/Common/LLVM.h
-- Installing: /destdir/rocm-llvm-7.2.3/usr/include/lld/Common/Memory.h
-- Installing: /destdir/rocm-llvm-7.2.3/usr/include/lld/Common/Reproduce.h
-- Installing: /destdir/rocm-llvm-7.2.3/usr/include/lld/Common/Strings.h
-- Installing: /destdir/rocm-llvm-7.2.3/usr/include/lld/Common/TargetOptionsCommandFlags.h
-- Installing: /destdir/rocm-llvm-7.2.3/usr/include/lld/Common/Timer.h
-- Installing: /destdir/rocm-llvm-7.2.3/usr/include/lld/Common/Utils.h
-- Installing: /destdir/rocm-llvm-7.2.3/usr/include/lld/Common/Version.h
-- Installing: /destdir/rocm-llvm-7.2.3/usr/lib/cmake/lld/LLDTargets.cmake
-- Installing: /destdir/rocm-llvm-7.2.3/usr/lib/cmake/lld/LLDTargets-release.cmake
-- Installing: /destdir/rocm-llvm-7.2.3/usr/lib/cmake/lld/LLDConfig.cmake
-- Installing: /destdir/rocm-llvm-7.2.3/usr/lib/cmake/lld/LLDConfigVersion.cmake
-- Installing: /destdir/rocm-llvm-7.2.3/usr/include/clang
-- Installing: /destdir/rocm-llvm-7.2.3/usr/include/clang/APINotes
-- Installing: /destdir/rocm-llvm-7.2.3/usr/include/clang/APINotes/APINotesManager.h
-- Installing: /destdir/rocm-llvm-7.2.3/usr/include/clang/APINotes/APINotesOptions.h
-- Installing: /destdir/rocm-llvm-7.2.3/usr/include/clang/APINotes/APINotesReader.h
-- Installing: /destdir/rocm-llvm-7.2.3/usr/include/clang/APINotes/APINotesWriter.h
-- Installing: /destdir/rocm-llvm-7.2.3/usr/include/clang/APINotes/APINotesYAMLCompiler.h
-- Installing: /destdir/rocm-llvm-7.2.3/usr/include/clang/APINotes/Types.h
-- Installing: /destdir/rocm-llvm-7.2.3/usr/include/clang/AST
-- Installing: /destdir/rocm-llvm-7.2.3/usr/include/clang/AST/APNumericStorage.h
-- Installing: /destdir/rocm-llvm-7.2.3/usr/include/clang/AST/APValue.h
-- Installing: /destdir/rocm-llvm-7.2.3/usr/include/clang/AST/AST.h
-- Installing: /destdir/rocm-llvm-7.2.3/usr/include/clang/AST/ASTConcept.h
-- Installing: /destdir/rocm-llvm-7.2.3/usr/include/clang/AST/ASTConsumer.h
-- Installing: /destdir/rocm-llvm-7.2.3/usr/include/clang/AST/ASTContext.h
-- Installing: /destdir/rocm-llvm-7.2.3/usr/include/clang/AST/ASTContextAllocate.h
-- Installing: /destdir/rocm-llvm-7.2.3/usr/include/clang/AST/ASTDiagnostic.h
-- Installing: /destdir/rocm-llvm-7.2.3/usr/include/clang/AST/ASTDumper.h
-- Installing: /destdir/rocm-llvm-7.2.3/usr/include/clang/AST/ASTDumperUtils.h
-- Installing: /destdir/rocm-llvm-7.2.3/usr/include/clang/AST/ASTFwd.h
-- Installing: /destdir/rocm-llvm-7.2.3/usr/include/clang/AST/ASTImportError.h
-- Installing: /destdir/rocm-llvm-7.2.3/usr/include/clang/AST/ASTImporter.h
-- Installing: /destdir/rocm-llvm-7.2.3/usr/include/clang/AST/ASTImporterLookupTable.h
-- Installing: /destdir/rocm-llvm-7.2.3/usr/include/clang/AST/ASTImporterSharedState.h
-- Installing: /destdir/rocm-llvm-7.2.3/usr/include/clang/AST/ASTLambda.h
-- Installing: /destdir/rocm-llvm-7.2.3/usr/include/clang/AST/ASTMutationListener.h
-- Installing: /destdir/rocm-llvm-7.2.3/usr/include/clang/AST/ASTNodeTraverser.h
-- Installing: /destdir/rocm-llvm-7.2.3/usr/include/clang/AST/ASTStructuralEquivalence.h
-- Installing: /destdir/rocm-llvm-7.2.3/usr/include/clang/AST/ASTTypeTraits.h
-- Installing: /destdir/rocm-llvm-7.2.3/usr/include/clang/AST/ASTUnresolvedSet.h
-- Installing: /destdir/rocm-llvm-7.2.3/usr/include/clang/AST/ASTVector.h
-- Installing: /destdir/rocm-llvm-7.2.3/usr/include/clang/AST/AbstractBasicReader.h
-- Installing: /destdir/rocm-llvm-7.2.3/usr/include/clang/AST/AbstractBasicWriter.h
-- Installing: /destdir/rocm-llvm-7.2.3/usr/include/clang/AST/AbstractTypeReader.h
-- Installing: /destdir/rocm-llvm-7.2.3/usr/include/clang/AST/AbstractTypeWriter.h
-- Installing: /destdir/rocm-llvm-7.2.3/usr/include/clang/AST/Attr.h
-- Installing: /destdir/rocm-llvm-7.2.3/usr/include/clang/AST/AttrIterator.h
-- Installing: /destdir/rocm-llvm-7.2.3/usr/include/clang/AST/AttrVisitor.h
-- Installing: /destdir/rocm-llvm-7.2.3/usr/include/clang/AST/Availability.h
-- Installing: /destdir/rocm-llvm-7.2.3/usr/include/clang/AST/BaseSubobject.h
-- Installing: /destdir/rocm-llvm-7.2.3/usr/include/clang/AST/BuiltinTypes.def
-- Installing: /destdir/rocm-llvm-7.2.3/usr/include/clang/AST/CXXInheritance.h
-- Installing: /destdir/rocm-llvm-7.2.3/usr/include/clang/AST/CXXRecordDeclDefinitionBits.def
-- Installing: /destdir/rocm-llvm-7.2.3/usr/include/clang/AST/CanonicalType.h
-- Installing: /destdir/rocm-llvm-7.2.3/usr/include/clang/AST/CharUnits.h
-- Installing: /destdir/rocm-llvm-7.2.3/usr/include/clang/AST/Comment.h
-- Installing: /destdir/rocm-llvm-7.2.3/usr/include/clang/AST/CommentBriefParser.h
-- Installing: /destdir/rocm-llvm-7.2.3/usr/include/clang/AST/CommentCommandTraits.h
-- Installing: /destdir/rocm-llvm-7.2.3/usr/include/clang/AST/CommentDiagnostic.h
-- Installing: /destdir/rocm-llvm-7.2.3/usr/include/clang/AST/CommentLexer.h
-- Installing: /destdir/rocm-llvm-7.2.3/usr/include/clang/AST/CommentParser.h
-- Installing: /destdir/rocm-llvm-7.2.3/usr/include/clang/AST/CommentSema.h
-- Installing: /destdir/rocm-llvm-7.2.3/usr/include/clang/AST/CommentVisitor.h
-- Installing: /destdir/rocm-llvm-7.2.3/usr/include/clang/AST/ComparisonCategories.h
-- Installing: /destdir/rocm-llvm-7.2.3/usr/include/clang/AST/ComputeDependence.h
-- Installing: /destdir/rocm-llvm-7.2.3/usr/include/clang/AST/CurrentSourceLocExprScope.h
-- Installing: /destdir/rocm-llvm-7.2.3/usr/include/clang/AST/DataCollection.h
-- Installing: /destdir/rocm-llvm-7.2.3/usr/include/clang/AST/Decl.h
-- Installing: /destdir/rocm-llvm-7.2.3/usr/include/clang/AST/DeclAccessPair.h
-- Installing: /destdir/rocm-llvm-7.2.3/usr/include/clang/AST/DeclBase.h
-- Installing: /destdir/rocm-llvm-7.2.3/usr/include/clang/AST/DeclCXX.h
-- Installing: /destdir/rocm-llvm-7.2.3/usr/include/clang/AST/DeclContextInternals.h
-- Installing: /destdir/rocm-llvm-7.2.3/usr/include/clang/AST/DeclFriend.h
-- Installing: /destdir/rocm-llvm-7.2.3/usr/include/clang/AST/DeclGroup.h
-- Installing: /destdir/rocm-llvm-7.2.3/usr/include/clang/AST/DeclID.h
-- Installing: /destdir/rocm-llvm-7.2.3/usr/include/clang/AST/DeclLookups.h
-- Installing: /destdir/rocm-llvm-7.2.3/usr/include/clang/AST/DeclObjC.h
-- Installing: /destdir/rocm-llvm-7.2.3/usr/include/clang/AST/DeclObjCCommon.h
-- Installing: /destdir/rocm-llvm-7.2.3/usr/include/clang/AST/DeclOpenACC.h
-- Installing: /destdir/rocm-llvm-7.2.3/usr/include/clang/AST/DeclOpenMP.h
-- Installing: /destdir/rocm-llvm-7.2.3/usr/include/clang/AST/DeclTemplate.h
-- Installing: /destdir/rocm-llvm-7.2.3/usr/include/clang/AST/DeclVisitor.h
-- Installing: /destdir/rocm-llvm-7.2.3/usr/include/clang/AST/DeclarationName.h
-- Installing: /destdir/rocm-llvm-7.2.3/usr/include/clang/AST/DependenceFlags.h
-- Installing: /destdir/rocm-llvm-7.2.3/usr/include/clang/AST/DependentDiagnostic.h
-- Installing: /destdir/rocm-llvm-7.2.3/usr/include/clang/AST/DynamicRecursiveASTVisitor.h
-- Installing: /destdir/rocm-llvm-7.2.3/usr/include/clang/AST/EvaluatedExprVisitor.h
-- Installing: /destdir/rocm-llvm-7.2.3/usr/include/clang/AST/Expr.h
-- Installing: /destdir/rocm-llvm-7.2.3/usr/include/clang/AST/ExprCXX.h
-- Installing: /destdir/rocm-llvm-7.2.3/usr/include/clang/AST/ExprConcepts.h
-- Installing: /destdir/rocm-llvm-7.2.3/usr/include/clang/AST/ExprObjC.h
-- Installing: /destdir/rocm-llvm-7.2.3/usr/include/clang/AST/ExprOpenMP.h
-- Installing: /destdir/rocm-llvm-7.2.3/usr/include/clang/AST/ExternalASTMerger.h
-- Installing: /destdir/rocm-llvm-7.2.3/usr/include/clang/AST/ExternalASTSource.h
-- Installing: /destdir/rocm-llvm-7.2.3/usr/include/clang/AST/FormatString.h
-- Installing: /destdir/rocm-llvm-7.2.3/usr/include/clang/AST/GlobalDecl.h
-- Installing: /destdir/rocm-llvm-7.2.3/usr/include/clang/AST/HLSLResource.h
-- Installing: /destdir/rocm-llvm-7.2.3/usr/include/clang/AST/IgnoreExpr.h
-- Installing: /destdir/rocm-llvm-7.2.3/usr/include/clang/AST/JSONNodeDumper.h
-- Installing: /destdir/rocm-llvm-7.2.3/usr/include/clang/AST/LambdaCapture.h
-- Installing: /destdir/rocm-llvm-7.2.3/usr/include/clang/AST/LexicallyOrderedRecursiveASTVisitor.h
-- Installing: /destdir/rocm-llvm-7.2.3/usr/include/clang/AST/LocInfoType.h
-- Installing: /destdir/rocm-llvm-7.2.3/usr/include/clang/AST/Mangle.h
-- Installing: /destdir/rocm-llvm-7.2.3/usr/include/clang/AST/MangleNumberingContext.h
-- Installing: /destdir/rocm-llvm-7.2.3/usr/include/clang/AST/NSAPI.h
-- Installing: /destdir/rocm-llvm-7.2.3/usr/include/clang/AST/NestedNameSpecifier.h
-- Installing: /destdir/rocm-llvm-7.2.3/usr/include/clang/AST/NestedNameSpecifierBase.h
-- Installing: /destdir/rocm-llvm-7.2.3/usr/include/clang/AST/NonTrivialTypeVisitor.h
-- Installing: /destdir/rocm-llvm-7.2.3/usr/include/clang/AST/ODRDiagsEmitter.h
-- Installing: /destdir/rocm-llvm-7.2.3/usr/include/clang/AST/ODRHash.h
-- Installing: /destdir/rocm-llvm-7.2.3/usr/include/clang/AST/OSLog.h
-- Installing: /destdir/rocm-llvm-7.2.3/usr/include/clang/AST/OpenACCClause.h
-- Installing: /destdir/rocm-llvm-7.2.3/usr/include/clang/AST/OpenMPClause.h
-- Installing: /destdir/rocm-llvm-7.2.3/usr/include/clang/AST/OperationKinds.def
-- Installing: /destdir/rocm-llvm-7.2.3/usr/include/clang/AST/OperationKinds.h
-- Installing: /destdir/rocm-llvm-7.2.3/usr/include/clang/AST/OptionalDiagnostic.h
-- Installing: /destdir/rocm-llvm-7.2.3/usr/include/clang/AST/ParentMap.h
-- Installing: /destdir/rocm-llvm-7.2.3/usr/include/clang/AST/ParentMapContext.h
-- Installing: /destdir/rocm-llvm-7.2.3/usr/include/clang/AST/PrettyDeclStackTrace.h
-- Installing: /destdir/rocm-llvm-7.2.3/usr/include/clang/AST/PrettyPrinter.h
-- Installing: /destdir/rocm-llvm-7.2.3/usr/include/clang/AST/QualTypeNames.h
-- Installing: /destdir/rocm-llvm-7.2.3/usr/include/clang/AST/Randstruct.h
-- Installing: /destdir/rocm-llvm-7.2.3/usr/include/clang/AST/RawCommentList.h
-- Installing: /destdir/rocm-llvm-7.2.3/usr/include/clang/AST/RecordLayout.h
-- Installing: /destdir/rocm-llvm-7.2.3/usr/include/clang/AST/RecursiveASTVisitor.h
-- Installing: /destdir/rocm-llvm-7.2.3/usr/include/clang/AST/Redeclarable.h
-- Installing: /destdir/rocm-llvm-7.2.3/usr/include/clang/AST/SYCLKernelInfo.h
-- Installing: /destdir/rocm-llvm-7.2.3/usr/include/clang/AST/SelectorLocationsKind.h
-- Installing: /destdir/rocm-llvm-7.2.3/usr/include/clang/AST/Stmt.h
-- Installing: /destdir/rocm-llvm-7.2.3/usr/include/clang/AST/StmtCXX.h
-- Installing: /destdir/rocm-llvm-7.2.3/usr/include/clang/AST/StmtGraphTraits.h
-- Installing: /destdir/rocm-llvm-7.2.3/usr/include/clang/AST/StmtIterator.h
-- Installing: /destdir/rocm-llvm-7.2.3/usr/include/clang/AST/StmtObjC.h
-- Installing: /destdir/rocm-llvm-7.2.3/usr/include/clang/AST/StmtOpenACC.h
-- Installing: /destdir/rocm-llvm-7.2.3/usr/include/clang/AST/StmtOpenMP.h
-- Installing: /destdir/rocm-llvm-7.2.3/usr/include/clang/AST/StmtSYCL.h
-- Installing: /destdir/rocm-llvm-7.2.3/usr/include/clang/AST/StmtVisitor.h
-- Installing: /destdir/rocm-llvm-7.2.3/usr/include/clang/AST/TemplateArgumentVisitor.h
-- Installing: /destdir/rocm-llvm-7.2.3/usr/include/clang/AST/TemplateBase.h
-- Installing: /destdir/rocm-llvm-7.2.3/usr/include/clang/AST/TemplateName.h
-- Installing: /destdir/rocm-llvm-7.2.3/usr/include/clang/AST/TextNodeDumper.h
-- Installing: /destdir/rocm-llvm-7.2.3/usr/include/clang/AST/Type.h
-- Installing: /destdir/rocm-llvm-7.2.3/usr/include/clang/AST/TypeBase.h
-- Installing: /destdir/rocm-llvm-7.2.3/usr/include/clang/AST/TypeLoc.h
-- Installing: /destdir/rocm-llvm-7.2.3/usr/include/clang/AST/TypeLocNodes.def
-- Installing: /destdir/rocm-llvm-7.2.3/usr/include/clang/AST/TypeLocVisitor.h
-- Installing: /destdir/rocm-llvm-7.2.3/usr/include/clang/AST/TypeOrdering.h
-- Installing: /destdir/rocm-llvm-7.2.3/usr/include/clang/AST/TypeVisitor.h
-- Installing: /destdir/rocm-llvm-7.2.3/usr/include/clang/AST/UnresolvedSet.h
-- Installing: /destdir/rocm-llvm-7.2.3/usr/include/clang/AST/VTTBuilder.h
-- Installing: /destdir/rocm-llvm-7.2.3/usr/include/clang/AST/VTableBuilder.h
-- Installing: /destdir/rocm-llvm-7.2.3/usr/include/clang/ASTMatchers
-- Installing: /destdir/rocm-llvm-7.2.3/usr/include/clang/ASTMatchers/ASTMatchFinder.h
-- Installing: /destdir/rocm-llvm-7.2.3/usr/include/clang/ASTMatchers/ASTMatchers.h
-- Installing: /destdir/rocm-llvm-7.2.3/usr/include/clang/ASTMatchers/ASTMatchersInternal.h
-- Installing: /destdir/rocm-llvm-7.2.3/usr/include/clang/ASTMatchers/ASTMatchersMacros.h
-- Installing: /destdir/rocm-llvm-7.2.3/usr/include/clang/ASTMatchers/Dynamic
-- Installing: /destdir/rocm-llvm-7.2.3/usr/include/clang/ASTMatchers/Dynamic/Diagnostics.h
-- Installing: /destdir/rocm-llvm-7.2.3/usr/include/clang/ASTMatchers/Dynamic/Parser.h
-- Installing: /destdir/rocm-llvm-7.2.3/usr/include/clang/ASTMatchers/Dynamic/Registry.h
-- Installing: /destdir/rocm-llvm-7.2.3/usr/include/clang/ASTMatchers/Dynamic/VariantValue.h
-- Installing: /destdir/rocm-llvm-7.2.3/usr/include/clang/ASTMatchers/GtestMatchers.h
-- Installing: /destdir/rocm-llvm-7.2.3/usr/include/clang/ASTMatchers/LowLevelHelpers.h
-- Installing: /destdir/rocm-llvm-7.2.3/usr/include/clang/Analysis
-- Installing: /destdir/rocm-llvm-7.2.3/usr/include/clang/Analysis/Analyses
-- Installing: /destdir/rocm-llvm-7.2.3/usr/include/clang/Analysis/Analyses/CFGReachabilityAnalysis.h
-- Installing: /destdir/rocm-llvm-7.2.3/usr/include/clang/Analysis/Analyses/CalledOnceCheck.h
-- Installing: /destdir/rocm-llvm-7.2.3/usr/include/clang/Analysis/Analyses/Consumed.h
-- Installing: /destdir/rocm-llvm-7.2.3/usr/include/clang/Analysis/Analyses/Dominators.h
-- Installing: /destdir/rocm-llvm-7.2.3/usr/include/clang/Analysis/Analyses/ExprMutationAnalyzer.h
-- Installing: /destdir/rocm-llvm-7.2.3/usr/include/clang/Analysis/Analyses/IntervalPartition.h
-- Installing: /destdir/rocm-llvm-7.2.3/usr/include/clang/Analysis/Analyses/LifetimeAnnotations.h
-- Installing: /destdir/rocm-llvm-7.2.3/usr/include/clang/Analysis/Analyses/LifetimeSafety.h
-- Installing: /destdir/rocm-llvm-7.2.3/usr/include/clang/Analysis/Analyses/LiveVariables.h
-- Installing: /destdir/rocm-llvm-7.2.3/usr/include/clang/Analysis/Analyses/PostOrderCFGView.h
-- Installing: /destdir/rocm-llvm-7.2.3/usr/include/clang/Analysis/Analyses/ReachableCode.h
-- Installing: /destdir/rocm-llvm-7.2.3/usr/include/clang/Analysis/Analyses/ThreadSafety.h
-- Installing: /destdir/rocm-llvm-7.2.3/usr/include/clang/Analysis/Analyses/ThreadSafetyCommon.h
-- Installing: /destdir/rocm-llvm-7.2.3/usr/include/clang/Analysis/Analyses/ThreadSafetyLogical.h
-- Installing: /destdir/rocm-llvm-7.2.3/usr/include/clang/Analysis/Analyses/ThreadSafetyOps.def
-- Installing: /destdir/rocm-llvm-7.2.3/usr/include/clang/Analysis/Analyses/ThreadSafetyTIL.h
-- Installing: /destdir/rocm-llvm-7.2.3/usr/include/clang/Analysis/Analyses/ThreadSafetyTraverse.h
-- Installing: /destdir/rocm-llvm-7.2.3/usr/include/clang/Analysis/Analyses/ThreadSafetyUtil.h
-- Installing: /destdir/rocm-llvm-7.2.3/usr/include/clang/Analysis/Analyses/UninitializedValues.h
-- Installing: /destdir/rocm-llvm-7.2.3/usr/include/clang/Analysis/Analyses/UnsafeBufferUsage.h
-- Installing: /destdir/rocm-llvm-7.2.3/usr/include/clang/Analysis/Analyses/UnsafeBufferUsageGadgets.def
-- Installing: /destdir/rocm-llvm-7.2.3/usr/include/clang/Analysis/AnalysisDeclContext.h
-- Installing: /destdir/rocm-llvm-7.2.3/usr/include/clang/Analysis/AnyCall.h
-- Installing: /destdir/rocm-llvm-7.2.3/usr/include/clang/Analysis/BodyFarm.h
-- Installing: /destdir/rocm-llvm-7.2.3/usr/include/clang/Analysis/CFG.h
-- Installing: /destdir/rocm-llvm-7.2.3/usr/include/clang/Analysis/CFGStmtMap.h
-- Installing: /destdir/rocm-llvm-7.2.3/usr/include/clang/Analysis/CallGraph.h
-- Installing: /destdir/rocm-llvm-7.2.3/usr/include/clang/Analysis/CloneDetection.h
-- Installing: /destdir/rocm-llvm-7.2.3/usr/include/clang/Analysis/CodeInjector.h
-- Installing: /destdir/rocm-llvm-7.2.3/usr/include/clang/Analysis/ConstructionContext.h
-- Installing: /destdir/rocm-llvm-7.2.3/usr/include/clang/Analysis/DomainSpecific
-- Installing: /destdir/rocm-llvm-7.2.3/usr/include/clang/Analysis/DomainSpecific/CocoaConventions.h
-- Installing: /destdir/rocm-llvm-7.2.3/usr/include/clang/Analysis/DomainSpecific/ObjCNoReturn.h
-- Installing: /destdir/rocm-llvm-7.2.3/usr/include/clang/Analysis/FlowSensitive
-- Installing: /destdir/rocm-llvm-7.2.3/usr/include/clang/Analysis/FlowSensitive/ASTOps.h
-- Installing: /destdir/rocm-llvm-7.2.3/usr/include/clang/Analysis/FlowSensitive/AdornedCFG.h
-- Installing: /destdir/rocm-llvm-7.2.3/usr/include/clang/Analysis/FlowSensitive/Arena.h
-- Installing: /destdir/rocm-llvm-7.2.3/usr/include/clang/Analysis/FlowSensitive/CFGMatchSwitch.h
-- Installing: /destdir/rocm-llvm-7.2.3/usr/include/clang/Analysis/FlowSensitive/CNFFormula.h
-- Installing: /destdir/rocm-llvm-7.2.3/usr/include/clang/Analysis/FlowSensitive/CachedConstAccessorsLattice.h
-- Installing: /destdir/rocm-llvm-7.2.3/usr/include/clang/Analysis/FlowSensitive/DataflowAnalysis.h
-- Installing: /destdir/rocm-llvm-7.2.3/usr/include/clang/Analysis/FlowSensitive/DataflowAnalysisContext.h
-- Installing: /destdir/rocm-llvm-7.2.3/usr/include/clang/Analysis/FlowSensitive/DataflowEnvironment.h
-- Installing: /destdir/rocm-llvm-7.2.3/usr/include/clang/Analysis/FlowSensitive/DataflowLattice.h
-- Installing: /destdir/rocm-llvm-7.2.3/usr/include/clang/Analysis/FlowSensitive/DataflowValues.h
-- Installing: /destdir/rocm-llvm-7.2.3/usr/include/clang/Analysis/FlowSensitive/DataflowWorklist.h
-- Installing: /destdir/rocm-llvm-7.2.3/usr/include/clang/Analysis/FlowSensitive/DebugSupport.h
-- Installing: /destdir/rocm-llvm-7.2.3/usr/include/clang/Analysis/FlowSensitive/Formula.h
-- Installing: /destdir/rocm-llvm-7.2.3/usr/include/clang/Analysis/FlowSensitive/FormulaSerialization.h
-- Installing: /destdir/rocm-llvm-7.2.3/usr/include/clang/Analysis/FlowSensitive/Logger.h
-- Installing: /destdir/rocm-llvm-7.2.3/usr/include/clang/Analysis/FlowSensitive/MapLattice.h
-- Installing: /destdir/rocm-llvm-7.2.3/usr/include/clang/Analysis/FlowSensitive/MatchSwitch.h
-- Installing: /destdir/rocm-llvm-7.2.3/usr/include/clang/Analysis/FlowSensitive/Models
-- Installing: /destdir/rocm-llvm-7.2.3/usr/include/clang/Analysis/FlowSensitive/Models/ChromiumCheckModel.h
-- Installing: /destdir/rocm-llvm-7.2.3/usr/include/clang/Analysis/FlowSensitive/Models/UncheckedOptionalAccessModel.h
-- Installing: /destdir/rocm-llvm-7.2.3/usr/include/clang/Analysis/FlowSensitive/NoopAnalysis.h
-- Installing: /destdir/rocm-llvm-7.2.3/usr/include/clang/Analysis/FlowSensitive/NoopLattice.h
-- Installing: /destdir/rocm-llvm-7.2.3/usr/include/clang/Analysis/FlowSensitive/RecordOps.h
-- Installing: /destdir/rocm-llvm-7.2.3/usr/include/clang/Analysis/FlowSensitive/SimplifyConstraints.h
-- Installing: /destdir/rocm-llvm-7.2.3/usr/include/clang/Analysis/FlowSensitive/SmartPointerAccessorCaching.h
-- Installing: /destdir/rocm-llvm-7.2.3/usr/include/clang/Analysis/FlowSensitive/Solver.h
-- Installing: /destdir/rocm-llvm-7.2.3/usr/include/clang/Analysis/FlowSensitive/StorageLocation.h
-- Installing: /destdir/rocm-llvm-7.2.3/usr/include/clang/Analysis/FlowSensitive/Transfer.h
-- Installing: /destdir/rocm-llvm-7.2.3/usr/include/clang/Analysis/FlowSensitive/TypeErasedDataflowAnalysis.h
-- Installing: /destdir/rocm-llvm-7.2.3/usr/include/clang/Analysis/FlowSensitive/Value.h
-- Installing: /destdir/rocm-llvm-7.2.3/usr/include/clang/Analysis/FlowSensitive/WatchedLiteralsSolver.h
-- Installing: /destdir/rocm-llvm-7.2.3/usr/include/clang/Analysis/IssueHash.h
-- Installing: /destdir/rocm-llvm-7.2.3/usr/include/clang/Analysis/MacroExpansionContext.h
-- Installing: /destdir/rocm-llvm-7.2.3/usr/include/clang/Analysis/PathDiagnostic.h
-- Installing: /destdir/rocm-llvm-7.2.3/usr/include/clang/Analysis/ProgramPoint.h
-- Installing: /destdir/rocm-llvm-7.2.3/usr/include/clang/Analysis/RetainSummaryManager.h
-- Installing: /destdir/rocm-llvm-7.2.3/usr/include/clang/Analysis/SelectorExtras.h
-- Installing: /destdir/rocm-llvm-7.2.3/usr/include/clang/Analysis/Support
-- Installing: /destdir/rocm-llvm-7.2.3/usr/include/clang/Analysis/Support/BumpVector.h
-- Installing: /destdir/rocm-llvm-7.2.3/usr/include/clang/Analysis/Support/FixitUtil.h
-- Installing: /destdir/rocm-llvm-7.2.3/usr/include/clang/Basic
-- Installing: /destdir/rocm-llvm-7.2.3/usr/include/clang/Basic/AArch64ACLETypes.def
-- Installing: /destdir/rocm-llvm-7.2.3/usr/include/clang/Basic/ABI.h
-- Installing: /destdir/rocm-llvm-7.2.3/usr/include/clang/Basic/ABIVersions.def
-- Installing: /destdir/rocm-llvm-7.2.3/usr/include/clang/Basic/AMDGPUTypes.def
-- Installing: /destdir/rocm-llvm-7.2.3/usr/include/clang/Basic/ASTSourceDescriptor.h
-- Installing: /destdir/rocm-llvm-7.2.3/usr/include/clang/Basic/AddressSpaces.h
-- Installing: /destdir/rocm-llvm-7.2.3/usr/include/clang/Basic/AlignedAllocation.h
-- Installing: /destdir/rocm-llvm-7.2.3/usr/include/clang/Basic/AllDiagnostics.h
-- Installing: /destdir/rocm-llvm-7.2.3/usr/include/clang/Basic/AttrKinds.h
-- Installing: /destdir/rocm-llvm-7.2.3/usr/include/clang/Basic/AttrSubjectMatchRules.h
-- Installing: /destdir/rocm-llvm-7.2.3/usr/include/clang/Basic/AttributeCommonInfo.h
-- Installing: /destdir/rocm-llvm-7.2.3/usr/include/clang/Basic/AttributeScopeInfo.h
-- Installing: /destdir/rocm-llvm-7.2.3/usr/include/clang/Basic/Attributes.h
-- Installing: /destdir/rocm-llvm-7.2.3/usr/include/clang/Basic/BitmaskEnum.h
-- Installing: /destdir/rocm-llvm-7.2.3/usr/include/clang/Basic/BuiltinHeaders.def
-- Installing: /destdir/rocm-llvm-7.2.3/usr/include/clang/Basic/Builtins.def
-- Installing: /destdir/rocm-llvm-7.2.3/usr/include/clang/Basic/Builtins.h
-- Installing: /destdir/rocm-llvm-7.2.3/usr/include/clang/Basic/BuiltinsAArch64.def
-- Installing: /destdir/rocm-llvm-7.2.3/usr/include/clang/Basic/BuiltinsAArch64NeonSVEBridge.def
-- Installing: /destdir/rocm-llvm-7.2.3/usr/include/clang/Basic/BuiltinsAArch64NeonSVEBridge_cg.def
-- Installing: /destdir/rocm-llvm-7.2.3/usr/include/clang/Basic/BuiltinsAMDGPU.def
-- Installing: /destdir/rocm-llvm-7.2.3/usr/include/clang/Basic/BuiltinsARM.def
-- Installing: /destdir/rocm-llvm-7.2.3/usr/include/clang/Basic/BuiltinsHexagonMapCustomDep.def
-- Installing: /destdir/rocm-llvm-7.2.3/usr/include/clang/Basic/BuiltinsLoongArchBase.def
-- Installing: /destdir/rocm-llvm-7.2.3/usr/include/clang/Basic/BuiltinsLoongArchLASX.def
-- Installing: /destdir/rocm-llvm-7.2.3/usr/include/clang/Basic/BuiltinsLoongArchLSX.def
-- Installing: /destdir/rocm-llvm-7.2.3/usr/include/clang/Basic/BuiltinsMips.def
-- Installing: /destdir/rocm-llvm-7.2.3/usr/include/clang/Basic/BuiltinsPPC.def
-- Installing: /destdir/rocm-llvm-7.2.3/usr/include/clang/Basic/BuiltinsSystemZ.def
-- Installing: /destdir/rocm-llvm-7.2.3/usr/include/clang/Basic/BuiltinsVE.def
-- Installing: /destdir/rocm-llvm-7.2.3/usr/include/clang/Basic/BuiltinsVEVL.gen.def
-- Installing: /destdir/rocm-llvm-7.2.3/usr/include/clang/Basic/BuiltinsWebAssembly.def
-- Installing: /destdir/rocm-llvm-7.2.3/usr/include/clang/Basic/BuiltinsXCore.def
-- Installing: /destdir/rocm-llvm-7.2.3/usr/include/clang/Basic/CFProtectionOptions.def
-- Installing: /destdir/rocm-llvm-7.2.3/usr/include/clang/Basic/CFProtectionOptions.h
-- Installing: /destdir/rocm-llvm-7.2.3/usr/include/clang/Basic/CLWarnings.h
-- Installing: /destdir/rocm-llvm-7.2.3/usr/include/clang/Basic/CapturedStmt.h
-- Installing: /destdir/rocm-llvm-7.2.3/usr/include/clang/Basic/CharInfo.h
-- Installing: /destdir/rocm-llvm-7.2.3/usr/include/clang/Basic/CodeGenOptions.def
-- Installing: /destdir/rocm-llvm-7.2.3/usr/include/clang/Basic/CodeGenOptions.h
-- Installing: /destdir/rocm-llvm-7.2.3/usr/include/clang/Basic/CommentOptions.h
-- Installing: /destdir/rocm-llvm-7.2.3/usr/include/clang/Basic/Cuda.h
-- Installing: /destdir/rocm-llvm-7.2.3/usr/include/clang/Basic/CustomizableOptional.h
-- Installing: /destdir/rocm-llvm-7.2.3/usr/include/clang/Basic/DarwinSDKInfo.h
-- Installing: /destdir/rocm-llvm-7.2.3/usr/include/clang/Basic/DebugOptions.def
-- Installing: /destdir/rocm-llvm-7.2.3/usr/include/clang/Basic/Diagnostic.h
-- Installing: /destdir/rocm-llvm-7.2.3/usr/include/clang/Basic/DiagnosticAST.h
-- Installing: /destdir/rocm-llvm-7.2.3/usr/include/clang/Basic/DiagnosticAnalysis.h
-- Installing: /destdir/rocm-llvm-7.2.3/usr/include/clang/Basic/DiagnosticCategories.h
-- Installing: /destdir/rocm-llvm-7.2.3/usr/include/clang/Basic/DiagnosticComment.h
-- Installing: /destdir/rocm-llvm-7.2.3/usr/include/clang/Basic/DiagnosticCrossTU.h
-- Installing: /destdir/rocm-llvm-7.2.3/usr/include/clang/Basic/DiagnosticDriver.h
-- Installing: /destdir/rocm-llvm-7.2.3/usr/include/clang/Basic/DiagnosticError.h
-- Installing: /destdir/rocm-llvm-7.2.3/usr/include/clang/Basic/DiagnosticFrontend.h
-- Installing: /destdir/rocm-llvm-7.2.3/usr/include/clang/Basic/DiagnosticIDs.h
-- Installing: /destdir/rocm-llvm-7.2.3/usr/include/clang/Basic/DiagnosticInstallAPI.h
-- Installing: /destdir/rocm-llvm-7.2.3/usr/include/clang/Basic/DiagnosticLex.h
-- Installing: /destdir/rocm-llvm-7.2.3/usr/include/clang/Basic/DiagnosticOptions.def
-- Installing: /destdir/rocm-llvm-7.2.3/usr/include/clang/Basic/DiagnosticOptions.h
-- Installing: /destdir/rocm-llvm-7.2.3/usr/include/clang/Basic/DiagnosticParse.h
-- Installing: /destdir/rocm-llvm-7.2.3/usr/include/clang/Basic/DiagnosticRefactoring.h
-- Installing: /destdir/rocm-llvm-7.2.3/usr/include/clang/Basic/DiagnosticSema.h
-- Installing: /destdir/rocm-llvm-7.2.3/usr/include/clang/Basic/DiagnosticSerialization.h
-- Installing: /destdir/rocm-llvm-7.2.3/usr/include/clang/Basic/DiagnosticTrap.h
-- Installing: /destdir/rocm-llvm-7.2.3/usr/include/clang/Basic/DirectoryEntry.h
-- Installing: /destdir/rocm-llvm-7.2.3/usr/include/clang/Basic/ExceptionSpecificationType.h
-- Installing: /destdir/rocm-llvm-7.2.3/usr/include/clang/Basic/ExpressionTraits.h
-- Installing: /destdir/rocm-llvm-7.2.3/usr/include/clang/Basic/FPOptions.def
-- Installing: /destdir/rocm-llvm-7.2.3/usr/include/clang/Basic/Features.def
-- Installing: /destdir/rocm-llvm-7.2.3/usr/include/clang/Basic/FileEntry.h
-- Installing: /destdir/rocm-llvm-7.2.3/usr/include/clang/Basic/FileManager.h
-- Installing: /destdir/rocm-llvm-7.2.3/usr/include/clang/Basic/FileSystemOptions.h
-- Installing: /destdir/rocm-llvm-7.2.3/usr/include/clang/Basic/FileSystemStatCache.h
-- Installing: /destdir/rocm-llvm-7.2.3/usr/include/clang/Basic/HLSLIntangibleTypes.def
-- Installing: /destdir/rocm-llvm-7.2.3/usr/include/clang/Basic/HLSLRuntime.h
-- Installing: /destdir/rocm-llvm-7.2.3/usr/include/clang/Basic/HeaderInclude.h
-- Installing: /destdir/rocm-llvm-7.2.3/usr/include/clang/Basic/IdentifierTable.h
-- Installing: /destdir/rocm-llvm-7.2.3/usr/include/clang/Basic/JsonSupport.h
-- Installing: /destdir/rocm-llvm-7.2.3/usr/include/clang/Basic/LLVM.h
-- Installing: /destdir/rocm-llvm-7.2.3/usr/include/clang/Basic/Lambda.h
-- Installing: /destdir/rocm-llvm-7.2.3/usr/include/clang/Basic/LangOptions.def
-- Installing: /destdir/rocm-llvm-7.2.3/usr/include/clang/Basic/LangOptions.h
-- Installing: /destdir/rocm-llvm-7.2.3/usr/include/clang/Basic/LangStandard.h
-- Installing: /destdir/rocm-llvm-7.2.3/usr/include/clang/Basic/LangStandards.def
-- Installing: /destdir/rocm-llvm-7.2.3/usr/include/clang/Basic/Linkage.h
-- Installing: /destdir/rocm-llvm-7.2.3/usr/include/clang/Basic/MSP430Target.def
-- Installing: /destdir/rocm-llvm-7.2.3/usr/include/clang/Basic/MacroBuilder.h
-- Installing: /destdir/rocm-llvm-7.2.3/usr/include/clang/Basic/MakeSupport.h
-- Installing: /destdir/rocm-llvm-7.2.3/usr/include/clang/Basic/Module.h
-- Installing: /destdir/rocm-llvm-7.2.3/usr/include/clang/Basic/NoSanitizeList.h
-- Installing: /destdir/rocm-llvm-7.2.3/usr/include/clang/Basic/ObjCRuntime.h
-- Installing: /destdir/rocm-llvm-7.2.3/usr/include/clang/Basic/OffloadArch.h
-- Installing: /destdir/rocm-llvm-7.2.3/usr/include/clang/Basic/OpenACCClauses.def
-- Installing: /destdir/rocm-llvm-7.2.3/usr/include/clang/Basic/OpenACCKinds.h
-- Installing: /destdir/rocm-llvm-7.2.3/usr/include/clang/Basic/OpenCLExtensionTypes.def
-- Installing: /destdir/rocm-llvm-7.2.3/usr/include/clang/Basic/OpenCLExtensions.def
-- Installing: /destdir/rocm-llvm-7.2.3/usr/include/clang/Basic/OpenCLImageTypes.def
-- Installing: /destdir/rocm-llvm-7.2.3/usr/include/clang/Basic/OpenCLOptions.h
-- Installing: /destdir/rocm-llvm-7.2.3/usr/include/clang/Basic/OpenMPKinds.def
-- Installing: /destdir/rocm-llvm-7.2.3/usr/include/clang/Basic/OpenMPKinds.h
-- Installing: /destdir/rocm-llvm-7.2.3/usr/include/clang/Basic/OperatorKinds.def
-- Installing: /destdir/rocm-llvm-7.2.3/usr/include/clang/Basic/OperatorKinds.h
-- Installing: /destdir/rocm-llvm-7.2.3/usr/include/clang/Basic/OperatorPrecedence.h
-- Installing: /destdir/rocm-llvm-7.2.3/usr/include/clang/Basic/PPCTypes.def
-- Installing: /destdir/rocm-llvm-7.2.3/usr/include/clang/Basic/ParsedAttrInfo.h
-- Installing: /destdir/rocm-llvm-7.2.3/usr/include/clang/Basic/PartialDiagnostic.h
-- Installing: /destdir/rocm-llvm-7.2.3/usr/include/clang/Basic/PlistSupport.h
-- Installing: /destdir/rocm-llvm-7.2.3/usr/include/clang/Basic/PointerAuthOptions.h
-- Installing: /destdir/rocm-llvm-7.2.3/usr/include/clang/Basic/PragmaKinds.h
-- Installing: /destdir/rocm-llvm-7.2.3/usr/include/clang/Basic/PrettyStackTrace.h
-- Installing: /destdir/rocm-llvm-7.2.3/usr/include/clang/Basic/ProfileList.h
-- Installing: /destdir/rocm-llvm-7.2.3/usr/include/clang/Basic/RISCVVTypes.def
-- Installing: /destdir/rocm-llvm-7.2.3/usr/include/clang/Basic/SanitizerSpecialCaseList.h
-- Installing: /destdir/rocm-llvm-7.2.3/usr/include/clang/Basic/Sanitizers.def
-- Installing: /destdir/rocm-llvm-7.2.3/usr/include/clang/Basic/Sanitizers.h
-- Installing: /destdir/rocm-llvm-7.2.3/usr/include/clang/Basic/Sarif.h
-- Installing: /destdir/rocm-llvm-7.2.3/usr/include/clang/Basic/SimpleTypoCorrection.h
-- Installing: /destdir/rocm-llvm-7.2.3/usr/include/clang/Basic/SourceLocation.h
-- Installing: /destdir/rocm-llvm-7.2.3/usr/include/clang/Basic/SourceManager.h
-- Installing: /destdir/rocm-llvm-7.2.3/usr/include/clang/Basic/SourceManagerInternals.h
-- Installing: /destdir/rocm-llvm-7.2.3/usr/include/clang/Basic/SourceMgrAdapter.h
-- Installing: /destdir/rocm-llvm-7.2.3/usr/include/clang/Basic/Specifiers.h
-- Installing: /destdir/rocm-llvm-7.2.3/usr/include/clang/Basic/Stack.h
-- Installing: /destdir/rocm-llvm-7.2.3/usr/include/clang/Basic/StackExhaustionHandler.h
-- Installing: /destdir/rocm-llvm-7.2.3/usr/include/clang/Basic/SyncScope.h
-- Installing: /destdir/rocm-llvm-7.2.3/usr/include/clang/Basic/Target
-- Installing: /destdir/rocm-llvm-7.2.3/usr/include/clang/Basic/Target/MSP430
-- Installing: /destdir/rocm-llvm-7.2.3/usr/include/clang/Basic/TargetBuiltins.h
-- Installing: /destdir/rocm-llvm-7.2.3/usr/include/clang/Basic/TargetCXXABI.def
-- Installing: /destdir/rocm-llvm-7.2.3/usr/include/clang/Basic/TargetCXXABI.h
-- Installing: /destdir/rocm-llvm-7.2.3/usr/include/clang/Basic/TargetID.h
-- Installing: /destdir/rocm-llvm-7.2.3/usr/include/clang/Basic/TargetInfo.h
-- Installing: /destdir/rocm-llvm-7.2.3/usr/include/clang/Basic/TargetOSMacros.def
-- Installing: /destdir/rocm-llvm-7.2.3/usr/include/clang/Basic/TargetOptions.h
-- Installing: /destdir/rocm-llvm-7.2.3/usr/include/clang/Basic/TemplateKinds.h
-- Installing: /destdir/rocm-llvm-7.2.3/usr/include/clang/Basic/Thunk.h
-- Installing: /destdir/rocm-llvm-7.2.3/usr/include/clang/Basic/TokenKinds.def
-- Installing: /destdir/rocm-llvm-7.2.3/usr/include/clang/Basic/TokenKinds.h
-- Installing: /destdir/rocm-llvm-7.2.3/usr/include/clang/Basic/TransformTypeTraits.def
-- Installing: /destdir/rocm-llvm-7.2.3/usr/include/clang/Basic/TypeTraits.h
-- Installing: /destdir/rocm-llvm-7.2.3/usr/include/clang/Basic/UnsignedOrNone.h
-- Installing: /destdir/rocm-llvm-7.2.3/usr/include/clang/Basic/Version.h
-- Installing: /destdir/rocm-llvm-7.2.3/usr/include/clang/Basic/Visibility.h
-- Installing: /destdir/rocm-llvm-7.2.3/usr/include/clang/Basic/WebAssemblyReferenceTypes.def
-- Installing: /destdir/rocm-llvm-7.2.3/usr/include/clang/Basic/XRayInstr.h
-- Installing: /destdir/rocm-llvm-7.2.3/usr/include/clang/Basic/XRayLists.h
-- Installing: /destdir/rocm-llvm-7.2.3/usr/include/clang/CIR
-- Installing: /destdir/rocm-llvm-7.2.3/usr/include/clang/CIR/ABIArgInfo.h
-- Installing: /destdir/rocm-llvm-7.2.3/usr/include/clang/CIR/CIRGenerator.h
-- Installing: /destdir/rocm-llvm-7.2.3/usr/include/clang/CIR/CIRToCIRPasses.h
-- Installing: /destdir/rocm-llvm-7.2.3/usr/include/clang/CIR/Dialect
-- Installing: /destdir/rocm-llvm-7.2.3/usr/include/clang/CIR/Dialect/Builder
-- Installing: /destdir/rocm-llvm-7.2.3/usr/include/clang/CIR/Dialect/Builder/CIRBaseBuilder.h
-- Installing: /destdir/rocm-llvm-7.2.3/usr/include/clang/CIR/Dialect/IR
-- Installing: /destdir/rocm-llvm-7.2.3/usr/include/clang/CIR/Dialect/IR/CIRAttrs.h
-- Installing: /destdir/rocm-llvm-7.2.3/usr/include/clang/CIR/Dialect/IR/CIRDataLayout.h
-- Installing: /destdir/rocm-llvm-7.2.3/usr/include/clang/CIR/Dialect/IR/CIRDialect.h
-- Installing: /destdir/rocm-llvm-7.2.3/usr/include/clang/CIR/Dialect/IR/CIROpsEnums.h
-- Installing: /destdir/rocm-llvm-7.2.3/usr/include/clang/CIR/Dialect/IR/CIRTypes.h
-- Installing: /destdir/rocm-llvm-7.2.3/usr/include/clang/CIR/Dialect/IR/CIRTypesDetails.h
-- Installing: /destdir/rocm-llvm-7.2.3/usr/include/clang/CIR/Dialect/OpenACC
-- Installing: /destdir/rocm-llvm-7.2.3/usr/include/clang/CIR/Dialect/OpenACC/CIROpenACCTypeInterfaces.h
-- Installing: /destdir/rocm-llvm-7.2.3/usr/include/clang/CIR/Dialect/OpenACC/RegisterOpenACCExtensions.h
-- Installing: /destdir/rocm-llvm-7.2.3/usr/include/clang/CIR/Dialect/Passes.h
-- Installing: /destdir/rocm-llvm-7.2.3/usr/include/clang/CIR/FrontendAction
-- Installing: /destdir/rocm-llvm-7.2.3/usr/include/clang/CIR/FrontendAction/CIRGenAction.h
-- Installing: /destdir/rocm-llvm-7.2.3/usr/include/clang/CIR/Interfaces
-- Installing: /destdir/rocm-llvm-7.2.3/usr/include/clang/CIR/Interfaces/CIRLoopOpInterface.h
-- Installing: /destdir/rocm-llvm-7.2.3/usr/include/clang/CIR/Interfaces/CIROpInterfaces.h
-- Installing: /destdir/rocm-llvm-7.2.3/usr/include/clang/CIR/Interfaces/CIRTypeInterfaces.h
-- Installing: /destdir/rocm-llvm-7.2.3/usr/include/clang/CIR/LowerToLLVM.h
-- Installing: /destdir/rocm-llvm-7.2.3/usr/include/clang/CIR/LoweringHelpers.h
-- Installing: /destdir/rocm-llvm-7.2.3/usr/include/clang/CIR/MissingFeatures.h
-- Installing: /destdir/rocm-llvm-7.2.3/usr/include/clang/CIR/Passes.h
-- Installing: /destdir/rocm-llvm-7.2.3/usr/include/clang/CIR/TypeEvaluationKind.h
-- Installing: /destdir/rocm-llvm-7.2.3/usr/include/clang/CodeGen
-- Installing: /destdir/rocm-llvm-7.2.3/usr/include/clang/CodeGen/BackendUtil.h
-- Installing: /destdir/rocm-llvm-7.2.3/usr/include/clang/CodeGen/CGFunctionInfo.h
-- Installing: /destdir/rocm-llvm-7.2.3/usr/include/clang/CodeGen/CodeGenABITypes.h
-- Installing: /destdir/rocm-llvm-7.2.3/usr/include/clang/CodeGen/CodeGenAction.h
-- Installing: /destdir/rocm-llvm-7.2.3/usr/include/clang/CodeGen/ConstantInitBuilder.h
-- Installing: /destdir/rocm-llvm-7.2.3/usr/include/clang/CodeGen/ConstantInitFuture.h
-- Installing: /destdir/rocm-llvm-7.2.3/usr/include/clang/CodeGen/ModuleBuilder.h
-- Installing: /destdir/rocm-llvm-7.2.3/usr/include/clang/CodeGen/ObjectFilePCHContainerWriter.h
-- Installing: /destdir/rocm-llvm-7.2.3/usr/include/clang/CodeGen/SwiftCallingConv.h
-- Installing: /destdir/rocm-llvm-7.2.3/usr/include/clang/Config
-- Installing: /destdir/rocm-llvm-7.2.3/usr/include/clang/CrossTU
-- Installing: /destdir/rocm-llvm-7.2.3/usr/include/clang/CrossTU/CrossTUDiagnostic.h
-- Installing: /destdir/rocm-llvm-7.2.3/usr/include/clang/CrossTU/CrossTranslationUnit.h
-- Installing: /destdir/rocm-llvm-7.2.3/usr/include/clang/DirectoryWatcher
-- Installing: /destdir/rocm-llvm-7.2.3/usr/include/clang/DirectoryWatcher/DirectoryWatcher.h
-- Installing: /destdir/rocm-llvm-7.2.3/usr/include/clang/Driver
-- Installing: /destdir/rocm-llvm-7.2.3/usr/include/clang/Driver/Action.h
-- Installing: /destdir/rocm-llvm-7.2.3/usr/include/clang/Driver/CommonArgs.h
-- Installing: /destdir/rocm-llvm-7.2.3/usr/include/clang/Driver/Compilation.h
-- Installing: /destdir/rocm-llvm-7.2.3/usr/include/clang/Driver/CudaInstallationDetector.h
-- Installing: /destdir/rocm-llvm-7.2.3/usr/include/clang/Driver/Distro.h
-- Installing: /destdir/rocm-llvm-7.2.3/usr/include/clang/Driver/Driver.h
-- Installing: /destdir/rocm-llvm-7.2.3/usr/include/clang/Driver/DriverDiagnostic.h
-- Installing: /destdir/rocm-llvm-7.2.3/usr/include/clang/Driver/InputInfo.h
-- Installing: /destdir/rocm-llvm-7.2.3/usr/include/clang/Driver/Job.h
-- Installing: /destdir/rocm-llvm-7.2.3/usr/include/clang/Driver/LazyDetector.h
-- Installing: /destdir/rocm-llvm-7.2.3/usr/include/clang/Driver/Multilib.h
-- Installing: /destdir/rocm-llvm-7.2.3/usr/include/clang/Driver/MultilibBuilder.h
-- Installing: /destdir/rocm-llvm-7.2.3/usr/include/clang/Driver/OffloadBundler.h
-- Installing: /destdir/rocm-llvm-7.2.3/usr/include/clang/Driver/OptionUtils.h
-- Installing: /destdir/rocm-llvm-7.2.3/usr/include/clang/Driver/Options.h
-- Installing: /destdir/rocm-llvm-7.2.3/usr/include/clang/Driver/Phases.h
-- Installing: /destdir/rocm-llvm-7.2.3/usr/include/clang/Driver/RocmInstallationDetector.h
-- Installing: /destdir/rocm-llvm-7.2.3/usr/include/clang/Driver/SanitizerArgs.h
-- Installing: /destdir/rocm-llvm-7.2.3/usr/include/clang/Driver/SyclInstallationDetector.h
-- Installing: /destdir/rocm-llvm-7.2.3/usr/include/clang/Driver/Tool.h
-- Installing: /destdir/rocm-llvm-7.2.3/usr/include/clang/Driver/ToolChain.h
-- Installing: /destdir/rocm-llvm-7.2.3/usr/include/clang/Driver/Types.def
-- Installing: /destdir/rocm-llvm-7.2.3/usr/include/clang/Driver/Types.h
-- Installing: /destdir/rocm-llvm-7.2.3/usr/include/clang/Driver/Util.h
-- Installing: /destdir/rocm-llvm-7.2.3/usr/include/clang/Driver/XRayArgs.h
-- Installing: /destdir/rocm-llvm-7.2.3/usr/include/clang/Edit
-- Installing: /destdir/rocm-llvm-7.2.3/usr/include/clang/Edit/Commit.h
-- Installing: /destdir/rocm-llvm-7.2.3/usr/include/clang/Edit/EditedSource.h
-- Installing: /destdir/rocm-llvm-7.2.3/usr/include/clang/Edit/EditsReceiver.h
-- Installing: /destdir/rocm-llvm-7.2.3/usr/include/clang/Edit/FileOffset.h
-- Installing: /destdir/rocm-llvm-7.2.3/usr/include/clang/Edit/Rewriters.h
-- Installing: /destdir/rocm-llvm-7.2.3/usr/include/clang/ExtractAPI
-- Installing: /destdir/rocm-llvm-7.2.3/usr/include/clang/ExtractAPI/API.h
-- Installing: /destdir/rocm-llvm-7.2.3/usr/include/clang/ExtractAPI/APIIgnoresList.h
-- Installing: /destdir/rocm-llvm-7.2.3/usr/include/clang/ExtractAPI/DeclarationFragments.h
-- Installing: /destdir/rocm-llvm-7.2.3/usr/include/clang/ExtractAPI/ExtractAPIActionBase.h
-- Installing: /destdir/rocm-llvm-7.2.3/usr/include/clang/ExtractAPI/ExtractAPIVisitor.h
-- Installing: /destdir/rocm-llvm-7.2.3/usr/include/clang/ExtractAPI/FrontendActions.h
-- Installing: /destdir/rocm-llvm-7.2.3/usr/include/clang/ExtractAPI/Serialization
-- Installing: /destdir/rocm-llvm-7.2.3/usr/include/clang/ExtractAPI/Serialization/APISetVisitor.h
-- Installing: /destdir/rocm-llvm-7.2.3/usr/include/clang/ExtractAPI/Serialization/SymbolGraphSerializer.h
-- Installing: /destdir/rocm-llvm-7.2.3/usr/include/clang/ExtractAPI/TypedefUnderlyingTypeResolver.h
-- Installing: /destdir/rocm-llvm-7.2.3/usr/include/clang/Format
-- Installing: /destdir/rocm-llvm-7.2.3/usr/include/clang/Format/Format.h
-- Installing: /destdir/rocm-llvm-7.2.3/usr/include/clang/Frontend
-- Installing: /destdir/rocm-llvm-7.2.3/usr/include/clang/Frontend/ASTConsumers.h
-- Installing: /destdir/rocm-llvm-7.2.3/usr/include/clang/Frontend/ASTUnit.h
-- Installing: /destdir/rocm-llvm-7.2.3/usr/include/clang/Frontend/ChainedDiagnosticConsumer.h
-- Installing: /destdir/rocm-llvm-7.2.3/usr/include/clang/Frontend/CommandLineSourceLoc.h
-- Installing: /destdir/rocm-llvm-7.2.3/usr/include/clang/Frontend/CompilerInstance.h
-- Installing: /destdir/rocm-llvm-7.2.3/usr/include/clang/Frontend/CompilerInvocation.h
-- Installing: /destdir/rocm-llvm-7.2.3/usr/include/clang/Frontend/DependencyOutputOptions.h
-- Installing: /destdir/rocm-llvm-7.2.3/usr/include/clang/Frontend/DiagnosticRenderer.h
-- Installing: /destdir/rocm-llvm-7.2.3/usr/include/clang/Frontend/FrontendAction.h
-- Installing: /destdir/rocm-llvm-7.2.3/usr/include/clang/Frontend/FrontendActions.h
-- Installing: /destdir/rocm-llvm-7.2.3/usr/include/clang/Frontend/FrontendDiagnostic.h
-- Installing: /destdir/rocm-llvm-7.2.3/usr/include/clang/Frontend/FrontendOptions.h
-- Installing: /destdir/rocm-llvm-7.2.3/usr/include/clang/Frontend/FrontendPluginRegistry.h
-- Installing: /destdir/rocm-llvm-7.2.3/usr/include/clang/Frontend/LayoutOverrideSource.h
-- Installing: /destdir/rocm-llvm-7.2.3/usr/include/clang/Frontend/LogDiagnosticPrinter.h
-- Installing: /destdir/rocm-llvm-7.2.3/usr/include/clang/Frontend/MigratorOptions.h
-- Installing: /destdir/rocm-llvm-7.2.3/usr/include/clang/Frontend/MultiplexConsumer.h
-- Installing: /destdir/rocm-llvm-7.2.3/usr/include/clang/Frontend/PCHContainerOperations.h
-- Installing: /destdir/rocm-llvm-7.2.3/usr/include/clang/Frontend/PrecompiledPreamble.h
-- Installing: /destdir/rocm-llvm-7.2.3/usr/include/clang/Frontend/PreprocessorOutputOptions.h
-- Installing: /destdir/rocm-llvm-7.2.3/usr/include/clang/Frontend/SARIFDiagnostic.h
-- Installing: /destdir/rocm-llvm-7.2.3/usr/include/clang/Frontend/SARIFDiagnosticPrinter.h
-- Installing: /destdir/rocm-llvm-7.2.3/usr/include/clang/Frontend/SerializedDiagnosticPrinter.h
-- Installing: /destdir/rocm-llvm-7.2.3/usr/include/clang/Frontend/SerializedDiagnosticReader.h
-- Installing: /destdir/rocm-llvm-7.2.3/usr/include/clang/Frontend/SerializedDiagnostics.h
-- Installing: /destdir/rocm-llvm-7.2.3/usr/include/clang/Frontend/TextDiagnostic.h
-- Installing: /destdir/rocm-llvm-7.2.3/usr/include/clang/Frontend/TextDiagnosticBuffer.h
-- Installing: /destdir/rocm-llvm-7.2.3/usr/include/clang/Frontend/TextDiagnosticPrinter.h
-- Installing: /destdir/rocm-llvm-7.2.3/usr/include/clang/Frontend/Utils.h
-- Installing: /destdir/rocm-llvm-7.2.3/usr/include/clang/Frontend/VerifyDiagnosticConsumer.h
-- Installing: /destdir/rocm-llvm-7.2.3/usr/include/clang/FrontendTool
-- Installing: /destdir/rocm-llvm-7.2.3/usr/include/clang/FrontendTool/Utils.h
-- Installing: /destdir/rocm-llvm-7.2.3/usr/include/clang/Index
-- Installing: /destdir/rocm-llvm-7.2.3/usr/include/clang/Index/CommentToXML.h
-- Installing: /destdir/rocm-llvm-7.2.3/usr/include/clang/Index/DeclOccurrence.h
-- Installing: /destdir/rocm-llvm-7.2.3/usr/include/clang/Index/IndexDataConsumer.h
-- Installing: /destdir/rocm-llvm-7.2.3/usr/include/clang/Index/IndexSymbol.h
-- Installing: /destdir/rocm-llvm-7.2.3/usr/include/clang/Index/IndexingAction.h
-- Installing: /destdir/rocm-llvm-7.2.3/usr/include/clang/Index/IndexingOptions.h
-- Installing: /destdir/rocm-llvm-7.2.3/usr/include/clang/Index/USRGeneration.h
-- Installing: /destdir/rocm-llvm-7.2.3/usr/include/clang/IndexSerialization
-- Installing: /destdir/rocm-llvm-7.2.3/usr/include/clang/IndexSerialization/SerializablePathCollection.h
-- Installing: /destdir/rocm-llvm-7.2.3/usr/include/clang/InstallAPI
-- Installing: /destdir/rocm-llvm-7.2.3/usr/include/clang/InstallAPI/Context.h
-- Installing: /destdir/rocm-llvm-7.2.3/usr/include/clang/InstallAPI/DirectoryScanner.h
-- Installing: /destdir/rocm-llvm-7.2.3/usr/include/clang/InstallAPI/DylibVerifier.h
-- Installing: /destdir/rocm-llvm-7.2.3/usr/include/clang/InstallAPI/FileList.h
-- Installing: /destdir/rocm-llvm-7.2.3/usr/include/clang/InstallAPI/Frontend.h
-- Installing: /destdir/rocm-llvm-7.2.3/usr/include/clang/InstallAPI/FrontendRecords.h
-- Installing: /destdir/rocm-llvm-7.2.3/usr/include/clang/InstallAPI/HeaderFile.h
-- Installing: /destdir/rocm-llvm-7.2.3/usr/include/clang/InstallAPI/InstallAPIDiagnostic.h
-- Installing: /destdir/rocm-llvm-7.2.3/usr/include/clang/InstallAPI/Library.h
-- Installing: /destdir/rocm-llvm-7.2.3/usr/include/clang/InstallAPI/MachO.h
-- Installing: /destdir/rocm-llvm-7.2.3/usr/include/clang/InstallAPI/Visitor.h
-- Installing: /destdir/rocm-llvm-7.2.3/usr/include/clang/Interpreter
-- Installing: /destdir/rocm-llvm-7.2.3/usr/include/clang/Interpreter/CodeCompletion.h
-- Installing: /destdir/rocm-llvm-7.2.3/usr/include/clang/Interpreter/Interpreter.h
-- Installing: /destdir/rocm-llvm-7.2.3/usr/include/clang/Interpreter/PartialTranslationUnit.h
-- Installing: /destdir/rocm-llvm-7.2.3/usr/include/clang/Interpreter/Value.h
-- Installing: /destdir/rocm-llvm-7.2.3/usr/include/clang/Lex
-- Installing: /destdir/rocm-llvm-7.2.3/usr/include/clang/Lex/CodeCompletionHandler.h
-- Installing: /destdir/rocm-llvm-7.2.3/usr/include/clang/Lex/DependencyDirectivesScanner.h
-- Installing: /destdir/rocm-llvm-7.2.3/usr/include/clang/Lex/DirectoryLookup.h
-- Installing: /destdir/rocm-llvm-7.2.3/usr/include/clang/Lex/ExternalPreprocessorSource.h
-- Installing: /destdir/rocm-llvm-7.2.3/usr/include/clang/Lex/HLSLRootSignatureTokenKinds.def
-- Installing: /destdir/rocm-llvm-7.2.3/usr/include/clang/Lex/HeaderMap.h
-- Installing: /destdir/rocm-llvm-7.2.3/usr/include/clang/Lex/HeaderMapTypes.h
-- Installing: /destdir/rocm-llvm-7.2.3/usr/include/clang/Lex/HeaderSearch.h
-- Installing: /destdir/rocm-llvm-7.2.3/usr/include/clang/Lex/HeaderSearchOptions.h
-- Installing: /destdir/rocm-llvm-7.2.3/usr/include/clang/Lex/LexDiagnostic.h
-- Installing: /destdir/rocm-llvm-7.2.3/usr/include/clang/Lex/LexHLSLRootSignature.h
-- Installing: /destdir/rocm-llvm-7.2.3/usr/include/clang/Lex/Lexer.h
-- Installing: /destdir/rocm-llvm-7.2.3/usr/include/clang/Lex/LiteralSupport.h
-- Installing: /destdir/rocm-llvm-7.2.3/usr/include/clang/Lex/MacroArgs.h
-- Installing: /destdir/rocm-llvm-7.2.3/usr/include/clang/Lex/MacroInfo.h
-- Installing: /destdir/rocm-llvm-7.2.3/usr/include/clang/Lex/ModuleLoader.h
-- Installing: /destdir/rocm-llvm-7.2.3/usr/include/clang/Lex/ModuleMap.h
-- Installing: /destdir/rocm-llvm-7.2.3/usr/include/clang/Lex/ModuleMapFile.h
-- Installing: /destdir/rocm-llvm-7.2.3/usr/include/clang/Lex/MultipleIncludeOpt.h
-- Installing: /destdir/rocm-llvm-7.2.3/usr/include/clang/Lex/NoTrivialPPDirectiveTracer.h
-- Installing: /destdir/rocm-llvm-7.2.3/usr/include/clang/Lex/PPCallbacks.h
-- Installing: /destdir/rocm-llvm-7.2.3/usr/include/clang/Lex/PPConditionalDirectiveRecord.h
-- Installing: /destdir/rocm-llvm-7.2.3/usr/include/clang/Lex/PPDirectiveParameter.h
-- Installing: /destdir/rocm-llvm-7.2.3/usr/include/clang/Lex/PPEmbedParameters.h
-- Installing: /destdir/rocm-llvm-7.2.3/usr/include/clang/Lex/Pragma.h
-- Installing: /destdir/rocm-llvm-7.2.3/usr/include/clang/Lex/PreprocessingRecord.h
-- Installing: /destdir/rocm-llvm-7.2.3/usr/include/clang/Lex/Preprocessor.h
-- Installing: /destdir/rocm-llvm-7.2.3/usr/include/clang/Lex/PreprocessorLexer.h
-- Installing: /destdir/rocm-llvm-7.2.3/usr/include/clang/Lex/PreprocessorOptions.h
-- Installing: /destdir/rocm-llvm-7.2.3/usr/include/clang/Lex/ScratchBuffer.h
-- Installing: /destdir/rocm-llvm-7.2.3/usr/include/clang/Lex/Token.h
-- Installing: /destdir/rocm-llvm-7.2.3/usr/include/clang/Lex/TokenConcatenation.h
-- Installing: /destdir/rocm-llvm-7.2.3/usr/include/clang/Lex/TokenLexer.h
-- Installing: /destdir/rocm-llvm-7.2.3/usr/include/clang/Lex/VariadicMacroSupport.h
-- Installing: /destdir/rocm-llvm-7.2.3/usr/include/clang/Parse
-- Installing: /destdir/rocm-llvm-7.2.3/usr/include/clang/Parse/LoopHint.h
-- Installing: /destdir/rocm-llvm-7.2.3/usr/include/clang/Parse/ParseAST.h
-- Installing: /destdir/rocm-llvm-7.2.3/usr/include/clang/Parse/ParseHLSLRootSignature.h
-- Installing: /destdir/rocm-llvm-7.2.3/usr/include/clang/Parse/Parser.h
-- Installing: /destdir/rocm-llvm-7.2.3/usr/include/clang/Parse/RAIIObjectsForParser.h
-- Installing: /destdir/rocm-llvm-7.2.3/usr/include/clang/Rewrite
-- Installing: /destdir/rocm-llvm-7.2.3/usr/include/clang/Rewrite/Core
-- Installing: /destdir/rocm-llvm-7.2.3/usr/include/clang/Rewrite/Core/HTMLRewrite.h
-- Installing: /destdir/rocm-llvm-7.2.3/usr/include/clang/Rewrite/Core/Rewriter.h
-- Installing: /destdir/rocm-llvm-7.2.3/usr/include/clang/Rewrite/Core/TokenRewriter.h
-- Installing: /destdir/rocm-llvm-7.2.3/usr/include/clang/Rewrite/Frontend
-- Installing: /destdir/rocm-llvm-7.2.3/usr/include/clang/Rewrite/Frontend/ASTConsumers.h
-- Installing: /destdir/rocm-llvm-7.2.3/usr/include/clang/Rewrite/Frontend/FixItRewriter.h
-- Installing: /destdir/rocm-llvm-7.2.3/usr/include/clang/Rewrite/Frontend/FrontendActions.h
-- Installing: /destdir/rocm-llvm-7.2.3/usr/include/clang/Rewrite/Frontend/Rewriters.h
-- Installing: /destdir/rocm-llvm-7.2.3/usr/include/clang/Sema
-- Installing: /destdir/rocm-llvm-7.2.3/usr/include/clang/Sema/AnalysisBasedWarnings.h
-- Installing: /destdir/rocm-llvm-7.2.3/usr/include/clang/Sema/Attr.h
-- Installing: /destdir/rocm-llvm-7.2.3/usr/include/clang/Sema/CXXFieldCollector.h
-- Installing: /destdir/rocm-llvm-7.2.3/usr/include/clang/Sema/CleanupInfo.h
-- Installing: /destdir/rocm-llvm-7.2.3/usr/include/clang/Sema/CodeCompleteConsumer.h
-- Installing: /destdir/rocm-llvm-7.2.3/usr/include/clang/Sema/CodeCompleteOptions.h
-- Installing: /destdir/rocm-llvm-7.2.3/usr/include/clang/Sema/DeclSpec.h
-- Installing: /destdir/rocm-llvm-7.2.3/usr/include/clang/Sema/DelayedDiagnostic.h
-- Installing: /destdir/rocm-llvm-7.2.3/usr/include/clang/Sema/Designator.h
-- Installing: /destdir/rocm-llvm-7.2.3/usr/include/clang/Sema/EnterExpressionEvaluationContext.h
-- Installing: /destdir/rocm-llvm-7.2.3/usr/include/clang/Sema/ExternalSemaSource.h
-- Installing: /destdir/rocm-llvm-7.2.3/usr/include/clang/Sema/HLSLExternalSemaSource.h
-- Installing: /destdir/rocm-llvm-7.2.3/usr/include/clang/Sema/HeuristicResolver.h
-- Installing: /destdir/rocm-llvm-7.2.3/usr/include/clang/Sema/IdentifierResolver.h
-- Installing: /destdir/rocm-llvm-7.2.3/usr/include/clang/Sema/Initialization.h
-- Installing: /destdir/rocm-llvm-7.2.3/usr/include/clang/Sema/Lookup.h
-- Installing: /destdir/rocm-llvm-7.2.3/usr/include/clang/Sema/MultiplexExternalSemaSource.h
-- Installing: /destdir/rocm-llvm-7.2.3/usr/include/clang/Sema/ObjCMethodList.h
-- Installing: /destdir/rocm-llvm-7.2.3/usr/include/clang/Sema/Overload.h
-- Installing: /destdir/rocm-llvm-7.2.3/usr/include/clang/Sema/Ownership.h
-- Installing: /destdir/rocm-llvm-7.2.3/usr/include/clang/Sema/ParsedAttr.h
-- Installing: /destdir/rocm-llvm-7.2.3/usr/include/clang/Sema/ParsedTemplate.h
-- Installing: /destdir/rocm-llvm-7.2.3/usr/include/clang/Sema/RISCVIntrinsicManager.h
-- Installing: /destdir/rocm-llvm-7.2.3/usr/include/clang/Sema/Redeclaration.h
-- Installing: /destdir/rocm-llvm-7.2.3/usr/include/clang/Sema/Scope.h
-- Installing: /destdir/rocm-llvm-7.2.3/usr/include/clang/Sema/ScopeInfo.h
-- Installing: /destdir/rocm-llvm-7.2.3/usr/include/clang/Sema/Sema.h
-- Installing: /destdir/rocm-llvm-7.2.3/usr/include/clang/Sema/SemaAMDGPU.h
-- Installing: /destdir/rocm-llvm-7.2.3/usr/include/clang/Sema/SemaARM.h
-- Installing: /destdir/rocm-llvm-7.2.3/usr/include/clang/Sema/SemaAVR.h
-- Installing: /destdir/rocm-llvm-7.2.3/usr/include/clang/Sema/SemaBPF.h
-- Installing: /destdir/rocm-llvm-7.2.3/usr/include/clang/Sema/SemaBase.h
-- Installing: /destdir/rocm-llvm-7.2.3/usr/include/clang/Sema/SemaCUDA.h
-- Installing: /destdir/rocm-llvm-7.2.3/usr/include/clang/Sema/SemaCodeCompletion.h
-- Installing: /destdir/rocm-llvm-7.2.3/usr/include/clang/Sema/SemaConcept.h
-- Installing: /destdir/rocm-llvm-7.2.3/usr/include/clang/Sema/SemaConsumer.h
-- Installing: /destdir/rocm-llvm-7.2.3/usr/include/clang/Sema/SemaDiagnostic.h
-- Installing: /destdir/rocm-llvm-7.2.3/usr/include/clang/Sema/SemaDirectX.h
-- Installing: /destdir/rocm-llvm-7.2.3/usr/include/clang/Sema/SemaFixItUtils.h
-- Installing: /destdir/rocm-llvm-7.2.3/usr/include/clang/Sema/SemaHLSL.h
-- Installing: /destdir/rocm-llvm-7.2.3/usr/include/clang/Sema/SemaHexagon.h
-- Installing: /destdir/rocm-llvm-7.2.3/usr/include/clang/Sema/SemaInternal.h
-- Installing: /destdir/rocm-llvm-7.2.3/usr/include/clang/Sema/SemaLambda.h
-- Installing: /destdir/rocm-llvm-7.2.3/usr/include/clang/Sema/SemaLoongArch.h
-- Installing: /destdir/rocm-llvm-7.2.3/usr/include/clang/Sema/SemaM68k.h
-- Installing: /destdir/rocm-llvm-7.2.3/usr/include/clang/Sema/SemaMIPS.h
-- Installing: /destdir/rocm-llvm-7.2.3/usr/include/clang/Sema/SemaMSP430.h
-- Installing: /destdir/rocm-llvm-7.2.3/usr/include/clang/Sema/SemaNVPTX.h
-- Installing: /destdir/rocm-llvm-7.2.3/usr/include/clang/Sema/SemaObjC.h
-- Installing: /destdir/rocm-llvm-7.2.3/usr/include/clang/Sema/SemaOpenACC.h
-- Installing: /destdir/rocm-llvm-7.2.3/usr/include/clang/Sema/SemaOpenCL.h
-- Installing: /destdir/rocm-llvm-7.2.3/usr/include/clang/Sema/SemaOpenMP.h
-- Installing: /destdir/rocm-llvm-7.2.3/usr/include/clang/Sema/SemaPPC.h
-- Installing: /destdir/rocm-llvm-7.2.3/usr/include/clang/Sema/SemaPseudoObject.h
-- Installing: /destdir/rocm-llvm-7.2.3/usr/include/clang/Sema/SemaRISCV.h
-- Installing: /destdir/rocm-llvm-7.2.3/usr/include/clang/Sema/SemaSPIRV.h
-- Installing: /destdir/rocm-llvm-7.2.3/usr/include/clang/Sema/SemaSYCL.h
-- Installing: /destdir/rocm-llvm-7.2.3/usr/include/clang/Sema/SemaSwift.h
-- Installing: /destdir/rocm-llvm-7.2.3/usr/include/clang/Sema/SemaSystemZ.h
-- Installing: /destdir/rocm-llvm-7.2.3/usr/include/clang/Sema/SemaWasm.h
-- Installing: /destdir/rocm-llvm-7.2.3/usr/include/clang/Sema/SemaX86.h
-- Installing: /destdir/rocm-llvm-7.2.3/usr/include/clang/Sema/Template.h
-- Installing: /destdir/rocm-llvm-7.2.3/usr/include/clang/Sema/TemplateDeduction.h
-- Installing: /destdir/rocm-llvm-7.2.3/usr/include/clang/Sema/TemplateInstCallback.h
-- Installing: /destdir/rocm-llvm-7.2.3/usr/include/clang/Sema/TypoCorrection.h
-- Installing: /destdir/rocm-llvm-7.2.3/usr/include/clang/Sema/Weak.h
-- Installing: /destdir/rocm-llvm-7.2.3/usr/include/clang/Serialization
-- Installing: /destdir/rocm-llvm-7.2.3/usr/include/clang/Serialization/ASTBitCodes.h
-- Installing: /destdir/rocm-llvm-7.2.3/usr/include/clang/Serialization/ASTDeserializationListener.h
-- Installing: /destdir/rocm-llvm-7.2.3/usr/include/clang/Serialization/ASTReader.h
-- Installing: /destdir/rocm-llvm-7.2.3/usr/include/clang/Serialization/ASTRecordReader.h
-- Installing: /destdir/rocm-llvm-7.2.3/usr/include/clang/Serialization/ASTRecordWriter.h
-- Installing: /destdir/rocm-llvm-7.2.3/usr/include/clang/Serialization/ASTWriter.h
-- Installing: /destdir/rocm-llvm-7.2.3/usr/include/clang/Serialization/ContinuousRangeMap.h
-- Installing: /destdir/rocm-llvm-7.2.3/usr/include/clang/Serialization/GlobalModuleIndex.h
-- Installing: /destdir/rocm-llvm-7.2.3/usr/include/clang/Serialization/InMemoryModuleCache.h
-- Installing: /destdir/rocm-llvm-7.2.3/usr/include/clang/Serialization/ModuleCache.h
-- Installing: /destdir/rocm-llvm-7.2.3/usr/include/clang/Serialization/ModuleFile.h
-- Installing: /destdir/rocm-llvm-7.2.3/usr/include/clang/Serialization/ModuleFileExtension.h
-- Installing: /destdir/rocm-llvm-7.2.3/usr/include/clang/Serialization/ModuleManager.h
-- Installing: /destdir/rocm-llvm-7.2.3/usr/include/clang/Serialization/ObjectFilePCHContainerReader.h
-- Installing: /destdir/rocm-llvm-7.2.3/usr/include/clang/Serialization/PCHContainerOperations.h
-- Installing: /destdir/rocm-llvm-7.2.3/usr/include/clang/Serialization/SerializationDiagnostic.h
-- Installing: /destdir/rocm-llvm-7.2.3/usr/include/clang/Serialization/SourceLocationEncoding.h
-- Installing: /destdir/rocm-llvm-7.2.3/usr/include/clang/Serialization/TypeBitCodes.def
-- Installing: /destdir/rocm-llvm-7.2.3/usr/include/clang/StaticAnalyzer
-- Installing: /destdir/rocm-llvm-7.2.3/usr/include/clang/StaticAnalyzer/Checkers
-- Installing: /destdir/rocm-llvm-7.2.3/usr/include/clang/StaticAnalyzer/Checkers/BuiltinCheckerRegistration.h
-- Installing: /destdir/rocm-llvm-7.2.3/usr/include/clang/StaticAnalyzer/Checkers/MPIFunctionClassifier.h
-- Installing: /destdir/rocm-llvm-7.2.3/usr/include/clang/StaticAnalyzer/Checkers/SValExplainer.h
-- Installing: /destdir/rocm-llvm-7.2.3/usr/include/clang/StaticAnalyzer/Checkers/Taint.h
-- Installing: /destdir/rocm-llvm-7.2.3/usr/include/clang/StaticAnalyzer/Core
-- Installing: /destdir/rocm-llvm-7.2.3/usr/include/clang/StaticAnalyzer/Core/Analyses.def
-- Installing: /destdir/rocm-llvm-7.2.3/usr/include/clang/StaticAnalyzer/Core/AnalyzerOptions.def
-- Installing: /destdir/rocm-llvm-7.2.3/usr/include/clang/StaticAnalyzer/Core/AnalyzerOptions.h
-- Installing: /destdir/rocm-llvm-7.2.3/usr/include/clang/StaticAnalyzer/Core/BugReporter
-- Installing: /destdir/rocm-llvm-7.2.3/usr/include/clang/StaticAnalyzer/Core/BugReporter/BugReporter.h
-- Installing: /destdir/rocm-llvm-7.2.3/usr/include/clang/StaticAnalyzer/Core/BugReporter/BugReporterVisitors.h
-- Installing: /destdir/rocm-llvm-7.2.3/usr/include/clang/StaticAnalyzer/Core/BugReporter/BugSuppression.h
-- Installing: /destdir/rocm-llvm-7.2.3/usr/include/clang/StaticAnalyzer/Core/BugReporter/BugType.h
-- Installing: /destdir/rocm-llvm-7.2.3/usr/include/clang/StaticAnalyzer/Core/BugReporter/CommonBugCategories.h
-- Installing: /destdir/rocm-llvm-7.2.3/usr/include/clang/StaticAnalyzer/Core/BugReporter/Z3CrosscheckVisitor.h
-- Installing: /destdir/rocm-llvm-7.2.3/usr/include/clang/StaticAnalyzer/Core/Checker.h
-- Installing: /destdir/rocm-llvm-7.2.3/usr/include/clang/StaticAnalyzer/Core/CheckerManager.h
-- Installing: /destdir/rocm-llvm-7.2.3/usr/include/clang/StaticAnalyzer/Core/CheckerRegistryData.h
-- Installing: /destdir/rocm-llvm-7.2.3/usr/include/clang/StaticAnalyzer/Core/PathDiagnosticConsumers.h
-- Installing: /destdir/rocm-llvm-7.2.3/usr/include/clang/StaticAnalyzer/Core/PathSensitive
-- Installing: /destdir/rocm-llvm-7.2.3/usr/include/clang/StaticAnalyzer/Core/PathSensitive/APSIntPtr.h
-- Installing: /destdir/rocm-llvm-7.2.3/usr/include/clang/StaticAnalyzer/Core/PathSensitive/APSIntType.h
-- Installing: /destdir/rocm-llvm-7.2.3/usr/include/clang/StaticAnalyzer/Core/PathSensitive/AnalysisManager.h
-- Installing: /destdir/rocm-llvm-7.2.3/usr/include/clang/StaticAnalyzer/Core/PathSensitive/BasicValueFactory.h
-- Installing: /destdir/rocm-llvm-7.2.3/usr/include/clang/StaticAnalyzer/Core/PathSensitive/BlockCounter.h
-- Installing: /destdir/rocm-llvm-7.2.3/usr/include/clang/StaticAnalyzer/Core/PathSensitive/CallDescription.h
-- Installing: /destdir/rocm-llvm-7.2.3/usr/include/clang/StaticAnalyzer/Core/PathSensitive/CallEvent.h
-- Installing: /destdir/rocm-llvm-7.2.3/usr/include/clang/StaticAnalyzer/Core/PathSensitive/CheckerContext.h
-- Installing: /destdir/rocm-llvm-7.2.3/usr/include/clang/StaticAnalyzer/Core/PathSensitive/CheckerHelpers.h
-- Installing: /destdir/rocm-llvm-7.2.3/usr/include/clang/StaticAnalyzer/Core/PathSensitive/ConstraintManager.h
-- Installing: /destdir/rocm-llvm-7.2.3/usr/include/clang/StaticAnalyzer/Core/PathSensitive/CoreEngine.h
-- Installing: /destdir/rocm-llvm-7.2.3/usr/include/clang/StaticAnalyzer/Core/PathSensitive/DynamicCastInfo.h
-- Installing: /destdir/rocm-llvm-7.2.3/usr/include/clang/StaticAnalyzer/Core/PathSensitive/DynamicExtent.h
-- Installing: /destdir/rocm-llvm-7.2.3/usr/include/clang/StaticAnalyzer/Core/PathSensitive/DynamicType.h
-- Installing: /destdir/rocm-llvm-7.2.3/usr/include/clang/StaticAnalyzer/Core/PathSensitive/DynamicTypeInfo.h
-- Installing: /destdir/rocm-llvm-7.2.3/usr/include/clang/StaticAnalyzer/Core/PathSensitive/EntryPointStats.h
-- Installing: /destdir/rocm-llvm-7.2.3/usr/include/clang/StaticAnalyzer/Core/PathSensitive/Environment.h
-- Installing: /destdir/rocm-llvm-7.2.3/usr/include/clang/StaticAnalyzer/Core/PathSensitive/ExplodedGraph.h
-- Installing: /destdir/rocm-llvm-7.2.3/usr/include/clang/StaticAnalyzer/Core/PathSensitive/ExprEngine.h
-- Installing: /destdir/rocm-llvm-7.2.3/usr/include/clang/StaticAnalyzer/Core/PathSensitive/FunctionSummary.h
-- Installing: /destdir/rocm-llvm-7.2.3/usr/include/clang/StaticAnalyzer/Core/PathSensitive/LoopUnrolling.h
-- Installing: /destdir/rocm-llvm-7.2.3/usr/include/clang/StaticAnalyzer/Core/PathSensitive/LoopWidening.h
-- Installing: /destdir/rocm-llvm-7.2.3/usr/include/clang/StaticAnalyzer/Core/PathSensitive/MemRegion.h
-- Installing: /destdir/rocm-llvm-7.2.3/usr/include/clang/StaticAnalyzer/Core/PathSensitive/ProgramState.h
-- Installing: /destdir/rocm-llvm-7.2.3/usr/include/clang/StaticAnalyzer/Core/PathSensitive/ProgramStateTrait.h
-- Installing: /destdir/rocm-llvm-7.2.3/usr/include/clang/StaticAnalyzer/Core/PathSensitive/ProgramState_Fwd.h
-- Installing: /destdir/rocm-llvm-7.2.3/usr/include/clang/StaticAnalyzer/Core/PathSensitive/RangedConstraintManager.h
-- Installing: /destdir/rocm-llvm-7.2.3/usr/include/clang/StaticAnalyzer/Core/PathSensitive/Regions.def
-- Installing: /destdir/rocm-llvm-7.2.3/usr/include/clang/StaticAnalyzer/Core/PathSensitive/SMTConstraintManager.h
-- Installing: /destdir/rocm-llvm-7.2.3/usr/include/clang/StaticAnalyzer/Core/PathSensitive/SMTConv.h
-- Installing: /destdir/rocm-llvm-7.2.3/usr/include/clang/StaticAnalyzer/Core/PathSensitive/SValBuilder.h
-- Installing: /destdir/rocm-llvm-7.2.3/usr/include/clang/StaticAnalyzer/Core/PathSensitive/SValVisitor.h
-- Installing: /destdir/rocm-llvm-7.2.3/usr/include/clang/StaticAnalyzer/Core/PathSensitive/SVals.def
-- Installing: /destdir/rocm-llvm-7.2.3/usr/include/clang/StaticAnalyzer/Core/PathSensitive/SVals.h
-- Installing: /destdir/rocm-llvm-7.2.3/usr/include/clang/StaticAnalyzer/Core/PathSensitive/SimpleConstraintManager.h
-- Installing: /destdir/rocm-llvm-7.2.3/usr/include/clang/StaticAnalyzer/Core/PathSensitive/Store.h
-- Installing: /destdir/rocm-llvm-7.2.3/usr/include/clang/StaticAnalyzer/Core/PathSensitive/StoreRef.h
-- Installing: /destdir/rocm-llvm-7.2.3/usr/include/clang/StaticAnalyzer/Core/PathSensitive/SummaryManager.h
-- Installing: /destdir/rocm-llvm-7.2.3/usr/include/clang/StaticAnalyzer/Core/PathSensitive/SymExpr.h
-- Installing: /destdir/rocm-llvm-7.2.3/usr/include/clang/StaticAnalyzer/Core/PathSensitive/SymbolManager.h
-- Installing: /destdir/rocm-llvm-7.2.3/usr/include/clang/StaticAnalyzer/Core/PathSensitive/Symbols.def
-- Installing: /destdir/rocm-llvm-7.2.3/usr/include/clang/StaticAnalyzer/Core/PathSensitive/WorkList.h
-- Installing: /destdir/rocm-llvm-7.2.3/usr/include/clang/StaticAnalyzer/Frontend
-- Installing: /destdir/rocm-llvm-7.2.3/usr/include/clang/StaticAnalyzer/Frontend/AnalysisConsumer.h
-- Installing: /destdir/rocm-llvm-7.2.3/usr/include/clang/StaticAnalyzer/Frontend/AnalyzerHelpFlags.h
-- Installing: /destdir/rocm-llvm-7.2.3/usr/include/clang/StaticAnalyzer/Frontend/CheckerRegistry.h
-- Installing: /destdir/rocm-llvm-7.2.3/usr/include/clang/StaticAnalyzer/Frontend/FrontendActions.h
-- Installing: /destdir/rocm-llvm-7.2.3/usr/include/clang/StaticAnalyzer/Frontend/ModelConsumer.h
-- Installing: /destdir/rocm-llvm-7.2.3/usr/include/clang/Support
-- Installing: /destdir/rocm-llvm-7.2.3/usr/include/clang/Support/Compiler.h
-- Installing: /destdir/rocm-llvm-7.2.3/usr/include/clang/Support/RISCVVIntrinsicUtils.h
-- Installing: /destdir/rocm-llvm-7.2.3/usr/include/clang/Testing
-- Installing: /destdir/rocm-llvm-7.2.3/usr/include/clang/Testing/CommandLineArgs.h
-- Installing: /destdir/rocm-llvm-7.2.3/usr/include/clang/Testing/TestAST.h
-- Installing: /destdir/rocm-llvm-7.2.3/usr/include/clang/Testing/TestClangConfig.h
-- Installing: /destdir/rocm-llvm-7.2.3/usr/include/clang/Testing/TestLanguage.def
-- Installing: /destdir/rocm-llvm-7.2.3/usr/include/clang/Tooling
-- Installing: /destdir/rocm-llvm-7.2.3/usr/include/clang/Tooling/ASTDiff
-- Installing: /destdir/rocm-llvm-7.2.3/usr/include/clang/Tooling/ASTDiff/ASTDiff.h
-- Installing: /destdir/rocm-llvm-7.2.3/usr/include/clang/Tooling/ASTDiff/ASTDiffInternal.h
-- Installing: /destdir/rocm-llvm-7.2.3/usr/include/clang/Tooling/AllTUsExecution.h
-- Installing: /destdir/rocm-llvm-7.2.3/usr/include/clang/Tooling/ArgumentsAdjusters.h
-- Installing: /destdir/rocm-llvm-7.2.3/usr/include/clang/Tooling/CommonOptionsParser.h
-- Installing: /destdir/rocm-llvm-7.2.3/usr/include/clang/Tooling/CompilationDatabase.h
-- Installing: /destdir/rocm-llvm-7.2.3/usr/include/clang/Tooling/CompilationDatabasePluginRegistry.h
-- Installing: /destdir/rocm-llvm-7.2.3/usr/include/clang/Tooling/Core
-- Installing: /destdir/rocm-llvm-7.2.3/usr/include/clang/Tooling/Core/Diagnostic.h
-- Installing: /destdir/rocm-llvm-7.2.3/usr/include/clang/Tooling/Core/Replacement.h
-- Installing: /destdir/rocm-llvm-7.2.3/usr/include/clang/Tooling/DependencyScanning
-- Installing: /destdir/rocm-llvm-7.2.3/usr/include/clang/Tooling/DependencyScanning/DependencyScanningFilesystem.h
-- Installing: /destdir/rocm-llvm-7.2.3/usr/include/clang/Tooling/DependencyScanning/DependencyScanningService.h
-- Installing: /destdir/rocm-llvm-7.2.3/usr/include/clang/Tooling/DependencyScanning/DependencyScanningTool.h
-- Installing: /destdir/rocm-llvm-7.2.3/usr/include/clang/Tooling/DependencyScanning/DependencyScanningWorker.h
-- Installing: /destdir/rocm-llvm-7.2.3/usr/include/clang/Tooling/DependencyScanning/InProcessModuleCache.h
-- Installing: /destdir/rocm-llvm-7.2.3/usr/include/clang/Tooling/DependencyScanning/ModuleDepCollector.h
-- Installing: /destdir/rocm-llvm-7.2.3/usr/include/clang/Tooling/DiagnosticsYaml.h
-- Installing: /destdir/rocm-llvm-7.2.3/usr/include/clang/Tooling/Execution.h
-- Installing: /destdir/rocm-llvm-7.2.3/usr/include/clang/Tooling/FileMatchTrie.h
-- Installing: /destdir/rocm-llvm-7.2.3/usr/include/clang/Tooling/FixIt.h
-- Installing: /destdir/rocm-llvm-7.2.3/usr/include/clang/Tooling/Inclusions
-- Installing: /destdir/rocm-llvm-7.2.3/usr/include/clang/Tooling/Inclusions/HeaderAnalysis.h
-- Installing: /destdir/rocm-llvm-7.2.3/usr/include/clang/Tooling/Inclusions/HeaderIncludes.h
-- Installing: /destdir/rocm-llvm-7.2.3/usr/include/clang/Tooling/Inclusions/IncludeStyle.h
-- Installing: /destdir/rocm-llvm-7.2.3/usr/include/clang/Tooling/Inclusions/StandardLibrary.h
-- Installing: /destdir/rocm-llvm-7.2.3/usr/include/clang/Tooling/JSONCompilationDatabase.h
-- Installing: /destdir/rocm-llvm-7.2.3/usr/include/clang/Tooling/Refactoring.h
-- Installing: /destdir/rocm-llvm-7.2.3/usr/include/clang/Tooling/Refactoring
-- Installing: /destdir/rocm-llvm-7.2.3/usr/include/clang/Tooling/Refactoring/ASTSelection.h
-- Installing: /destdir/rocm-llvm-7.2.3/usr/include/clang/Tooling/Refactoring/AtomicChange.h
-- Installing: /destdir/rocm-llvm-7.2.3/usr/include/clang/Tooling/Refactoring/Extract
-- Installing: /destdir/rocm-llvm-7.2.3/usr/include/clang/Tooling/Refactoring/Extract/Extract.h
-- Installing: /destdir/rocm-llvm-7.2.3/usr/include/clang/Tooling/Refactoring/Extract/SourceExtraction.h
-- Installing: /destdir/rocm-llvm-7.2.3/usr/include/clang/Tooling/Refactoring/Lookup.h
-- Installing: /destdir/rocm-llvm-7.2.3/usr/include/clang/Tooling/Refactoring/RecursiveSymbolVisitor.h
-- Installing: /destdir/rocm-llvm-7.2.3/usr/include/clang/Tooling/Refactoring/RefactoringAction.h
-- Installing: /destdir/rocm-llvm-7.2.3/usr/include/clang/Tooling/Refactoring/RefactoringActionRule.h
-- Installing: /destdir/rocm-llvm-7.2.3/usr/include/clang/Tooling/Refactoring/RefactoringActionRuleRequirements.h
-- Installing: /destdir/rocm-llvm-7.2.3/usr/include/clang/Tooling/Refactoring/RefactoringActionRules.h
-- Installing: /destdir/rocm-llvm-7.2.3/usr/include/clang/Tooling/Refactoring/RefactoringActionRulesInternal.h
-- Installing: /destdir/rocm-llvm-7.2.3/usr/include/clang/Tooling/Refactoring/RefactoringDiagnostic.h
-- Installing: /destdir/rocm-llvm-7.2.3/usr/include/clang/Tooling/Refactoring/RefactoringOption.h
-- Installing: /destdir/rocm-llvm-7.2.3/usr/include/clang/Tooling/Refactoring/RefactoringOptionVisitor.h
-- Installing: /destdir/rocm-llvm-7.2.3/usr/include/clang/Tooling/Refactoring/RefactoringOptions.h
-- Installing: /destdir/rocm-llvm-7.2.3/usr/include/clang/Tooling/Refactoring/RefactoringResultConsumer.h
-- Installing: /destdir/rocm-llvm-7.2.3/usr/include/clang/Tooling/Refactoring/RefactoringRuleContext.h
-- Installing: /destdir/rocm-llvm-7.2.3/usr/include/clang/Tooling/Refactoring/Rename
-- Installing: /destdir/rocm-llvm-7.2.3/usr/include/clang/Tooling/Refactoring/Rename/RenamingAction.h
-- Installing: /destdir/rocm-llvm-7.2.3/usr/include/clang/Tooling/Refactoring/Rename/SymbolName.h
-- Installing: /destdir/rocm-llvm-7.2.3/usr/include/clang/Tooling/Refactoring/Rename/SymbolOccurrences.h
-- Installing: /destdir/rocm-llvm-7.2.3/usr/include/clang/Tooling/Refactoring/Rename/USRFinder.h
-- Installing: /destdir/rocm-llvm-7.2.3/usr/include/clang/Tooling/Refactoring/Rename/USRFindingAction.h
-- Installing: /destdir/rocm-llvm-7.2.3/usr/include/clang/Tooling/Refactoring/Rename/USRLocFinder.h
-- Installing: /destdir/rocm-llvm-7.2.3/usr/include/clang/Tooling/RefactoringCallbacks.h
-- Installing: /destdir/rocm-llvm-7.2.3/usr/include/clang/Tooling/ReplacementsYaml.h
-- Installing: /destdir/rocm-llvm-7.2.3/usr/include/clang/Tooling/StandaloneExecution.h
-- Installing: /destdir/rocm-llvm-7.2.3/usr/include/clang/Tooling/Syntax
-- Installing: /destdir/rocm-llvm-7.2.3/usr/include/clang/Tooling/Syntax/BuildTree.h
-- Installing: /destdir/rocm-llvm-7.2.3/usr/include/clang/Tooling/Syntax/Mutations.h
-- Installing: /destdir/rocm-llvm-7.2.3/usr/include/clang/Tooling/Syntax/Nodes.h
-- Installing: /destdir/rocm-llvm-7.2.3/usr/include/clang/Tooling/Syntax/TokenBufferTokenManager.h
-- Installing: /destdir/rocm-llvm-7.2.3/usr/include/clang/Tooling/Syntax/TokenManager.h
-- Installing: /destdir/rocm-llvm-7.2.3/usr/include/clang/Tooling/Syntax/Tokens.h
-- Installing: /destdir/rocm-llvm-7.2.3/usr/include/clang/Tooling/Syntax/Tree.h
-- Installing: /destdir/rocm-llvm-7.2.3/usr/include/clang/Tooling/ToolExecutorPluginRegistry.h
-- Installing: /destdir/rocm-llvm-7.2.3/usr/include/clang/Tooling/Tooling.h
-- Installing: /destdir/rocm-llvm-7.2.3/usr/include/clang/Tooling/Transformer
-- Installing: /destdir/rocm-llvm-7.2.3/usr/include/clang/Tooling/Transformer/MatchConsumer.h
-- Installing: /destdir/rocm-llvm-7.2.3/usr/include/clang/Tooling/Transformer/Parsing.h
-- Installing: /destdir/rocm-llvm-7.2.3/usr/include/clang/Tooling/Transformer/RangeSelector.h
-- Installing: /destdir/rocm-llvm-7.2.3/usr/include/clang/Tooling/Transformer/RewriteRule.h
-- Installing: /destdir/rocm-llvm-7.2.3/usr/include/clang/Tooling/Transformer/SourceCode.h
-- Installing: /destdir/rocm-llvm-7.2.3/usr/include/clang/Tooling/Transformer/SourceCodeBuilders.h
-- Installing: /destdir/rocm-llvm-7.2.3/usr/include/clang/Tooling/Transformer/Stencil.h
-- Installing: /destdir/rocm-llvm-7.2.3/usr/include/clang/Tooling/Transformer/Transformer.h
-- Installing: /destdir/rocm-llvm-7.2.3/usr/include/clang-c
-- Installing: /destdir/rocm-llvm-7.2.3/usr/include/clang-c/BuildSystem.h
-- Installing: /destdir/rocm-llvm-7.2.3/usr/include/clang-c/CXCompilationDatabase.h
-- Installing: /destdir/rocm-llvm-7.2.3/usr/include/clang-c/CXDiagnostic.h
-- Installing: /destdir/rocm-llvm-7.2.3/usr/include/clang-c/CXErrorCode.h
-- Installing: /destdir/rocm-llvm-7.2.3/usr/include/clang-c/CXFile.h
-- Installing: /destdir/rocm-llvm-7.2.3/usr/include/clang-c/CXSourceLocation.h
-- Installing: /destdir/rocm-llvm-7.2.3/usr/include/clang-c/CXString.h
-- Installing: /destdir/rocm-llvm-7.2.3/usr/include/clang-c/Documentation.h
-- Installing: /destdir/rocm-llvm-7.2.3/usr/include/clang-c/ExternC.h
-- Installing: /destdir/rocm-llvm-7.2.3/usr/include/clang-c/FatalErrorHandler.h
-- Installing: /destdir/rocm-llvm-7.2.3/usr/include/clang-c/Index.h
-- Installing: /destdir/rocm-llvm-7.2.3/usr/include/clang-c/Platform.h
-- Installing: /destdir/rocm-llvm-7.2.3/usr/include/clang-c/Rewrite.h
-- Up-to-date: /destdir/rocm-llvm-7.2.3/usr/include/clang
-- Up-to-date: /destdir/rocm-llvm-7.2.3/usr/include/clang/Basic
-- Installing: /destdir/rocm-llvm-7.2.3/usr/include/clang/Basic/Version.inc
-- Installing: /destdir/rocm-llvm-7.2.3/usr/include/clang/Basic/DiagnosticAnalysisInterface.inc
-- Installing: /destdir/rocm-llvm-7.2.3/usr/include/clang/Basic/DiagnosticAnalysisEnums.inc
-- Installing: /destdir/rocm-llvm-7.2.3/usr/include/clang/Basic/DiagnosticASTKinds.inc
-- Installing: /destdir/rocm-llvm-7.2.3/usr/include/clang/Basic/DiagnosticAnalysisKinds.inc
-- Installing: /destdir/rocm-llvm-7.2.3/usr/include/clang/Basic/DiagnosticAnalysisCompatIDs.inc
-- Installing: /destdir/rocm-llvm-7.2.3/usr/include/clang/Basic/DiagnosticASTEnums.inc
-- Installing: /destdir/rocm-llvm-7.2.3/usr/include/clang/Basic/DiagnosticCommentKinds.inc
-- Installing: /destdir/rocm-llvm-7.2.3/usr/include/clang/Basic/DiagnosticCommentEnums.inc
-- Installing: /destdir/rocm-llvm-7.2.3/usr/include/clang/Basic/DiagnosticASTInterface.inc
-- Installing: /destdir/rocm-llvm-7.2.3/usr/include/clang/Basic/DiagnosticASTCompatIDs.inc
-- Installing: /destdir/rocm-llvm-7.2.3/usr/include/clang/Basic/DiagnosticCommentCompatIDs.inc
-- Installing: /destdir/rocm-llvm-7.2.3/usr/include/clang/Basic/DiagnosticCommentInterface.inc
-- Installing: /destdir/rocm-llvm-7.2.3/usr/include/clang/Basic/DiagnosticCommonKinds.inc
-- Installing: /destdir/rocm-llvm-7.2.3/usr/include/clang/Basic/DiagnosticCommonCompatIDs.inc
-- Installing: /destdir/rocm-llvm-7.2.3/usr/include/clang/Basic/DiagnosticCommonInterface.inc
-- Installing: /destdir/rocm-llvm-7.2.3/usr/include/clang/Basic/DiagnosticCommonEnums.inc
-- Installing: /destdir/rocm-llvm-7.2.3/usr/include/clang/Basic/DiagnosticCrossTUKinds.inc
-- Installing: /destdir/rocm-llvm-7.2.3/usr/include/clang/Basic/DiagnosticCrossTUCompatIDs.inc
-- Installing: /destdir/rocm-llvm-7.2.3/usr/include/clang/Basic/DiagnosticCrossTUInterface.inc
-- Installing: /destdir/rocm-llvm-7.2.3/usr/include/clang/Basic/DiagnosticCrossTUEnums.inc
-- Installing: /destdir/rocm-llvm-7.2.3/usr/include/clang/Basic/DiagnosticDriverKinds.inc
-- Installing: /destdir/rocm-llvm-7.2.3/usr/include/clang/Basic/DiagnosticDriverCompatIDs.inc
-- Installing: /destdir/rocm-llvm-7.2.3/usr/include/clang/Basic/DiagnosticDriverEnums.inc
-- Installing: /destdir/rocm-llvm-7.2.3/usr/include/clang/Basic/DiagnosticDriverInterface.inc
-- Installing: /destdir/rocm-llvm-7.2.3/usr/include/clang/Basic/DiagnosticFrontendKinds.inc
-- Installing: /destdir/rocm-llvm-7.2.3/usr/include/clang/Basic/DiagnosticFrontendInterface.inc
-- Installing: /destdir/rocm-llvm-7.2.3/usr/include/clang/Basic/DiagnosticFrontendCompatIDs.inc
-- Installing: /destdir/rocm-llvm-7.2.3/usr/include/clang/Basic/DiagnosticFrontendEnums.inc
-- Installing: /destdir/rocm-llvm-7.2.3/usr/include/clang/Basic/DiagnosticInstallAPIKinds.inc
-- Installing: /destdir/rocm-llvm-7.2.3/usr/include/clang/Basic/DiagnosticInstallAPICompatIDs.inc
-- Installing: /destdir/rocm-llvm-7.2.3/usr/include/clang/Basic/DiagnosticInstallAPIInterface.inc
-- Installing: /destdir/rocm-llvm-7.2.3/usr/include/clang/Basic/DiagnosticInstallAPIEnums.inc
-- Installing: /destdir/rocm-llvm-7.2.3/usr/include/clang/Basic/DiagnosticLexKinds.inc
-- Installing: /destdir/rocm-llvm-7.2.3/usr/include/clang/Basic/DiagnosticLexCompatIDs.inc
-- Installing: /destdir/rocm-llvm-7.2.3/usr/include/clang/Basic/DiagnosticLexEnums.inc
-- Installing: /destdir/rocm-llvm-7.2.3/usr/include/clang/Basic/DiagnosticLexInterface.inc
-- Installing: /destdir/rocm-llvm-7.2.3/usr/include/clang/Basic/DiagnosticParseKinds.inc
-- Installing: /destdir/rocm-llvm-7.2.3/usr/include/clang/Basic/DiagnosticParseEnums.inc
-- Installing: /destdir/rocm-llvm-7.2.3/usr/include/clang/Basic/DiagnosticParseInterface.inc
-- Installing: /destdir/rocm-llvm-7.2.3/usr/include/clang/Basic/DiagnosticParseCompatIDs.inc
-- Installing: /destdir/rocm-llvm-7.2.3/usr/include/clang/Basic/DiagnosticRefactoringKinds.inc
-- Installing: /destdir/rocm-llvm-7.2.3/usr/include/clang/Basic/DiagnosticRefactoringCompatIDs.inc
-- Installing: /destdir/rocm-llvm-7.2.3/usr/include/clang/Basic/DiagnosticRefactoringInterface.inc
-- Installing: /destdir/rocm-llvm-7.2.3/usr/include/clang/Basic/DiagnosticSemaCompatIDs.inc
-- Installing: /destdir/rocm-llvm-7.2.3/usr/include/clang/Basic/DiagnosticRefactoringEnums.inc
-- Installing: /destdir/rocm-llvm-7.2.3/usr/include/clang/Basic/DiagnosticSemaEnums.inc
-- Installing: /destdir/rocm-llvm-7.2.3/usr/include/clang/Basic/DiagnosticSemaInterface.inc
-- Installing: /destdir/rocm-llvm-7.2.3/usr/include/clang/Basic/DiagnosticSemaKinds.inc
-- Installing: /destdir/rocm-llvm-7.2.3/usr/include/clang/Basic/DiagnosticSerializationKinds.inc
-- Installing: /destdir/rocm-llvm-7.2.3/usr/include/clang/Basic/DiagnosticSerializationInterface.inc
-- Installing: /destdir/rocm-llvm-7.2.3/usr/include/clang/Basic/DiagnosticSerializationEnums.inc
-- Installing: /destdir/rocm-llvm-7.2.3/usr/include/clang/Basic/DiagnosticSerializationCompatIDs.inc
-- Installing: /destdir/rocm-llvm-7.2.3/usr/include/clang/Basic/DiagnosticTrapEnums.inc
-- Installing: /destdir/rocm-llvm-7.2.3/usr/include/clang/Basic/DiagnosticTrapCompatIDs.inc
-- Installing: /destdir/rocm-llvm-7.2.3/usr/include/clang/Basic/DiagnosticTrapKinds.inc
-- Installing: /destdir/rocm-llvm-7.2.3/usr/include/clang/Basic/DiagnosticTrapInterface.inc
-- Installing: /destdir/rocm-llvm-7.2.3/usr/include/clang/Basic/AttrList.inc
-- Installing: /destdir/rocm-llvm-7.2.3/usr/include/clang/Basic/AttrSubMatchRulesList.inc
-- Installing: /destdir/rocm-llvm-7.2.3/usr/include/clang/Basic/AttrParsedAttrList.inc
-- Installing: /destdir/rocm-llvm-7.2.3/usr/include/clang/Basic/DiagnosticIndexName.inc
-- Installing: /destdir/rocm-llvm-7.2.3/usr/include/clang/Basic/DiagnosticAllCompatIDs.inc
-- Installing: /destdir/rocm-llvm-7.2.3/usr/include/clang/Basic/DiagnosticGroups.inc
-- Installing: /destdir/rocm-llvm-7.2.3/usr/include/clang/Basic/RegularKeywordAttrInfo.inc
-- Installing: /destdir/rocm-llvm-7.2.3/usr/include/clang/Basic/CXX11AttributeInfo.inc
-- Installing: /destdir/rocm-llvm-7.2.3/usr/include/clang/Basic/AttrHasAttributeImpl.inc
-- Installing: /destdir/rocm-llvm-7.2.3/usr/include/clang/Basic/BuiltinsBPF.inc
-- Installing: /destdir/rocm-llvm-7.2.3/usr/include/clang/Basic/AttributeSpellingList.inc
-- Installing: /destdir/rocm-llvm-7.2.3/usr/include/clang/Basic/BuiltinsDirectX.inc
-- Installing: /destdir/rocm-llvm-7.2.3/usr/include/clang/Basic/Builtins.inc
-- Installing: /destdir/rocm-llvm-7.2.3/usr/include/clang/Basic/BuiltinsSPIRVCommon.inc
-- Installing: /destdir/rocm-llvm-7.2.3/usr/include/clang/Basic/BuiltinsSPIRVVK.inc
-- Installing: /destdir/rocm-llvm-7.2.3/usr/include/clang/Basic/BuiltinsSPIRVCL.inc
-- Installing: /destdir/rocm-llvm-7.2.3/usr/include/clang/Basic/BuiltinsRISCV.inc
-- Installing: /destdir/rocm-llvm-7.2.3/usr/include/clang/Basic/BuiltinsNVPTX.inc
-- Installing: /destdir/rocm-llvm-7.2.3/usr/include/clang/Basic/BuiltinsHexagon.inc
-- Installing: /destdir/rocm-llvm-7.2.3/usr/include/clang/Basic/BuiltinTemplates.inc
-- Installing: /destdir/rocm-llvm-7.2.3/usr/include/clang/Basic/BuiltinsX86_64.inc
-- Installing: /destdir/rocm-llvm-7.2.3/usr/include/clang/Basic/arm_fp16.inc
-- Installing: /destdir/rocm-llvm-7.2.3/usr/include/clang/Basic/BuiltinsX86.inc
-- Installing: /destdir/rocm-llvm-7.2.3/usr/include/clang/Basic/arm_immcheck_types.inc
-- Installing: /destdir/rocm-llvm-7.2.3/usr/include/clang/Basic/arm_neon.inc
-- Installing: /destdir/rocm-llvm-7.2.3/usr/include/clang/Basic/arm_mve_builtins.inc
-- Installing: /destdir/rocm-llvm-7.2.3/usr/include/clang/Basic/arm_sve_typeflags.inc
-- Installing: /destdir/rocm-llvm-7.2.3/usr/include/clang/Basic/arm_mve_builtin_sema.inc
-- Installing: /destdir/rocm-llvm-7.2.3/usr/include/clang/Basic/arm_mve_builtin_aliases.inc
-- Installing: /destdir/rocm-llvm-7.2.3/usr/include/clang/Basic/arm_mve_builtin_cg.inc
-- Installing: /destdir/rocm-llvm-7.2.3/usr/include/clang/Basic/arm_sme_builtins.inc
-- Installing: /destdir/rocm-llvm-7.2.3/usr/include/clang/Basic/arm_sme_builtin_cg.inc
-- Installing: /destdir/rocm-llvm-7.2.3/usr/include/clang/Basic/arm_sve_streaming_attrs.inc
-- Installing: /destdir/rocm-llvm-7.2.3/usr/include/clang/Basic/arm_sme_sema_rangechecks.inc
-- Installing: /destdir/rocm-llvm-7.2.3/usr/include/clang/Basic/arm_cde_builtins.inc
-- Installing: /destdir/rocm-llvm-7.2.3/usr/include/clang/Basic/arm_sme_streaming_attrs.inc
-- Installing: /destdir/rocm-llvm-7.2.3/usr/include/clang/Basic/arm_sme_builtins_za_state.inc
-- Installing: /destdir/rocm-llvm-7.2.3/usr/include/clang/Basic/arm_cde_builtin_cg.inc
-- Installing: /destdir/rocm-llvm-7.2.3/usr/include/clang/Basic/arm_cde_builtin_sema.inc
-- Installing: /destdir/rocm-llvm-7.2.3/usr/include/clang/Basic/arm_cde_builtin_aliases.inc
-- Installing: /destdir/rocm-llvm-7.2.3/usr/include/clang/Basic/riscv_sifive_vector_builtins.inc
-- Installing: /destdir/rocm-llvm-7.2.3/usr/include/clang/Basic/riscv_sifive_vector_builtin_cg.inc
-- Installing: /destdir/rocm-llvm-7.2.3/usr/include/clang/Basic/riscv_sifive_vector_builtin_sema.inc
-- Installing: /destdir/rocm-llvm-7.2.3/usr/include/clang/Basic/arm_sve_builtin_cg.inc
-- Installing: /destdir/rocm-llvm-7.2.3/usr/include/clang/Basic/riscv_andes_vector_builtins.inc
-- Installing: /destdir/rocm-llvm-7.2.3/usr/include/clang/Basic/riscv_andes_vector_builtin_cg.inc
-- Installing: /destdir/rocm-llvm-7.2.3/usr/include/clang/Basic/riscv_andes_vector_builtin_sema.inc
-- Installing: /destdir/rocm-llvm-7.2.3/usr/include/clang/Basic/arm_sve_builtins.inc
-- Installing: /destdir/rocm-llvm-7.2.3/usr/include/clang/Basic/arm_sve_sema_rangechecks.inc
-- Installing: /destdir/rocm-llvm-7.2.3/usr/include/clang/Basic/riscv_vector_builtins.inc
-- Installing: /destdir/rocm-llvm-7.2.3/usr/include/clang/Basic/riscv_vector_builtin_sema.inc
-- Installing: /destdir/rocm-llvm-7.2.3/usr/include/clang/Basic/riscv_vector_builtin_cg.inc
-- Up-to-date: /destdir/rocm-llvm-7.2.3/usr/include/clang/AST
-- Installing: /destdir/rocm-llvm-7.2.3/usr/include/clang/AST/Attrs.inc
-- Installing: /destdir/rocm-llvm-7.2.3/usr/include/clang/AST/AttrImpl.inc
-- Installing: /destdir/rocm-llvm-7.2.3/usr/include/clang/AST/AttrNodeTraverse.inc
-- Installing: /destdir/rocm-llvm-7.2.3/usr/include/clang/AST/AttrTextNodeDump.inc
-- Installing: /destdir/rocm-llvm-7.2.3/usr/include/clang/AST/AttrVisitor.inc
-- Installing: /destdir/rocm-llvm-7.2.3/usr/include/clang/AST/StmtNodes.inc
-- Installing: /destdir/rocm-llvm-7.2.3/usr/include/clang/AST/TypeNodes.inc
-- Installing: /destdir/rocm-llvm-7.2.3/usr/include/clang/AST/DeclNodes.inc
-- Installing: /destdir/rocm-llvm-7.2.3/usr/include/clang/AST/AbstractBasicReader.inc
-- Installing: /destdir/rocm-llvm-7.2.3/usr/include/clang/AST/AbstractBasicWriter.inc
-- Installing: /destdir/rocm-llvm-7.2.3/usr/include/clang/AST/AbstractTypeReader.inc
-- Installing: /destdir/rocm-llvm-7.2.3/usr/include/clang/AST/AbstractTypeWriter.inc
-- Installing: /destdir/rocm-llvm-7.2.3/usr/include/clang/AST/CommentNodes.inc
-- Installing: /destdir/rocm-llvm-7.2.3/usr/include/clang/AST/CommentHTMLTags.inc
-- Installing: /destdir/rocm-llvm-7.2.3/usr/include/clang/AST/CommentCommandInfo.inc
-- Installing: /destdir/rocm-llvm-7.2.3/usr/include/clang/AST/CommentHTMLTagsProperties.inc
-- Installing: /destdir/rocm-llvm-7.2.3/usr/include/clang/AST/CommentHTMLNamedCharacterReferences.inc
-- Installing: /destdir/rocm-llvm-7.2.3/usr/include/clang/AST/StmtDataCollectors.inc
-- Installing: /destdir/rocm-llvm-7.2.3/usr/include/clang/AST/CommentCommandList.inc
-- Up-to-date: /destdir/rocm-llvm-7.2.3/usr/include/clang/Driver
-- Installing: /destdir/rocm-llvm-7.2.3/usr/include/clang/Driver/Options.inc
-- Up-to-date: /destdir/rocm-llvm-7.2.3/usr/include/clang/Parse
-- Installing: /destdir/rocm-llvm-7.2.3/usr/include/clang/Parse/AttrSubMatchRulesParserStringSwitches.inc
-- Installing: /destdir/rocm-llvm-7.2.3/usr/include/clang/Parse/AttrParserStringSwitches.inc
-- Up-to-date: /destdir/rocm-llvm-7.2.3/usr/include/clang/Sema
-- Installing: /destdir/rocm-llvm-7.2.3/usr/include/clang/Sema/AttrTemplateInstantiate.inc
-- Installing: /destdir/rocm-llvm-7.2.3/usr/include/clang/Sema/AttrSpellingListIndex.inc
-- Installing: /destdir/rocm-llvm-7.2.3/usr/include/clang/Sema/AttrParsedAttrKinds.inc
-- Installing: /destdir/rocm-llvm-7.2.3/usr/include/clang/Sema/AttrParsedAttrImpl.inc
-- Up-to-date: /destdir/rocm-llvm-7.2.3/usr/include/clang/Serialization
-- Installing: /destdir/rocm-llvm-7.2.3/usr/include/clang/Serialization/AttrPCHRead.inc
-- Installing: /destdir/rocm-llvm-7.2.3/usr/include/clang/Serialization/AttrPCHWrite.inc
-- Up-to-date: /destdir/rocm-llvm-7.2.3/usr/include/clang/StaticAnalyzer
-- Up-to-date: /destdir/rocm-llvm-7.2.3/usr/include/clang/StaticAnalyzer/Checkers
-- Installing: /destdir/rocm-llvm-7.2.3/usr/include/clang/StaticAnalyzer/Checkers/Checkers.inc
-- Up-to-date: /destdir/rocm-llvm-7.2.3/usr/include/clang/Tooling
-- Up-to-date: /destdir/rocm-llvm-7.2.3/usr/include/clang/Tooling/Syntax
-- Installing: /destdir/rocm-llvm-7.2.3/usr/include/clang/Tooling/Syntax/Nodes.inc
-- Installing: /destdir/rocm-llvm-7.2.3/usr/include/clang/Tooling/Syntax/NodeClasses.inc
-- Up-to-date: /destdir/rocm-llvm-7.2.3/usr/include/clang/Config
-- Installing: /destdir/rocm-llvm-7.2.3/usr/include/clang/Config/config.h
-- Installing: /destdir/rocm-llvm-7.2.3/usr/share/clang/bash-autocomplete.sh
-- Installing: /destdir/rocm-llvm-7.2.3/usr/bin/clang-tblgen
-- Set non-toolchain portion of runtime path of "/destdir//rocm-llvm-7.2.3/usr/bin/clang-tblgen" to "$ORIGIN/../lib"
-- Installing: /destdir/rocm-llvm-7.2.3/usr/lib/clang/22/include/builtins.h
-- Installing: /destdir/rocm-llvm-7.2.3/usr/lib/clang/22/include/float.h
-- Installing: /destdir/rocm-llvm-7.2.3/usr/lib/clang/22/include/inttypes.h
-- Installing: /destdir/rocm-llvm-7.2.3/usr/lib/clang/22/include/iso646.h
-- Installing: /destdir/rocm-llvm-7.2.3/usr/lib/clang/22/include/limits.h
-- Installing: /destdir/rocm-llvm-7.2.3/usr/lib/clang/22/include/module.modulemap
-- Installing: /destdir/rocm-llvm-7.2.3/usr/lib/clang/22/include/stdalign.h
-- Installing: /destdir/rocm-llvm-7.2.3/usr/lib/clang/22/include/stdarg.h
-- Installing: /destdir/rocm-llvm-7.2.3/usr/lib/clang/22/include/__stdarg___gnuc_va_list.h
-- Installing: /destdir/rocm-llvm-7.2.3/usr/lib/clang/22/include/__stdarg___va_copy.h
-- Installing: /destdir/rocm-llvm-7.2.3/usr/lib/clang/22/include/__stdarg_header_macro.h
-- Installing: /destdir/rocm-llvm-7.2.3/usr/lib/clang/22/include/__stdarg_va_arg.h
-- Installing: /destdir/rocm-llvm-7.2.3/usr/lib/clang/22/include/__stdarg_va_copy.h
-- Installing: /destdir/rocm-llvm-7.2.3/usr/lib/clang/22/include/__stdarg_va_list.h
-- Installing: /destdir/rocm-llvm-7.2.3/usr/lib/clang/22/include/stdatomic.h
-- Installing: /destdir/rocm-llvm-7.2.3/usr/lib/clang/22/include/stdbool.h
-- Installing: /destdir/rocm-llvm-7.2.3/usr/lib/clang/22/include/stdcountof.h
-- Installing: /destdir/rocm-llvm-7.2.3/usr/lib/clang/22/include/stdckdint.h
-- Installing: /destdir/rocm-llvm-7.2.3/usr/lib/clang/22/include/stddef.h
-- Installing: /destdir/rocm-llvm-7.2.3/usr/lib/clang/22/include/__stddef_header_macro.h
-- Installing: /destdir/rocm-llvm-7.2.3/usr/lib/clang/22/include/__stddef_max_align_t.h
-- Installing: /destdir/rocm-llvm-7.2.3/usr/lib/clang/22/include/__stddef_null.h
-- Installing: /destdir/rocm-llvm-7.2.3/usr/lib/clang/22/include/__stddef_nullptr_t.h
-- Installing: /destdir/rocm-llvm-7.2.3/usr/lib/clang/22/include/__stddef_offsetof.h
-- Installing: /destdir/rocm-llvm-7.2.3/usr/lib/clang/22/include/__stddef_ptrdiff_t.h
-- Installing: /destdir/rocm-llvm-7.2.3/usr/lib/clang/22/include/__stddef_rsize_t.h
-- Installing: /destdir/rocm-llvm-7.2.3/usr/lib/clang/22/include/__stddef_size_t.h
-- Installing: /destdir/rocm-llvm-7.2.3/usr/lib/clang/22/include/__stddef_unreachable.h
-- Installing: /destdir/rocm-llvm-7.2.3/usr/lib/clang/22/include/__stddef_wchar_t.h
-- Installing: /destdir/rocm-llvm-7.2.3/usr/lib/clang/22/include/__stddef_wint_t.h
-- Installing: /destdir/rocm-llvm-7.2.3/usr/lib/clang/22/include/stdint.h
-- Installing: /destdir/rocm-llvm-7.2.3/usr/lib/clang/22/include/stdnoreturn.h
-- Installing: /destdir/rocm-llvm-7.2.3/usr/lib/clang/22/include/tgmath.h
-- Installing: /destdir/rocm-llvm-7.2.3/usr/lib/clang/22/include/unwind.h
-- Installing: /destdir/rocm-llvm-7.2.3/usr/lib/clang/22/include/varargs.h
-- Installing: /destdir/rocm-llvm-7.2.3/usr/lib/clang/22/include/arm_acle.h
-- Installing: /destdir/rocm-llvm-7.2.3/usr/lib/clang/22/include/arm_cmse.h
-- Installing: /destdir/rocm-llvm-7.2.3/usr/lib/clang/22/include/armintr.h
-- Installing: /destdir/rocm-llvm-7.2.3/usr/lib/clang/22/include/arm64intr.h
-- Installing: /destdir/rocm-llvm-7.2.3/usr/lib/clang/22/include/arm_neon_sve_bridge.h
-- Installing: /destdir/rocm-llvm-7.2.3/usr/lib/clang/22/include/__clang_cuda_builtin_vars.h
-- Installing: /destdir/rocm-llvm-7.2.3/usr/lib/clang/22/include/__clang_cuda_math.h
-- Installing: /destdir/rocm-llvm-7.2.3/usr/lib/clang/22/include/__clang_cuda_cmath.h
-- Installing: /destdir/rocm-llvm-7.2.3/usr/lib/clang/22/include/__clang_cuda_complex_builtins.h
-- Installing: /destdir/rocm-llvm-7.2.3/usr/lib/clang/22/include/__clang_cuda_device_functions.h
-- Installing: /destdir/rocm-llvm-7.2.3/usr/lib/clang/22/include/__clang_cuda_intrinsics.h
-- Installing: /destdir/rocm-llvm-7.2.3/usr/lib/clang/22/include/__clang_cuda_texture_intrinsics.h
-- Installing: /destdir/rocm-llvm-7.2.3/usr/lib/clang/22/include/__clang_cuda_libdevice_declares.h
-- Installing: /destdir/rocm-llvm-7.2.3/usr/lib/clang/22/include/__clang_cuda_math_forward_declares.h
-- Installing: /destdir/rocm-llvm-7.2.3/usr/lib/clang/22/include/__clang_cuda_runtime_wrapper.h
-- Installing: /destdir/rocm-llvm-7.2.3/usr/lib/clang/22/include/hexagon_circ_brev_intrinsics.h
-- Installing: /destdir/rocm-llvm-7.2.3/usr/lib/clang/22/include/hexagon_protos.h
-- Installing: /destdir/rocm-llvm-7.2.3/usr/lib/clang/22/include/hexagon_types.h
-- Installing: /destdir/rocm-llvm-7.2.3/usr/lib/clang/22/include/hvx_hexagon_protos.h
-- Installing: /destdir/rocm-llvm-7.2.3/usr/lib/clang/22/include/__clang_hip_libdevice_declares.h
-- Installing: /destdir/rocm-llvm-7.2.3/usr/lib/clang/22/include/__clang_hip_cmath.h
-- Installing: /destdir/rocm-llvm-7.2.3/usr/lib/clang/22/include/__clang_hip_math.h
-- Installing: /destdir/rocm-llvm-7.2.3/usr/lib/clang/22/include/__clang_hip_stdlib.h
-- Installing: /destdir/rocm-llvm-7.2.3/usr/lib/clang/22/include/__clang_hip_runtime_wrapper.h
-- Installing: /destdir/rocm-llvm-7.2.3/usr/lib/clang/22/include/larchintrin.h
-- Installing: /destdir/rocm-llvm-7.2.3/usr/lib/clang/22/include/lasxintrin.h
-- Installing: /destdir/rocm-llvm-7.2.3/usr/lib/clang/22/include/lsxintrin.h
-- Installing: /destdir/rocm-llvm-7.2.3/usr/lib/clang/22/include/msa.h
-- Installing: /destdir/rocm-llvm-7.2.3/usr/lib/clang/22/include/opencl-c.h
-- Installing: /destdir/rocm-llvm-7.2.3/usr/lib/clang/22/include/opencl-c-base.h
-- Installing: /destdir/rocm-llvm-7.2.3/usr/lib/clang/22/include/altivec.h
-- Installing: /destdir/rocm-llvm-7.2.3/usr/lib/clang/22/include/htmintrin.h
-- Installing: /destdir/rocm-llvm-7.2.3/usr/lib/clang/22/include/htmxlintrin.h
-- Installing: /destdir/rocm-llvm-7.2.3/usr/lib/clang/22/include/riscv_bitmanip.h
-- Installing: /destdir/rocm-llvm-7.2.3/usr/lib/clang/22/include/riscv_corev_alu.h
-- Installing: /destdir/rocm-llvm-7.2.3/usr/lib/clang/22/include/riscv_crypto.h
-- Installing: /destdir/rocm-llvm-7.2.3/usr/lib/clang/22/include/riscv_nds.h
-- Installing: /destdir/rocm-llvm-7.2.3/usr/lib/clang/22/include/riscv_ntlh.h
-- Installing: /destdir/rocm-llvm-7.2.3/usr/lib/clang/22/include/sifive_vector.h
-- Installing: /destdir/rocm-llvm-7.2.3/usr/lib/clang/22/include/andes_vector.h
-- Installing: /destdir/rocm-llvm-7.2.3/usr/lib/clang/22/include/riscv_mips.h
-- Installing: /destdir/rocm-llvm-7.2.3/usr/lib/clang/22/include/__clang_spirv_builtins.h
-- Installing: /destdir/rocm-llvm-7.2.3/usr/lib/clang/22/include/s390intrin.h
-- Installing: /destdir/rocm-llvm-7.2.3/usr/lib/clang/22/include/vecintrin.h
-- Installing: /destdir/rocm-llvm-7.2.3/usr/lib/clang/22/include/velintrin.h
-- Installing: /destdir/rocm-llvm-7.2.3/usr/lib/clang/22/include/velintrin_gen.h
-- Installing: /destdir/rocm-llvm-7.2.3/usr/lib/clang/22/include/velintrin_approx.h
-- Installing: /destdir/rocm-llvm-7.2.3/usr/lib/clang/22/include/adcintrin.h
-- Installing: /destdir/rocm-llvm-7.2.3/usr/lib/clang/22/include/adxintrin.h
-- Installing: /destdir/rocm-llvm-7.2.3/usr/lib/clang/22/include/ammintrin.h
-- Installing: /destdir/rocm-llvm-7.2.3/usr/lib/clang/22/include/amxavx512intrin.h
-- Installing: /destdir/rocm-llvm-7.2.3/usr/lib/clang/22/include/amxbf16transposeintrin.h
-- Installing: /destdir/rocm-llvm-7.2.3/usr/lib/clang/22/include/amxcomplexintrin.h
-- Installing: /destdir/rocm-llvm-7.2.3/usr/lib/clang/22/include/amxcomplextransposeintrin.h
-- Installing: /destdir/rocm-llvm-7.2.3/usr/lib/clang/22/include/amxfp16intrin.h
-- Installing: /destdir/rocm-llvm-7.2.3/usr/lib/clang/22/include/amxfp16transposeintrin.h
-- Installing: /destdir/rocm-llvm-7.2.3/usr/lib/clang/22/include/amxfp8intrin.h
-- Installing: /destdir/rocm-llvm-7.2.3/usr/lib/clang/22/include/amxintrin.h
-- Installing: /destdir/rocm-llvm-7.2.3/usr/lib/clang/22/include/amxmovrsintrin.h
-- Installing: /destdir/rocm-llvm-7.2.3/usr/lib/clang/22/include/amxmovrstransposeintrin.h
-- Installing: /destdir/rocm-llvm-7.2.3/usr/lib/clang/22/include/amxtf32intrin.h
-- Installing: /destdir/rocm-llvm-7.2.3/usr/lib/clang/22/include/amxtf32transposeintrin.h
-- Installing: /destdir/rocm-llvm-7.2.3/usr/lib/clang/22/include/amxtransposeintrin.h
-- Installing: /destdir/rocm-llvm-7.2.3/usr/lib/clang/22/include/avx10_2_512bf16intrin.h
-- Installing: /destdir/rocm-llvm-7.2.3/usr/lib/clang/22/include/avx10_2_512convertintrin.h
-- Installing: /destdir/rocm-llvm-7.2.3/usr/lib/clang/22/include/avx10_2_512minmaxintrin.h
-- Installing: /destdir/rocm-llvm-7.2.3/usr/lib/clang/22/include/avx10_2_512niintrin.h
-- Installing: /destdir/rocm-llvm-7.2.3/usr/lib/clang/22/include/avx10_2_512satcvtdsintrin.h
-- Installing: /destdir/rocm-llvm-7.2.3/usr/lib/clang/22/include/avx10_2_512satcvtintrin.h
-- Installing: /destdir/rocm-llvm-7.2.3/usr/lib/clang/22/include/avx10_2bf16intrin.h
-- Installing: /destdir/rocm-llvm-7.2.3/usr/lib/clang/22/include/avx10_2convertintrin.h
-- Installing: /destdir/rocm-llvm-7.2.3/usr/lib/clang/22/include/avx10_2copyintrin.h
-- Installing: /destdir/rocm-llvm-7.2.3/usr/lib/clang/22/include/avx10_2minmaxintrin.h
-- Installing: /destdir/rocm-llvm-7.2.3/usr/lib/clang/22/include/avx10_2niintrin.h
-- Installing: /destdir/rocm-llvm-7.2.3/usr/lib/clang/22/include/avx10_2satcvtdsintrin.h
-- Installing: /destdir/rocm-llvm-7.2.3/usr/lib/clang/22/include/avx10_2satcvtintrin.h
-- Installing: /destdir/rocm-llvm-7.2.3/usr/lib/clang/22/include/avx2intrin.h
-- Installing: /destdir/rocm-llvm-7.2.3/usr/lib/clang/22/include/avx512bf16intrin.h
-- Installing: /destdir/rocm-llvm-7.2.3/usr/lib/clang/22/include/avx512bitalgintrin.h
-- Installing: /destdir/rocm-llvm-7.2.3/usr/lib/clang/22/include/avx512bwintrin.h
-- Installing: /destdir/rocm-llvm-7.2.3/usr/lib/clang/22/include/avx512cdintrin.h
-- Installing: /destdir/rocm-llvm-7.2.3/usr/lib/clang/22/include/avx512dqintrin.h
-- Installing: /destdir/rocm-llvm-7.2.3/usr/lib/clang/22/include/avx512fintrin.h
-- Installing: /destdir/rocm-llvm-7.2.3/usr/lib/clang/22/include/avx512fp16intrin.h
-- Installing: /destdir/rocm-llvm-7.2.3/usr/lib/clang/22/include/avx512ifmaintrin.h
-- Installing: /destdir/rocm-llvm-7.2.3/usr/lib/clang/22/include/avx512ifmavlintrin.h
-- Installing: /destdir/rocm-llvm-7.2.3/usr/lib/clang/22/include/avx512vbmi2intrin.h
-- Installing: /destdir/rocm-llvm-7.2.3/usr/lib/clang/22/include/avx512vbmiintrin.h
-- Installing: /destdir/rocm-llvm-7.2.3/usr/lib/clang/22/include/avx512vbmivlintrin.h
-- Installing: /destdir/rocm-llvm-7.2.3/usr/lib/clang/22/include/avx512vlbf16intrin.h
-- Installing: /destdir/rocm-llvm-7.2.3/usr/lib/clang/22/include/avx512vlbitalgintrin.h
-- Installing: /destdir/rocm-llvm-7.2.3/usr/lib/clang/22/include/avx512vlbwintrin.h
-- Installing: /destdir/rocm-llvm-7.2.3/usr/lib/clang/22/include/avx512vlcdintrin.h
-- Installing: /destdir/rocm-llvm-7.2.3/usr/lib/clang/22/include/avx512vldqintrin.h
-- Installing: /destdir/rocm-llvm-7.2.3/usr/lib/clang/22/include/avx512vlfp16intrin.h
-- Installing: /destdir/rocm-llvm-7.2.3/usr/lib/clang/22/include/avx512vlintrin.h
-- Installing: /destdir/rocm-llvm-7.2.3/usr/lib/clang/22/include/avx512vlvbmi2intrin.h
-- Installing: /destdir/rocm-llvm-7.2.3/usr/lib/clang/22/include/avx512vlvnniintrin.h
-- Installing: /destdir/rocm-llvm-7.2.3/usr/lib/clang/22/include/avx512vlvp2intersectintrin.h
-- Installing: /destdir/rocm-llvm-7.2.3/usr/lib/clang/22/include/avx512vnniintrin.h
-- Installing: /destdir/rocm-llvm-7.2.3/usr/lib/clang/22/include/avx512vp2intersectintrin.h
-- Installing: /destdir/rocm-llvm-7.2.3/usr/lib/clang/22/include/avx512vpopcntdqintrin.h
-- Installing: /destdir/rocm-llvm-7.2.3/usr/lib/clang/22/include/avx512vpopcntdqvlintrin.h
-- Installing: /destdir/rocm-llvm-7.2.3/usr/lib/clang/22/include/avxifmaintrin.h
-- Installing: /destdir/rocm-llvm-7.2.3/usr/lib/clang/22/include/avxintrin.h
-- Installing: /destdir/rocm-llvm-7.2.3/usr/lib/clang/22/include/avxneconvertintrin.h
-- Installing: /destdir/rocm-llvm-7.2.3/usr/lib/clang/22/include/avxvnniint16intrin.h
-- Installing: /destdir/rocm-llvm-7.2.3/usr/lib/clang/22/include/avxvnniint8intrin.h
-- Installing: /destdir/rocm-llvm-7.2.3/usr/lib/clang/22/include/avxvnniintrin.h
-- Installing: /destdir/rocm-llvm-7.2.3/usr/lib/clang/22/include/bmi2intrin.h
-- Installing: /destdir/rocm-llvm-7.2.3/usr/lib/clang/22/include/bmiintrin.h
-- Installing: /destdir/rocm-llvm-7.2.3/usr/lib/clang/22/include/cetintrin.h
-- Installing: /destdir/rocm-llvm-7.2.3/usr/lib/clang/22/include/cldemoteintrin.h
-- Installing: /destdir/rocm-llvm-7.2.3/usr/lib/clang/22/include/clflushoptintrin.h
-- Installing: /destdir/rocm-llvm-7.2.3/usr/lib/clang/22/include/clwbintrin.h
-- Installing: /destdir/rocm-llvm-7.2.3/usr/lib/clang/22/include/clzerointrin.h
-- Installing: /destdir/rocm-llvm-7.2.3/usr/lib/clang/22/include/cmpccxaddintrin.h
-- Installing: /destdir/rocm-llvm-7.2.3/usr/lib/clang/22/include/crc32intrin.h
-- Installing: /destdir/rocm-llvm-7.2.3/usr/lib/clang/22/include/emmintrin.h
-- Installing: /destdir/rocm-llvm-7.2.3/usr/lib/clang/22/include/enqcmdintrin.h
-- Installing: /destdir/rocm-llvm-7.2.3/usr/lib/clang/22/include/f16cintrin.h
-- Installing: /destdir/rocm-llvm-7.2.3/usr/lib/clang/22/include/fma4intrin.h
-- Installing: /destdir/rocm-llvm-7.2.3/usr/lib/clang/22/include/fmaintrin.h
-- Installing: /destdir/rocm-llvm-7.2.3/usr/lib/clang/22/include/fxsrintrin.h
-- Installing: /destdir/rocm-llvm-7.2.3/usr/lib/clang/22/include/gfniintrin.h
-- Installing: /destdir/rocm-llvm-7.2.3/usr/lib/clang/22/include/hresetintrin.h
-- Installing: /destdir/rocm-llvm-7.2.3/usr/lib/clang/22/include/ia32intrin.h
-- Installing: /destdir/rocm-llvm-7.2.3/usr/lib/clang/22/include/immintrin.h
-- Installing: /destdir/rocm-llvm-7.2.3/usr/lib/clang/22/include/invpcidintrin.h
-- Installing: /destdir/rocm-llvm-7.2.3/usr/lib/clang/22/include/keylockerintrin.h
-- Installing: /destdir/rocm-llvm-7.2.3/usr/lib/clang/22/include/lwpintrin.h
-- Installing: /destdir/rocm-llvm-7.2.3/usr/lib/clang/22/include/lzcntintrin.h
-- Installing: /destdir/rocm-llvm-7.2.3/usr/lib/clang/22/include/mm3dnow.h
-- Installing: /destdir/rocm-llvm-7.2.3/usr/lib/clang/22/include/mmintrin.h
-- Installing: /destdir/rocm-llvm-7.2.3/usr/lib/clang/22/include/movdirintrin.h
-- Installing: /destdir/rocm-llvm-7.2.3/usr/lib/clang/22/include/movrs_avx10_2_512intrin.h
-- Installing: /destdir/rocm-llvm-7.2.3/usr/lib/clang/22/include/movrs_avx10_2intrin.h
-- Installing: /destdir/rocm-llvm-7.2.3/usr/lib/clang/22/include/movrsintrin.h
-- Installing: /destdir/rocm-llvm-7.2.3/usr/lib/clang/22/include/mwaitxintrin.h
-- Installing: /destdir/rocm-llvm-7.2.3/usr/lib/clang/22/include/nmmintrin.h
-- Installing: /destdir/rocm-llvm-7.2.3/usr/lib/clang/22/include/omp_libmextras.h
-- Up-to-date: /destdir/rocm-llvm-7.2.3/usr/lib/clang/22/include/opencl-c.h
-- Up-to-date: /destdir/rocm-llvm-7.2.3/usr/lib/clang/22/include/opencl-c-base.h
-- Installing: /destdir/rocm-llvm-7.2.3/usr/lib/clang/22/include/pconfigintrin.h
-- Installing: /destdir/rocm-llvm-7.2.3/usr/lib/clang/22/include/pkuintrin.h
-- Installing: /destdir/rocm-llvm-7.2.3/usr/lib/clang/22/include/pmmintrin.h
-- Installing: /destdir/rocm-llvm-7.2.3/usr/lib/clang/22/include/popcntintrin.h
-- Installing: /destdir/rocm-llvm-7.2.3/usr/lib/clang/22/include/prfchiintrin.h
-- Installing: /destdir/rocm-llvm-7.2.3/usr/lib/clang/22/include/prfchwintrin.h
-- Installing: /destdir/rocm-llvm-7.2.3/usr/lib/clang/22/include/ptrauth.h
-- Installing: /destdir/rocm-llvm-7.2.3/usr/lib/clang/22/include/ptwriteintrin.h
-- Installing: /destdir/rocm-llvm-7.2.3/usr/lib/clang/22/include/raointintrin.h
-- Installing: /destdir/rocm-llvm-7.2.3/usr/lib/clang/22/include/rdpruintrin.h
-- Installing: /destdir/rocm-llvm-7.2.3/usr/lib/clang/22/include/rdseedintrin.h
-- Installing: /destdir/rocm-llvm-7.2.3/usr/lib/clang/22/include/rtmintrin.h
-- Installing: /destdir/rocm-llvm-7.2.3/usr/lib/clang/22/include/serializeintrin.h
-- Installing: /destdir/rocm-llvm-7.2.3/usr/lib/clang/22/include/sgxintrin.h
-- Installing: /destdir/rocm-llvm-7.2.3/usr/lib/clang/22/include/sha512intrin.h
-- Installing: /destdir/rocm-llvm-7.2.3/usr/lib/clang/22/include/shaintrin.h
-- Installing: /destdir/rocm-llvm-7.2.3/usr/lib/clang/22/include/sm3intrin.h
-- Installing: /destdir/rocm-llvm-7.2.3/usr/lib/clang/22/include/sm4intrin.h
-- Installing: /destdir/rocm-llvm-7.2.3/usr/lib/clang/22/include/sm4evexintrin.h
-- Installing: /destdir/rocm-llvm-7.2.3/usr/lib/clang/22/include/smmintrin.h
-- Installing: /destdir/rocm-llvm-7.2.3/usr/lib/clang/22/include/tbmintrin.h
-- Installing: /destdir/rocm-llvm-7.2.3/usr/lib/clang/22/include/tmmintrin.h
-- Installing: /destdir/rocm-llvm-7.2.3/usr/lib/clang/22/include/tsxldtrkintrin.h
-- Installing: /destdir/rocm-llvm-7.2.3/usr/lib/clang/22/include/uintrintrin.h
-- Installing: /destdir/rocm-llvm-7.2.3/usr/lib/clang/22/include/usermsrintrin.h
-- Installing: /destdir/rocm-llvm-7.2.3/usr/lib/clang/22/include/vaesintrin.h
-- Installing: /destdir/rocm-llvm-7.2.3/usr/lib/clang/22/include/vpclmulqdqintrin.h
-- Installing: /destdir/rocm-llvm-7.2.3/usr/lib/clang/22/include/waitpkgintrin.h
-- Installing: /destdir/rocm-llvm-7.2.3/usr/lib/clang/22/include/wbnoinvdintrin.h
-- Installing: /destdir/rocm-llvm-7.2.3/usr/lib/clang/22/include/__wmmintrin_aes.h
-- Installing: /destdir/rocm-llvm-7.2.3/usr/lib/clang/22/include/wmmintrin.h
-- Installing: /destdir/rocm-llvm-7.2.3/usr/lib/clang/22/include/__wmmintrin_pclmul.h
-- Installing: /destdir/rocm-llvm-7.2.3/usr/lib/clang/22/include/x86gprintrin.h
-- Installing: /destdir/rocm-llvm-7.2.3/usr/lib/clang/22/include/x86intrin.h
-- Installing: /destdir/rocm-llvm-7.2.3/usr/lib/clang/22/include/xmmintrin.h
-- Installing: /destdir/rocm-llvm-7.2.3/usr/lib/clang/22/include/xopintrin.h
-- Installing: /destdir/rocm-llvm-7.2.3/usr/lib/clang/22/include/xsavecintrin.h
-- Installing: /destdir/rocm-llvm-7.2.3/usr/lib/clang/22/include/xsaveintrin.h
-- Installing: /destdir/rocm-llvm-7.2.3/usr/lib/clang/22/include/xsaveoptintrin.h
-- Installing: /destdir/rocm-llvm-7.2.3/usr/lib/clang/22/include/xsavesintrin.h
-- Installing: /destdir/rocm-llvm-7.2.3/usr/lib/clang/22/include/xtestintrin.h
-- Installing: /destdir/rocm-llvm-7.2.3/usr/lib/clang/22/include/cet.h
-- Installing: /destdir/rocm-llvm-7.2.3/usr/lib/clang/22/include/cpuid.h
-- Installing: /destdir/rocm-llvm-7.2.3/usr/lib/clang/22/include/gpuintrin.h
-- Installing: /destdir/rocm-llvm-7.2.3/usr/lib/clang/22/include/nvptxintrin.h
-- Installing: /destdir/rocm-llvm-7.2.3/usr/lib/clang/22/include/amdgpuintrin.h
-- Installing: /destdir/rocm-llvm-7.2.3/usr/lib/clang/22/include/wasm_simd128.h
-- Installing: /destdir/rocm-llvm-7.2.3/usr/lib/clang/22/include/intrin0.h
-- Installing: /destdir/rocm-llvm-7.2.3/usr/lib/clang/22/include/intrin.h
-- Installing: /destdir/rocm-llvm-7.2.3/usr/lib/clang/22/include/vadefs.h
-- Installing: /destdir/rocm-llvm-7.2.3/usr/lib/clang/22/include/yvals_core.h
-- Installing: /destdir/rocm-llvm-7.2.3/usr/lib/clang/22/include/mm_malloc.h
-- Installing: /destdir/rocm-llvm-7.2.3/usr/lib/clang/22/include/cuda_wrappers/algorithm
-- Installing: /destdir/rocm-llvm-7.2.3/usr/lib/clang/22/include/cuda_wrappers/cmath
-- Installing: /destdir/rocm-llvm-7.2.3/usr/lib/clang/22/include/cuda_wrappers/complex
-- Installing: /destdir/rocm-llvm-7.2.3/usr/lib/clang/22/include/cuda_wrappers/new
-- Installing: /destdir/rocm-llvm-7.2.3/usr/lib/clang/22/include/cuda_wrappers/bits/c++config.h
-- Installing: /destdir/rocm-llvm-7.2.3/usr/lib/clang/22/include/cuda_wrappers/bits/shared_ptr_base.h
-- Installing: /destdir/rocm-llvm-7.2.3/usr/lib/clang/22/include/cuda_wrappers/bits/basic_string.h
-- Installing: /destdir/rocm-llvm-7.2.3/usr/lib/clang/22/include/cuda_wrappers/bits/basic_string.tcc
-- Installing: /destdir/rocm-llvm-7.2.3/usr/lib/clang/22/include/cuda_wrappers/__utility/declval.h
-- Installing: /destdir/rocm-llvm-7.2.3/usr/lib/clang/22/include/ppc_wrappers/mmintrin.h
-- Installing: /destdir/rocm-llvm-7.2.3/usr/lib/clang/22/include/ppc_wrappers/xmmintrin.h
-- Installing: /destdir/rocm-llvm-7.2.3/usr/lib/clang/22/include/ppc_wrappers/mm_malloc.h
-- Installing: /destdir/rocm-llvm-7.2.3/usr/lib/clang/22/include/ppc_wrappers/emmintrin.h
-- Installing: /destdir/rocm-llvm-7.2.3/usr/lib/clang/22/include/ppc_wrappers/pmmintrin.h
-- Installing: /destdir/rocm-llvm-7.2.3/usr/lib/clang/22/include/ppc_wrappers/tmmintrin.h
-- Installing: /destdir/rocm-llvm-7.2.3/usr/lib/clang/22/include/ppc_wrappers/smmintrin.h
-- Installing: /destdir/rocm-llvm-7.2.3/usr/lib/clang/22/include/ppc_wrappers/nmmintrin.h
-- Installing: /destdir/rocm-llvm-7.2.3/usr/lib/clang/22/include/ppc_wrappers/bmiintrin.h
-- Installing: /destdir/rocm-llvm-7.2.3/usr/lib/clang/22/include/ppc_wrappers/bmi2intrin.h
-- Installing: /destdir/rocm-llvm-7.2.3/usr/lib/clang/22/include/ppc_wrappers/immintrin.h
-- Installing: /destdir/rocm-llvm-7.2.3/usr/lib/clang/22/include/ppc_wrappers/x86intrin.h
-- Installing: /destdir/rocm-llvm-7.2.3/usr/lib/clang/22/include/ppc_wrappers/x86gprintrin.h
-- Installing: /destdir/rocm-llvm-7.2.3/usr/lib/clang/22/include/llvm_libc_wrappers/assert.h
-- Installing: /destdir/rocm-llvm-7.2.3/usr/lib/clang/22/include/llvm_libc_wrappers/stdio.h
-- Installing: /destdir/rocm-llvm-7.2.3/usr/lib/clang/22/include/llvm_libc_wrappers/stdlib.h
-- Installing: /destdir/rocm-llvm-7.2.3/usr/lib/clang/22/include/llvm_libc_wrappers/string.h
-- Installing: /destdir/rocm-llvm-7.2.3/usr/lib/clang/22/include/llvm_libc_wrappers/ctype.h
-- Installing: /destdir/rocm-llvm-7.2.3/usr/lib/clang/22/include/llvm_libc_wrappers/inttypes.h
-- Installing: /destdir/rocm-llvm-7.2.3/usr/lib/clang/22/include/llvm_libc_wrappers/time.h
-- Installing: /destdir/rocm-llvm-7.2.3/usr/lib/clang/22/include/openmp_wrappers/math.h
-- Installing: /destdir/rocm-llvm-7.2.3/usr/lib/clang/22/include/openmp_wrappers/cmath
-- Installing: /destdir/rocm-llvm-7.2.3/usr/lib/clang/22/include/openmp_wrappers/complex
-- Installing: /destdir/rocm-llvm-7.2.3/usr/lib/clang/22/include/openmp_wrappers/complex.h
-- Installing: /destdir/rocm-llvm-7.2.3/usr/lib/clang/22/include/openmp_wrappers/__clang_openmp_device_functions.h
-- Installing: /destdir/rocm-llvm-7.2.3/usr/lib/clang/22/include/openmp_wrappers/complex_cmath.h
-- Installing: /destdir/rocm-llvm-7.2.3/usr/lib/clang/22/include/openmp_wrappers/new
-- Installing: /destdir/rocm-llvm-7.2.3/usr/lib/clang/22/include/openmp_wrappers/hip_runtime.h
-- Installing: /destdir/rocm-llvm-7.2.3/usr/lib/clang/22/include/llvm_offload_wrappers/__llvm_offload.h
-- Installing: /destdir/rocm-llvm-7.2.3/usr/lib/clang/22/include/llvm_offload_wrappers/__llvm_offload_host.h
-- Installing: /destdir/rocm-llvm-7.2.3/usr/lib/clang/22/include/llvm_offload_wrappers/__llvm_offload_device.h
-- Installing: /destdir/rocm-llvm-7.2.3/usr/lib/clang/22/include/zos_wrappers/builtins.h
-- Installing: /destdir/rocm-llvm-7.2.3/usr/lib/libclangBasic.a
-- Installing: /destdir/rocm-llvm-7.2.3/usr/lib/libclangAPINotes.a
-- Installing: /destdir/rocm-llvm-7.2.3/usr/lib/libclangLex.a
-- Installing: /destdir/rocm-llvm-7.2.3/usr/lib/libclangParse.a
-- Installing: /destdir/rocm-llvm-7.2.3/usr/lib/libclangAST.a
-- Installing: /destdir/rocm-llvm-7.2.3/usr/lib/libclangDynamicASTMatchers.a
-- Installing: /destdir/rocm-llvm-7.2.3/usr/lib/libclangASTMatchers.a
-- Installing: /destdir/rocm-llvm-7.2.3/usr/lib/libclangCrossTU.a
-- Installing: /destdir/rocm-llvm-7.2.3/usr/lib/libclangSema.a
-- Installing: /destdir/rocm-llvm-7.2.3/usr/lib/libclangCodeGen.a
-- Installing: /destdir/rocm-llvm-7.2.3/usr/lib/libclangAnalysis.a
-- Installing: /destdir/rocm-llvm-7.2.3/usr/lib/libclangAnalysisFlowSensitive.a
-- Installing: /destdir/rocm-llvm-7.2.3/usr/lib/libclangAnalysisFlowSensitiveModels.a
-- Installing: /destdir/rocm-llvm-7.2.3/usr/lib/libclangEdit.a
-- Installing: /destdir/rocm-llvm-7.2.3/usr/lib/libclangExtractAPI.a
-- Installing: /destdir/rocm-llvm-7.2.3/usr/lib/libclangRewrite.a
-- Installing: /destdir/rocm-llvm-7.2.3/usr/lib/libclangDriver.a
-- Installing: /destdir/rocm-llvm-7.2.3/usr/lib/libclangSerialization.a
-- Installing: /destdir/rocm-llvm-7.2.3/usr/lib/libclangRewriteFrontend.a
-- Installing: /destdir/rocm-llvm-7.2.3/usr/lib/libclangFrontend.a
-- Installing: /destdir/rocm-llvm-7.2.3/usr/lib/libclangFrontendTool.a
-- Installing: /destdir/rocm-llvm-7.2.3/usr/lib/libclangToolingCore.a
-- Installing: /destdir/rocm-llvm-7.2.3/usr/lib/libclangToolingInclusions.a
-- Installing: /destdir/rocm-llvm-7.2.3/usr/lib/libclangToolingInclusionsStdlib.a
-- Installing: /destdir/rocm-llvm-7.2.3/usr/lib/libclangToolingRefactoring.a
-- Installing: /destdir/rocm-llvm-7.2.3/usr/lib/libclangToolingASTDiff.a
-- Installing: /destdir/rocm-llvm-7.2.3/usr/lib/libclangToolingSyntax.a
-- Installing: /destdir/rocm-llvm-7.2.3/usr/lib/libclangDependencyScanning.a
-- Installing: /destdir/rocm-llvm-7.2.3/usr/lib/libclangTransformer.a
-- Installing: /destdir/rocm-llvm-7.2.3/usr/lib/libclangTooling.a
-- Installing: /destdir/rocm-llvm-7.2.3/usr/lib/libclangDirectoryWatcher.a
-- Installing: /destdir/rocm-llvm-7.2.3/usr/lib/libclangIndex.a
-- Installing: /destdir/rocm-llvm-7.2.3/usr/lib/libclangIndexSerialization.a
-- Installing: /destdir/rocm-llvm-7.2.3/usr/lib/libclangInstallAPI.a
-- Installing: /destdir/rocm-llvm-7.2.3/usr/lib/libclangStaticAnalyzerCore.a
-- Installing: /destdir/rocm-llvm-7.2.3/usr/lib/libclangStaticAnalyzerCheckers.a
-- Installing: /destdir/rocm-llvm-7.2.3/usr/lib/libclangStaticAnalyzerFrontend.a
-- Installing: /destdir/rocm-llvm-7.2.3/usr/lib/libclangFormat.a
-- Installing: /destdir/rocm-llvm-7.2.3/usr/lib/libclangInterpreter.a
-- Installing: /destdir/rocm-llvm-7.2.3/usr/lib/libclangSupport.a
-- Installing: /destdir/rocm-llvm-7.2.3/usr/bin/diagtool
-- Set non-toolchain portion of runtime path of "/destdir//rocm-llvm-7.2.3/usr/bin/diagtool" to "$ORIGIN/../lib"
-- Installing: /destdir/rocm-llvm-7.2.3/usr/bin/clang-22
-- Installing: /destdir/rocm-llvm-7.2.3/usr/bin/clang
-- Set non-toolchain portion of runtime path of "/destdir//rocm-llvm-7.2.3/usr/bin/clang-22" to "$ORIGIN/../lib"
-- Creating clang++
-- Creating clang-cl
-- Creating clang-cpp
-- Creating flang
-- Installing: /destdir/rocm-llvm-7.2.3/usr/bin/clang-format
-- Set non-toolchain portion of runtime path of "/destdir//rocm-llvm-7.2.3/usr/bin/clang-format" to "$ORIGIN/../lib"
-- Installing: /destdir/rocm-llvm-7.2.3/usr/share/clang/clang-format-bbedit.applescript
-- Installing: /destdir/rocm-llvm-7.2.3/usr/share/clang/clang-format-diff.py
-- Installing: /destdir/rocm-llvm-7.2.3/usr/share/clang/clang-format-sublime.py
-- Installing: /destdir/rocm-llvm-7.2.3/usr/share/clang/clang-format.el
-- Installing: /destdir/rocm-llvm-7.2.3/usr/share/clang/clang-format.py
-- Installing: /destdir/rocm-llvm-7.2.3/usr/bin/git-clang-format
-- Installing: /destdir/rocm-llvm-7.2.3/usr/lib/libclangHandleCXX.a
-- Installing: /destdir/rocm-llvm-7.2.3/usr/lib/libclangHandleLLVM.a
-- Installing: /destdir/rocm-llvm-7.2.3/usr/bin/clang-nvlink-wrapper
-- Set non-toolchain portion of runtime path of "/destdir//rocm-llvm-7.2.3/usr/bin/clang-nvlink-wrapper" to "$ORIGIN/../lib"
-- Installing: /destdir/rocm-llvm-7.2.3/usr/bin/clang-linker-wrapper
-- Set non-toolchain portion of runtime path of "/destdir//rocm-llvm-7.2.3/usr/bin/clang-linker-wrapper" to "$ORIGIN/../lib"
-- Installing: /destdir/rocm-llvm-7.2.3/usr/bin/clang-offload-packager
-- Set non-toolchain portion of runtime path of "/destdir//rocm-llvm-7.2.3/usr/bin/clang-offload-packager" to "$ORIGIN/../lib"
-- Installing: /destdir/rocm-llvm-7.2.3/usr/bin/clang-offload-bundler
-- Set non-toolchain portion of runtime path of "/destdir//rocm-llvm-7.2.3/usr/bin/clang-offload-bundler" to "$ORIGIN/../lib"
-- Installing: /destdir/rocm-llvm-7.2.3/usr/bin/clang-offload-wrapper
-- Set non-toolchain portion of runtime path of "/destdir//rocm-llvm-7.2.3/usr/bin/clang-offload-wrapper" to "$ORIGIN/../lib"
-- Installing: /destdir/rocm-llvm-7.2.3/usr/bin/clang-scan-deps
-- Set non-toolchain portion of runtime path of "/destdir//rocm-llvm-7.2.3/usr/bin/clang-scan-deps" to "$ORIGIN/../lib"
-- Installing: /destdir/rocm-llvm-7.2.3/usr/bin/clang-sycl-linker
-- Set non-toolchain portion of runtime path of "/destdir//rocm-llvm-7.2.3/usr/bin/clang-sycl-linker" to "$ORIGIN/../lib"
-- Installing: /destdir/rocm-llvm-7.2.3/usr/bin/clang-installapi
-- Set non-toolchain portion of runtime path of "/destdir//rocm-llvm-7.2.3/usr/bin/clang-installapi" to "$ORIGIN/../lib"
-- Installing: /destdir/rocm-llvm-7.2.3/usr/bin/clang-repl
-- Set non-toolchain portion of runtime path of "/destdir//rocm-llvm-7.2.3/usr/bin/clang-repl" to "$ORIGIN/../lib"
-- Installing: /destdir/rocm-llvm-7.2.3/usr/bin/clang-build-select-link
-- Set non-toolchain portion of runtime path of "/destdir//rocm-llvm-7.2.3/usr/bin/clang-build-select-link" to "$ORIGIN/../lib"
-- Installing: /destdir/rocm-llvm-7.2.3/usr/bin/c-index-test
-- Set non-toolchain portion of runtime path of "/destdir//rocm-llvm-7.2.3/usr/bin/c-index-test" to "$ORIGIN/../lib"
-- Installing: /destdir/rocm-llvm-7.2.3/usr/bin/clang-refactor
-- Set non-toolchain portion of runtime path of "/destdir//rocm-llvm-7.2.3/usr/bin/clang-refactor" to "$ORIGIN/../lib"
-- Installing: /destdir/rocm-llvm-7.2.3/usr/lib/libclang-cpp.so.22.0git
-- Set non-toolchain portion of runtime path of "/destdir//rocm-llvm-7.2.3/usr/lib/libclang-cpp.so.22.0git" to "$ORIGIN/../lib"
-- Installing: /destdir/rocm-llvm-7.2.3/usr/lib/libclang-cpp.so
-- Installing: /destdir/rocm-llvm-7.2.3/usr/bin/clang-check
-- Set non-toolchain portion of runtime path of "/destdir//rocm-llvm-7.2.3/usr/bin/clang-check" to "$ORIGIN/../lib"
-- Installing: /destdir/rocm-llvm-7.2.3/usr/bin/clang-extdef-mapping
-- Set non-toolchain portion of runtime path of "/destdir//rocm-llvm-7.2.3/usr/bin/clang-extdef-mapping" to "$ORIGIN/../lib"
-- Installing: /destdir/rocm-llvm-7.2.3/usr/bin/scan-build
-- Installing: /destdir/rocm-llvm-7.2.3/usr/libexec/ccc-analyzer
-- Installing: /destdir/rocm-llvm-7.2.3/usr/libexec/c++-analyzer
-- Installing: /destdir/rocm-llvm-7.2.3/usr/share/man/man1/scan-build.1
-- Installing: /destdir/rocm-llvm-7.2.3/usr/share/scan-build/scanview.css
-- Installing: /destdir/rocm-llvm-7.2.3/usr/share/scan-build/sorttable.js
-- Installing: /destdir/rocm-llvm-7.2.3/usr/bin/analyze-build
-- Installing: /destdir/rocm-llvm-7.2.3/usr/bin/intercept-build
-- Installing: /destdir/rocm-llvm-7.2.3/usr/bin/scan-build-py
-- Installing: /destdir/rocm-llvm-7.2.3/usr/libexec/analyze-c++
-- Installing: /destdir/rocm-llvm-7.2.3/usr/libexec/analyze-cc
-- Installing: /destdir/rocm-llvm-7.2.3/usr/libexec/intercept-c++
-- Installing: /destdir/rocm-llvm-7.2.3/usr/libexec/intercept-cc
-- Installing: /destdir/rocm-llvm-7.2.3/usr/lib/libscanbuild/__init__.py
-- Installing: /destdir/rocm-llvm-7.2.3/usr/lib/libscanbuild/analyze.py
-- Installing: /destdir/rocm-llvm-7.2.3/usr/lib/libscanbuild/arguments.py
-- Installing: /destdir/rocm-llvm-7.2.3/usr/lib/libscanbuild/clang.py
-- Installing: /destdir/rocm-llvm-7.2.3/usr/lib/libscanbuild/compilation.py
-- Installing: /destdir/rocm-llvm-7.2.3/usr/lib/libscanbuild/intercept.py
-- Installing: /destdir/rocm-llvm-7.2.3/usr/lib/libscanbuild/report.py
-- Installing: /destdir/rocm-llvm-7.2.3/usr/lib/libscanbuild/shell.py
-- Installing: /destdir/rocm-llvm-7.2.3/usr/lib/libscanbuild/resources/scanview.css
-- Installing: /destdir/rocm-llvm-7.2.3/usr/lib/libscanbuild/resources/selectable.js
-- Installing: /destdir/rocm-llvm-7.2.3/usr/lib/libscanbuild/resources/sorttable.js
-- Installing: /destdir/rocm-llvm-7.2.3/usr/lib/libear/__init__.py
-- Installing: /destdir/rocm-llvm-7.2.3/usr/lib/libear/config.h.in
-- Installing: /destdir/rocm-llvm-7.2.3/usr/lib/libear/ear.c
-- Installing: /destdir/rocm-llvm-7.2.3/usr/bin/scan-view
-- Installing: /destdir/rocm-llvm-7.2.3/usr/share/scan-view/ScanView.py
-- Installing: /destdir/rocm-llvm-7.2.3/usr/share/scan-view/Reporter.py
-- Installing: /destdir/rocm-llvm-7.2.3/usr/share/scan-view/startfile.py
-- Installing: /destdir/rocm-llvm-7.2.3/usr/share/scan-view/bugcatcher.ico
-- Installing: /destdir/rocm-llvm-7.2.3/usr/lib/libclang.so.22.0.0git
-- Installing: /destdir/rocm-llvm-7.2.3/usr/lib/libclang.so.22.0git
-- Set non-toolchain portion of runtime path of "/destdir//rocm-llvm-7.2.3/usr/lib/libclang.so.22.0.0git" to "$ORIGIN/../lib"
-- Installing: /destdir/rocm-llvm-7.2.3/usr/lib/libclang.so
-- Up-to-date: /destdir/rocm-llvm-7.2.3/usr/include/clang-c
-- Up-to-date: /destdir/rocm-llvm-7.2.3/usr/include/clang-c/BuildSystem.h
-- Up-to-date: /destdir/rocm-llvm-7.2.3/usr/include/clang-c/CXCompilationDatabase.h
-- Up-to-date: /destdir/rocm-llvm-7.2.3/usr/include/clang-c/CXDiagnostic.h
-- Up-to-date: /destdir/rocm-llvm-7.2.3/usr/include/clang-c/CXErrorCode.h
-- Up-to-date: /destdir/rocm-llvm-7.2.3/usr/include/clang-c/CXFile.h
-- Up-to-date: /destdir/rocm-llvm-7.2.3/usr/include/clang-c/CXSourceLocation.h
-- Up-to-date: /destdir/rocm-llvm-7.2.3/usr/include/clang-c/CXString.h
-- Up-to-date: /destdir/rocm-llvm-7.2.3/usr/include/clang-c/Documentation.h
-- Up-to-date: /destdir/rocm-llvm-7.2.3/usr/include/clang-c/ExternC.h
-- Up-to-date: /destdir/rocm-llvm-7.2.3/usr/include/clang-c/FatalErrorHandler.h
-- Up-to-date: /destdir/rocm-llvm-7.2.3/usr/include/clang-c/Index.h
-- Up-to-date: /destdir/rocm-llvm-7.2.3/usr/include/clang-c/Platform.h
-- Up-to-date: /destdir/rocm-llvm-7.2.3/usr/include/clang-c/Rewrite.h
-- Installing: /destdir/rocm-llvm-7.2.3/usr/bin/amdllvm
-- Set non-toolchain portion of runtime path of "/destdir//rocm-llvm-7.2.3/usr/bin/amdllvm" to "$ORIGIN/../lib"
-- Creating amdclang
-- Creating amdclang++
-- Creating amdclang-cl
-- Creating amdclang-cpp
-- Creating amdclang-22
-- Creating amdlld
-- Creating amdflang
-- Installing: /destdir/rocm-llvm-7.2.3/usr/bin/offload-arch
-- Set non-toolchain portion of runtime path of "/destdir//rocm-llvm-7.2.3/usr/bin/offload-arch" to "$ORIGIN/../lib"
-- Creating amdgpu-arch
-- Creating nvptx-arch
-- Installing: /destdir/rocm-llvm-7.2.3/usr/lib/cmake/clang/ClangTargets.cmake
-- Installing: /destdir/rocm-llvm-7.2.3/usr/lib/cmake/clang/ClangTargets-release.cmake
-- Installing: /destdir/rocm-llvm-7.2.3/usr/lib/cmake/clang/ClangConfig.cmake
-- Installing: /destdir/rocm-llvm-7.2.3/usr/lib/cmake/clang/ClangConfigVersion.cmake
-- Installing: /destdir/rocm-llvm-7.2.3/usr/lib/cmake/clang/AddClang.cmake
-- Installing: /destdir/rocm-llvm-7.2.3/usr/bin/hmaptool
-- Installing: /destdir/rocm-llvm-7.2.3/usr/bin/bugpoint
-- Set non-toolchain portion of runtime path of "/destdir//rocm-llvm-7.2.3/usr/bin/bugpoint" to "$ORIGIN/../lib"
-- Installing: /destdir/rocm-llvm-7.2.3/usr/bin/dsymutil
-- Set non-toolchain portion of runtime path of "/destdir//rocm-llvm-7.2.3/usr/bin/dsymutil" to "$ORIGIN/../lib"
-- Installing: /destdir/rocm-llvm-7.2.3/usr/bin/llc
-- Set non-toolchain portion of runtime path of "/destdir//rocm-llvm-7.2.3/usr/bin/llc" to "$ORIGIN/../lib"
-- Installing: /destdir/rocm-llvm-7.2.3/usr/bin/lli
-- Set non-toolchain portion of runtime path of "/destdir//rocm-llvm-7.2.3/usr/bin/lli" to "$ORIGIN/../lib"
-- Installing: /destdir/rocm-llvm-7.2.3/usr/bin/llvm-as
-- Set non-toolchain portion of runtime path of "/destdir//rocm-llvm-7.2.3/usr/bin/llvm-as" to "$ORIGIN/../lib"
-- Installing: /destdir/rocm-llvm-7.2.3/usr/bin/llvm-bcanalyzer
-- Set non-toolchain portion of runtime path of "/destdir//rocm-llvm-7.2.3/usr/bin/llvm-bcanalyzer" to "$ORIGIN/../lib"
-- Installing: /destdir/rocm-llvm-7.2.3/usr/bin/llvm-c-test
-- Set non-toolchain portion of runtime path of "/destdir//rocm-llvm-7.2.3/usr/bin/llvm-c-test" to "$ORIGIN/../lib"
-- Installing: /destdir/rocm-llvm-7.2.3/usr/bin/llvm-cat
-- Set non-toolchain portion of runtime path of "/destdir//rocm-llvm-7.2.3/usr/bin/llvm-cat" to "$ORIGIN/../lib"
-- Installing: /destdir/rocm-llvm-7.2.3/usr/bin/llvm-cfi-verify
-- Set non-toolchain portion of runtime path of "/destdir//rocm-llvm-7.2.3/usr/bin/llvm-cfi-verify" to "$ORIGIN/../lib"
-- Installing: /destdir/rocm-llvm-7.2.3/usr/lib/libLLVMCFIVerify.a
-- Installing: /destdir/rocm-llvm-7.2.3/usr/bin/llvm-cgdata
-- Set non-toolchain portion of runtime path of "/destdir//rocm-llvm-7.2.3/usr/bin/llvm-cgdata" to "$ORIGIN/../lib"
-- Installing: /destdir/rocm-llvm-7.2.3/usr/bin/llvm-cov
-- Set non-toolchain portion of runtime path of "/destdir//rocm-llvm-7.2.3/usr/bin/llvm-cov" to "$ORIGIN/../lib"
-- Installing: /destdir/rocm-llvm-7.2.3/usr/bin/llvm-cvtres
-- Set non-toolchain portion of runtime path of "/destdir//rocm-llvm-7.2.3/usr/bin/llvm-cvtres" to "$ORIGIN/../lib"
-- Installing: /destdir/rocm-llvm-7.2.3/usr/bin/llvm-cxxdump
-- Set non-toolchain portion of runtime path of "/destdir//rocm-llvm-7.2.3/usr/bin/llvm-cxxdump" to "$ORIGIN/../lib"
-- Installing: /destdir/rocm-llvm-7.2.3/usr/bin/llvm-cxxfilt
-- Set non-toolchain portion of runtime path of "/destdir//rocm-llvm-7.2.3/usr/bin/llvm-cxxfilt" to "$ORIGIN/../lib"
-- Installing: /destdir/rocm-llvm-7.2.3/usr/bin/llvm-cxxmap
-- Set non-toolchain portion of runtime path of "/destdir//rocm-llvm-7.2.3/usr/bin/llvm-cxxmap" to "$ORIGIN/../lib"
-- Installing: /destdir/rocm-llvm-7.2.3/usr/bin/llvm-debuginfo-analyzer
-- Set non-toolchain portion of runtime path of "/destdir//rocm-llvm-7.2.3/usr/bin/llvm-debuginfo-analyzer" to "$ORIGIN/../lib"
-- Installing: /destdir/rocm-llvm-7.2.3/usr/bin/llvm-debuginfod
-- Set non-toolchain portion of runtime path of "/destdir//rocm-llvm-7.2.3/usr/bin/llvm-debuginfod" to "$ORIGIN/../lib"
-- Installing: /destdir/rocm-llvm-7.2.3/usr/bin/llvm-debuginfod-find
-- Set non-toolchain portion of runtime path of "/destdir//rocm-llvm-7.2.3/usr/bin/llvm-debuginfod-find" to "$ORIGIN/../lib"
-- Installing: /destdir/rocm-llvm-7.2.3/usr/bin/llvm-diff
-- Set non-toolchain portion of runtime path of "/destdir//rocm-llvm-7.2.3/usr/bin/llvm-diff" to "$ORIGIN/../lib"
-- Installing: /destdir/rocm-llvm-7.2.3/usr/lib/libLLVMDiff.a
-- Installing: /destdir/rocm-llvm-7.2.3/usr/bin/llvm-dis
-- Set non-toolchain portion of runtime path of "/destdir//rocm-llvm-7.2.3/usr/bin/llvm-dis" to "$ORIGIN/../lib"
-- Installing: /destdir/rocm-llvm-7.2.3/usr/bin/llvm-dwarfdump
-- Set non-toolchain portion of runtime path of "/destdir//rocm-llvm-7.2.3/usr/bin/llvm-dwarfdump" to "$ORIGIN/../lib"
-- Installing: /destdir/rocm-llvm-7.2.3/usr/bin/llvm-dwarfutil
-- Set non-toolchain portion of runtime path of "/destdir//rocm-llvm-7.2.3/usr/bin/llvm-dwarfutil" to "$ORIGIN/../lib"
-- Installing: /destdir/rocm-llvm-7.2.3/usr/bin/llvm-dwp
-- Set non-toolchain portion of runtime path of "/destdir//rocm-llvm-7.2.3/usr/bin/llvm-dwp" to "$ORIGIN/../lib"
-- Installing: /destdir/rocm-llvm-7.2.3/usr/lib/libLLVMExegesisX86.a
-- Installing: /destdir/rocm-llvm-7.2.3/usr/lib/libLLVMExegesis.a
-- Installing: /destdir/rocm-llvm-7.2.3/usr/bin/llvm-exegesis
-- Set non-toolchain portion of runtime path of "/destdir//rocm-llvm-7.2.3/usr/bin/llvm-exegesis" to "$ORIGIN/../lib"
-- Installing: /destdir/rocm-llvm-7.2.3/usr/bin/llvm-extract
-- Set non-toolchain portion of runtime path of "/destdir//rocm-llvm-7.2.3/usr/bin/llvm-extract" to "$ORIGIN/../lib"
-- Installing: /destdir/rocm-llvm-7.2.3/usr/bin/llvm-gsymutil
-- Set non-toolchain portion of runtime path of "/destdir//rocm-llvm-7.2.3/usr/bin/llvm-gsymutil" to "$ORIGIN/../lib"
-- Installing: /destdir/rocm-llvm-7.2.3/usr/bin/llvm-ifs
-- Set non-toolchain portion of runtime path of "/destdir//rocm-llvm-7.2.3/usr/bin/llvm-ifs" to "$ORIGIN/../lib"
-- Installing: /destdir/rocm-llvm-7.2.3/usr/bin/llvm-ir2vec
-- Set non-toolchain portion of runtime path of "/destdir//rocm-llvm-7.2.3/usr/bin/llvm-ir2vec" to "$ORIGIN/../lib"
-- Installing: /destdir/rocm-llvm-7.2.3/usr/bin/llvm-jitlink
-- Set non-toolchain portion of runtime path of "/destdir//rocm-llvm-7.2.3/usr/bin/llvm-jitlink" to "$ORIGIN/../lib"
-- Installing: /destdir/rocm-llvm-7.2.3/usr/bin/llvm-libtool-darwin
-- Set non-toolchain portion of runtime path of "/destdir//rocm-llvm-7.2.3/usr/bin/llvm-libtool-darwin" to "$ORIGIN/../lib"
-- Installing: /destdir/rocm-llvm-7.2.3/usr/bin/llvm-link
-- Set non-toolchain portion of runtime path of "/destdir//rocm-llvm-7.2.3/usr/bin/llvm-link" to "$ORIGIN/../lib"
-- Installing: /destdir/rocm-llvm-7.2.3/usr/bin/llvm-lipo
-- Set non-toolchain portion of runtime path of "/destdir//rocm-llvm-7.2.3/usr/bin/llvm-lipo" to "$ORIGIN/../lib"
-- Installing: /destdir/rocm-llvm-7.2.3/usr/bin/llvm-lto2
-- Set non-toolchain portion of runtime path of "/destdir//rocm-llvm-7.2.3/usr/bin/llvm-lto2" to "$ORIGIN/../lib"
-- Installing: /destdir/rocm-llvm-7.2.3/usr/bin/llvm-mc
-- Set non-toolchain portion of runtime path of "/destdir//rocm-llvm-7.2.3/usr/bin/llvm-mc" to "$ORIGIN/../lib"
-- Installing: /destdir/rocm-llvm-7.2.3/usr/bin/llvm-mca
-- Set non-toolchain portion of runtime path of "/destdir//rocm-llvm-7.2.3/usr/bin/llvm-mca" to "$ORIGIN/../lib"
-- Installing: /destdir/rocm-llvm-7.2.3/usr/bin/llvm-ml
-- Set non-toolchain portion of runtime path of "/destdir//rocm-llvm-7.2.3/usr/bin/llvm-ml" to "$ORIGIN/../lib"
-- Creating llvm-ml64
-- Installing: /destdir/rocm-llvm-7.2.3/usr/bin/llvm-modextract
-- Set non-toolchain portion of runtime path of "/destdir//rocm-llvm-7.2.3/usr/bin/llvm-modextract" to "$ORIGIN/../lib"
-- Installing: /destdir/rocm-llvm-7.2.3/usr/bin/llvm-nm
-- Set non-toolchain portion of runtime path of "/destdir//rocm-llvm-7.2.3/usr/bin/llvm-nm" to "$ORIGIN/../lib"
-- Installing: /destdir/rocm-llvm-7.2.3/usr/bin/llvm-objcopy
-- Set non-toolchain portion of runtime path of "/destdir//rocm-llvm-7.2.3/usr/bin/llvm-objcopy" to "$ORIGIN/../lib"
-- Creating llvm-install-name-tool
-- Creating llvm-bitcode-strip
-- Creating llvm-strip
-- Installing: /destdir/rocm-llvm-7.2.3/usr/bin/llvm-objdump
-- Set non-toolchain portion of runtime path of "/destdir//rocm-llvm-7.2.3/usr/bin/llvm-objdump" to "$ORIGIN/../lib"
-- Creating llvm-otool
-- Installing: /destdir/rocm-llvm-7.2.3/usr/bin/llvm-offload-wrapper
-- Set non-toolchain portion of runtime path of "/destdir//rocm-llvm-7.2.3/usr/bin/llvm-offload-wrapper" to "$ORIGIN/../lib"
-- Installing: /destdir/rocm-llvm-7.2.3/usr/bin/llvm-opt-report
-- Set non-toolchain portion of runtime path of "/destdir//rocm-llvm-7.2.3/usr/bin/llvm-opt-report" to "$ORIGIN/../lib"
-- Installing: /destdir/rocm-llvm-7.2.3/usr/bin/llvm-pdbutil
-- Set non-toolchain portion of runtime path of "/destdir//rocm-llvm-7.2.3/usr/bin/llvm-pdbutil" to "$ORIGIN/../lib"
-- Installing: /destdir/rocm-llvm-7.2.3/usr/bin/llvm-profgen
-- Set non-toolchain portion of runtime path of "/destdir//rocm-llvm-7.2.3/usr/bin/llvm-profgen" to "$ORIGIN/../lib"
-- Installing: /destdir/rocm-llvm-7.2.3/usr/bin/llvm-rc
-- Set non-toolchain portion of runtime path of "/destdir//rocm-llvm-7.2.3/usr/bin/llvm-rc" to "$ORIGIN/../lib"
-- Creating llvm-windres
-- Installing: /destdir/rocm-llvm-7.2.3/usr/bin/llvm-readobj
-- Set non-toolchain portion of runtime path of "/destdir//rocm-llvm-7.2.3/usr/bin/llvm-readobj" to "$ORIGIN/../lib"
-- Creating llvm-readelf
-- Installing: /destdir/rocm-llvm-7.2.3/usr/bin/llvm-readtapi
-- Set non-toolchain portion of runtime path of "/destdir//rocm-llvm-7.2.3/usr/bin/llvm-readtapi" to "$ORIGIN/../lib"
-- Installing: /destdir/rocm-llvm-7.2.3/usr/bin/llvm-reduce
-- Set non-toolchain portion of runtime path of "/destdir//rocm-llvm-7.2.3/usr/bin/llvm-reduce" to "$ORIGIN/../lib"
-- Installing: /destdir/rocm-llvm-7.2.3/usr/bin/llvm-remarkutil
-- Set non-toolchain portion of runtime path of "/destdir//rocm-llvm-7.2.3/usr/bin/llvm-remarkutil" to "$ORIGIN/../lib"
-- Installing: /destdir/rocm-llvm-7.2.3/usr/bin/llvm-rtdyld
-- Set non-toolchain portion of runtime path of "/destdir//rocm-llvm-7.2.3/usr/bin/llvm-rtdyld" to "$ORIGIN/../lib"
-- Installing: /destdir/rocm-llvm-7.2.3/usr/bin/llvm-sim
-- Set non-toolchain portion of runtime path of "/destdir//rocm-llvm-7.2.3/usr/bin/llvm-sim" to "$ORIGIN/../lib"
-- Installing: /destdir/rocm-llvm-7.2.3/usr/bin/llvm-size
-- Set non-toolchain portion of runtime path of "/destdir//rocm-llvm-7.2.3/usr/bin/llvm-size" to "$ORIGIN/../lib"
-- Installing: /destdir/rocm-llvm-7.2.3/usr/bin/llvm-split
-- Set non-toolchain portion of runtime path of "/destdir//rocm-llvm-7.2.3/usr/bin/llvm-split" to "$ORIGIN/../lib"
-- Installing: /destdir/rocm-llvm-7.2.3/usr/bin/llvm-stress
-- Set non-toolchain portion of runtime path of "/destdir//rocm-llvm-7.2.3/usr/bin/llvm-stress" to "$ORIGIN/../lib"
-- Installing: /destdir/rocm-llvm-7.2.3/usr/bin/llvm-strings
-- Set non-toolchain portion of runtime path of "/destdir//rocm-llvm-7.2.3/usr/bin/llvm-strings" to "$ORIGIN/../lib"
-- Installing: /destdir/rocm-llvm-7.2.3/usr/bin/llvm-symbolizer
-- Set non-toolchain portion of runtime path of "/destdir//rocm-llvm-7.2.3/usr/bin/llvm-symbolizer" to "$ORIGIN/../lib"
-- Creating llvm-addr2line
-- Installing: /destdir/rocm-llvm-7.2.3/usr/bin/llvm-tli-checker
-- Set non-toolchain portion of runtime path of "/destdir//rocm-llvm-7.2.3/usr/bin/llvm-tli-checker" to "$ORIGIN/../lib"
-- Installing: /destdir/rocm-llvm-7.2.3/usr/bin/llvm-undname
-- Set non-toolchain portion of runtime path of "/destdir//rocm-llvm-7.2.3/usr/bin/llvm-undname" to "$ORIGIN/../lib"
-- Installing: /destdir/rocm-llvm-7.2.3/usr/bin/llvm-xray
-- Set non-toolchain portion of runtime path of "/destdir//rocm-llvm-7.2.3/usr/bin/llvm-xray" to "$ORIGIN/../lib"
-- Installing: /destdir/rocm-llvm-7.2.3/usr/lib/libLLVMOptDriver.a
-- Installing: /destdir/rocm-llvm-7.2.3/usr/bin/opt
-- Set non-toolchain portion of runtime path of "/destdir//rocm-llvm-7.2.3/usr/bin/opt" to "$ORIGIN/../lib"
-- Installing: /destdir/rocm-llvm-7.2.3/usr/share/opt-viewer/opt-diff.py
-- Installing: /destdir/rocm-llvm-7.2.3/usr/share/opt-viewer/opt-stats.py
-- Installing: /destdir/rocm-llvm-7.2.3/usr/share/opt-viewer/opt-viewer.py
-- Installing: /destdir/rocm-llvm-7.2.3/usr/share/opt-viewer/optpmap.py
-- Installing: /destdir/rocm-llvm-7.2.3/usr/share/opt-viewer/optrecord.py
-- Installing: /destdir/rocm-llvm-7.2.3/usr/share/opt-viewer/style.css
-- Installing: /destdir/rocm-llvm-7.2.3/usr/bin/reduce-chunk-list
-- Set non-toolchain portion of runtime path of "/destdir//rocm-llvm-7.2.3/usr/bin/reduce-chunk-list" to "$ORIGIN/../lib"
-- Installing: /destdir/rocm-llvm-7.2.3/usr/lib/libRemarks.so.22.0git
-- Set non-toolchain portion of runtime path of "/destdir//rocm-llvm-7.2.3/usr/lib/libRemarks.so.22.0git" to "$ORIGIN/../lib"
-- Installing: /destdir/rocm-llvm-7.2.3/usr/lib/libRemarks.so
-- Installing: /destdir/rocm-llvm-7.2.3/usr/include/llvm-c/Remarks.h
-- Installing: /destdir/rocm-llvm-7.2.3/usr/bin/sancov
-- Set non-toolchain portion of runtime path of "/destdir//rocm-llvm-7.2.3/usr/bin/sancov" to "$ORIGIN/../lib"
-- Installing: /destdir/rocm-llvm-7.2.3/usr/bin/sanstats
-- Set non-toolchain portion of runtime path of "/destdir//rocm-llvm-7.2.3/usr/bin/sanstats" to "$ORIGIN/../lib"
-- Installing: /destdir/rocm-llvm-7.2.3/usr/bin/verify-uselistorder
-- Set non-toolchain portion of runtime path of "/destdir//rocm-llvm-7.2.3/usr/bin/verify-uselistorder" to "$ORIGIN/../lib"
-- Installing: /destdir/rocm-llvm-7.2.3/usr/lib/cmake/llvm/LLVMExports.cmake
-- Installing: /destdir/rocm-llvm-7.2.3/usr/lib/cmake/llvm/LLVMExports-release.cmake
-- Installing: /destdir/rocm-llvm-7.2.3/usr/lib/cmake/llvm/LLVMConfig.cmake
-- Installing: /destdir/rocm-llvm-7.2.3/usr/lib/cmake/llvm/LLVMConfigVersion.cmake
-- Installing: /destdir/rocm-llvm-7.2.3/usr/lib/cmake/llvm/LLVM-Config.cmake
-- Up-to-date: /destdir/rocm-llvm-7.2.3/usr/lib/cmake/llvm/.
-- Installing: /destdir/rocm-llvm-7.2.3/usr/lib/cmake/llvm/./AddLLVM.cmake
-- Installing: /destdir/rocm-llvm-7.2.3/usr/lib/cmake/llvm/./AddOCaml.cmake
-- Installing: /destdir/rocm-llvm-7.2.3/usr/lib/cmake/llvm/./AddSphinxTarget.cmake
-- Installing: /destdir/rocm-llvm-7.2.3/usr/lib/cmake/llvm/./CheckAtomic.cmake
-- Installing: /destdir/rocm-llvm-7.2.3/usr/lib/cmake/llvm/./CheckCompilerVersion.cmake
-- Installing: /destdir/rocm-llvm-7.2.3/usr/lib/cmake/llvm/./CheckProblematicConfigurations.cmake
-- Installing: /destdir/rocm-llvm-7.2.3/usr/lib/cmake/llvm/./CoverageReport.cmake
-- Installing: /destdir/rocm-llvm-7.2.3/usr/lib/cmake/llvm/./CrossCompile.cmake
-- Installing: /destdir/rocm-llvm-7.2.3/usr/lib/cmake/llvm/./DetermineGCCCompatible.cmake
-- Installing: /destdir/rocm-llvm-7.2.3/usr/lib/cmake/llvm/./FileLock.cmake
-- Installing: /destdir/rocm-llvm-7.2.3/usr/lib/cmake/llvm/./FindFFI.cmake
-- Installing: /destdir/rocm-llvm-7.2.3/usr/lib/cmake/llvm/./FindLibEdit.cmake
-- Installing: /destdir/rocm-llvm-7.2.3/usr/lib/cmake/llvm/./FindLibpfm.cmake
-- Installing: /destdir/rocm-llvm-7.2.3/usr/lib/cmake/llvm/./FindOCaml.cmake
-- Installing: /destdir/rocm-llvm-7.2.3/usr/lib/cmake/llvm/./FindSphinx.cmake
-- Installing: /destdir/rocm-llvm-7.2.3/usr/lib/cmake/llvm/./FindZ3.cmake
-- Installing: /destdir/rocm-llvm-7.2.3/usr/lib/cmake/llvm/./Findzstd.cmake
-- Installing: /destdir/rocm-llvm-7.2.3/usr/lib/cmake/llvm/./GenerateVersionFromVCS.cmake
-- Installing: /destdir/rocm-llvm-7.2.3/usr/lib/cmake/llvm/./GetErrcMessages.cmake
-- Installing: /destdir/rocm-llvm-7.2.3/usr/lib/cmake/llvm/./GetLibraryName.cmake
-- Installing: /destdir/rocm-llvm-7.2.3/usr/lib/cmake/llvm/./HandleLLVMOptions.cmake
-- Installing: /destdir/rocm-llvm-7.2.3/usr/lib/cmake/llvm/./HandleLLVMStdlib.cmake
-- Installing: /destdir/rocm-llvm-7.2.3/usr/lib/cmake/llvm/./LLVM-Build.cmake
-- Installing: /destdir/rocm-llvm-7.2.3/usr/lib/cmake/llvm/./LLVMDistributionSupport.cmake
-- Installing: /destdir/rocm-llvm-7.2.3/usr/lib/cmake/llvm/./LLVMExternalProjectUtils.cmake
-- Installing: /destdir/rocm-llvm-7.2.3/usr/lib/cmake/llvm/./LLVMInstallSymlink.cmake
-- Installing: /destdir/rocm-llvm-7.2.3/usr/lib/cmake/llvm/./LLVMProcessSources.cmake
-- Installing: /destdir/rocm-llvm-7.2.3/usr/lib/cmake/llvm/./TableGen.cmake
-- Installing: /destdir/rocm-llvm-7.2.3/usr/lib/cmake/llvm/./TensorFlowCompile.cmake
-- Installing: /destdir/rocm-llvm-7.2.3/usr/lib/cmake/llvm/./UseLibtool.cmake
-- Installing: /destdir/rocm-llvm-7.2.3/usr/lib/cmake/llvm/./VersionFromVCS.cmake
-- Installing: /destdir/rocm-llvm-7.2.3/usr/lib/cmake/llvm/./llvm-driver-template.cpp.in
-- Installing: /destdir/rocm-llvm-7.2.3/usr/include/llvm
-- Installing: /destdir/rocm-llvm-7.2.3/usr/include/llvm/ADT
-- Installing: /destdir/rocm-llvm-7.2.3/usr/include/llvm/ADT/ADL.h
-- Installing: /destdir/rocm-llvm-7.2.3/usr/include/llvm/ADT/APFixedPoint.h
-- Installing: /destdir/rocm-llvm-7.2.3/usr/include/llvm/ADT/APFloat.h
-- Installing: /destdir/rocm-llvm-7.2.3/usr/include/llvm/ADT/APInt.h
-- Installing: /destdir/rocm-llvm-7.2.3/usr/include/llvm/ADT/APSInt.h
-- Installing: /destdir/rocm-llvm-7.2.3/usr/include/llvm/ADT/AddressRanges.h
-- Installing: /destdir/rocm-llvm-7.2.3/usr/include/llvm/ADT/AllocatorList.h
-- Installing: /destdir/rocm-llvm-7.2.3/usr/include/llvm/ADT/Any.h
-- Installing: /destdir/rocm-llvm-7.2.3/usr/include/llvm/ADT/ArrayRef.h
-- Installing: /destdir/rocm-llvm-7.2.3/usr/include/llvm/ADT/BitVector.h
-- Installing: /destdir/rocm-llvm-7.2.3/usr/include/llvm/ADT/Bitfields.h
-- Installing: /destdir/rocm-llvm-7.2.3/usr/include/llvm/ADT/BitmaskEnum.h
-- Installing: /destdir/rocm-llvm-7.2.3/usr/include/llvm/ADT/Bitset.h
-- Installing: /destdir/rocm-llvm-7.2.3/usr/include/llvm/ADT/BreadthFirstIterator.h
-- Installing: /destdir/rocm-llvm-7.2.3/usr/include/llvm/ADT/CachedHashString.h
-- Installing: /destdir/rocm-llvm-7.2.3/usr/include/llvm/ADT/CoalescingBitVector.h
-- Installing: /destdir/rocm-llvm-7.2.3/usr/include/llvm/ADT/CombinationGenerator.h
-- Installing: /destdir/rocm-llvm-7.2.3/usr/include/llvm/ADT/ConcurrentHashtable.h
-- Installing: /destdir/rocm-llvm-7.2.3/usr/include/llvm/ADT/DAGDeltaAlgorithm.h
-- Installing: /destdir/rocm-llvm-7.2.3/usr/include/llvm/ADT/DeltaAlgorithm.h
-- Installing: /destdir/rocm-llvm-7.2.3/usr/include/llvm/ADT/DeltaTree.h
-- Installing: /destdir/rocm-llvm-7.2.3/usr/include/llvm/ADT/DenseMap.h
-- Installing: /destdir/rocm-llvm-7.2.3/usr/include/llvm/ADT/DenseMapInfo.h
-- Installing: /destdir/rocm-llvm-7.2.3/usr/include/llvm/ADT/DenseMapInfoVariant.h
-- Installing: /destdir/rocm-llvm-7.2.3/usr/include/llvm/ADT/DenseSet.h
-- Installing: /destdir/rocm-llvm-7.2.3/usr/include/llvm/ADT/DepthFirstIterator.h
-- Installing: /destdir/rocm-llvm-7.2.3/usr/include/llvm/ADT/DirectedGraph.h
-- Installing: /destdir/rocm-llvm-7.2.3/usr/include/llvm/ADT/DynamicAPInt.h
-- Installing: /destdir/rocm-llvm-7.2.3/usr/include/llvm/ADT/EnumeratedArray.h
-- Installing: /destdir/rocm-llvm-7.2.3/usr/include/llvm/ADT/EpochTracker.h
-- Installing: /destdir/rocm-llvm-7.2.3/usr/include/llvm/ADT/EquivalenceClasses.h
-- Installing: /destdir/rocm-llvm-7.2.3/usr/include/llvm/ADT/FloatingPointMode.h
-- Installing: /destdir/rocm-llvm-7.2.3/usr/include/llvm/ADT/FoldingSet.h
-- Installing: /destdir/rocm-llvm-7.2.3/usr/include/llvm/ADT/FunctionExtras.h
-- Installing: /destdir/rocm-llvm-7.2.3/usr/include/llvm/ADT/GenericConvergenceVerifier.h
-- Installing: /destdir/rocm-llvm-7.2.3/usr/include/llvm/ADT/GenericCycleImpl.h
-- Installing: /destdir/rocm-llvm-7.2.3/usr/include/llvm/ADT/GenericCycleInfo.h
-- Installing: /destdir/rocm-llvm-7.2.3/usr/include/llvm/ADT/GenericSSAContext.h
-- Installing: /destdir/rocm-llvm-7.2.3/usr/include/llvm/ADT/GenericUniformityImpl.h
-- Installing: /destdir/rocm-llvm-7.2.3/usr/include/llvm/ADT/GenericUniformityInfo.h
-- Installing: /destdir/rocm-llvm-7.2.3/usr/include/llvm/ADT/GraphTraits.h
-- Installing: /destdir/rocm-llvm-7.2.3/usr/include/llvm/ADT/Hashing.h
-- Installing: /destdir/rocm-llvm-7.2.3/usr/include/llvm/ADT/ImmutableList.h
-- Installing: /destdir/rocm-llvm-7.2.3/usr/include/llvm/ADT/ImmutableMap.h
-- Installing: /destdir/rocm-llvm-7.2.3/usr/include/llvm/ADT/ImmutableSet.h
-- Installing: /destdir/rocm-llvm-7.2.3/usr/include/llvm/ADT/IndexedMap.h
-- Installing: /destdir/rocm-llvm-7.2.3/usr/include/llvm/ADT/IntEqClasses.h
-- Installing: /destdir/rocm-llvm-7.2.3/usr/include/llvm/ADT/IntervalMap.h
-- Installing: /destdir/rocm-llvm-7.2.3/usr/include/llvm/ADT/IntervalTree.h
-- Installing: /destdir/rocm-llvm-7.2.3/usr/include/llvm/ADT/IntrusiveRefCntPtr.h
-- Installing: /destdir/rocm-llvm-7.2.3/usr/include/llvm/ADT/IntrusiveVariant.h
-- Installing: /destdir/rocm-llvm-7.2.3/usr/include/llvm/ADT/LazyAtomicPointer.h
-- Installing: /destdir/rocm-llvm-7.2.3/usr/include/llvm/ADT/MapVector.h
-- Installing: /destdir/rocm-llvm-7.2.3/usr/include/llvm/ADT/PackedVector.h
-- Installing: /destdir/rocm-llvm-7.2.3/usr/include/llvm/ADT/PagedVector.h
-- Installing: /destdir/rocm-llvm-7.2.3/usr/include/llvm/ADT/PointerEmbeddedInt.h
-- Installing: /destdir/rocm-llvm-7.2.3/usr/include/llvm/ADT/PointerIntPair.h
-- Installing: /destdir/rocm-llvm-7.2.3/usr/include/llvm/ADT/PointerSumType.h
-- Installing: /destdir/rocm-llvm-7.2.3/usr/include/llvm/ADT/PointerUnion.h
-- Installing: /destdir/rocm-llvm-7.2.3/usr/include/llvm/ADT/PostOrderIterator.h
-- Installing: /destdir/rocm-llvm-7.2.3/usr/include/llvm/ADT/PriorityQueue.h
-- Installing: /destdir/rocm-llvm-7.2.3/usr/include/llvm/ADT/PriorityWorklist.h
-- Installing: /destdir/rocm-llvm-7.2.3/usr/include/llvm/ADT/RewriteBuffer.h
-- Installing: /destdir/rocm-llvm-7.2.3/usr/include/llvm/ADT/RewriteRope.h
-- Installing: /destdir/rocm-llvm-7.2.3/usr/include/llvm/ADT/SCCIterator.h
-- Installing: /destdir/rocm-llvm-7.2.3/usr/include/llvm/ADT/STLExtras.h
-- Installing: /destdir/rocm-llvm-7.2.3/usr/include/llvm/ADT/STLForwardCompat.h
-- Installing: /destdir/rocm-llvm-7.2.3/usr/include/llvm/ADT/STLFunctionalExtras.h
-- Installing: /destdir/rocm-llvm-7.2.3/usr/include/llvm/ADT/ScopeExit.h
-- Installing: /destdir/rocm-llvm-7.2.3/usr/include/llvm/ADT/ScopedHashTable.h
-- Installing: /destdir/rocm-llvm-7.2.3/usr/include/llvm/ADT/Sequence.h
-- Installing: /destdir/rocm-llvm-7.2.3/usr/include/llvm/ADT/SetOperations.h
-- Installing: /destdir/rocm-llvm-7.2.3/usr/include/llvm/ADT/SetVector.h
-- Installing: /destdir/rocm-llvm-7.2.3/usr/include/llvm/ADT/SlowDynamicAPInt.h
-- Installing: /destdir/rocm-llvm-7.2.3/usr/include/llvm/ADT/SmallBitVector.h
-- Installing: /destdir/rocm-llvm-7.2.3/usr/include/llvm/ADT/SmallPtrSet.h
-- Installing: /destdir/rocm-llvm-7.2.3/usr/include/llvm/ADT/SmallSet.h
-- Installing: /destdir/rocm-llvm-7.2.3/usr/include/llvm/ADT/SmallString.h
-- Installing: /destdir/rocm-llvm-7.2.3/usr/include/llvm/ADT/SmallVector.h
-- Installing: /destdir/rocm-llvm-7.2.3/usr/include/llvm/ADT/SmallVectorExtras.h
-- Installing: /destdir/rocm-llvm-7.2.3/usr/include/llvm/ADT/SparseBitVector.h
-- Installing: /destdir/rocm-llvm-7.2.3/usr/include/llvm/ADT/SparseMultiSet.h
-- Installing: /destdir/rocm-llvm-7.2.3/usr/include/llvm/ADT/SparseSet.h
-- Installing: /destdir/rocm-llvm-7.2.3/usr/include/llvm/ADT/StableHashing.h
-- Installing: /destdir/rocm-llvm-7.2.3/usr/include/llvm/ADT/Statistic.h
-- Installing: /destdir/rocm-llvm-7.2.3/usr/include/llvm/ADT/StringExtras.h
-- Installing: /destdir/rocm-llvm-7.2.3/usr/include/llvm/ADT/StringMap.h
-- Installing: /destdir/rocm-llvm-7.2.3/usr/include/llvm/ADT/StringMapEntry.h
-- Installing: /destdir/rocm-llvm-7.2.3/usr/include/llvm/ADT/StringRef.h
-- Installing: /destdir/rocm-llvm-7.2.3/usr/include/llvm/ADT/StringSet.h
-- Installing: /destdir/rocm-llvm-7.2.3/usr/include/llvm/ADT/StringSwitch.h
-- Installing: /destdir/rocm-llvm-7.2.3/usr/include/llvm/ADT/StringTable.h
-- Installing: /destdir/rocm-llvm-7.2.3/usr/include/llvm/ADT/TinyPtrVector.h
-- Installing: /destdir/rocm-llvm-7.2.3/usr/include/llvm/ADT/TrieHashIndexGenerator.h
-- Installing: /destdir/rocm-llvm-7.2.3/usr/include/llvm/ADT/TrieRawHashMap.h
-- Installing: /destdir/rocm-llvm-7.2.3/usr/include/llvm/ADT/Twine.h
-- Installing: /destdir/rocm-llvm-7.2.3/usr/include/llvm/ADT/TypeSwitch.h
-- Installing: /destdir/rocm-llvm-7.2.3/usr/include/llvm/ADT/Uniformity.h
-- Installing: /destdir/rocm-llvm-7.2.3/usr/include/llvm/ADT/UniqueVector.h
-- Installing: /destdir/rocm-llvm-7.2.3/usr/include/llvm/ADT/VariantTraits.h
-- Installing: /destdir/rocm-llvm-7.2.3/usr/include/llvm/ADT/bit.h
-- Installing: /destdir/rocm-llvm-7.2.3/usr/include/llvm/ADT/edit_distance.h
-- Installing: /destdir/rocm-llvm-7.2.3/usr/include/llvm/ADT/fallible_iterator.h
-- Installing: /destdir/rocm-llvm-7.2.3/usr/include/llvm/ADT/identity.h
-- Installing: /destdir/rocm-llvm-7.2.3/usr/include/llvm/ADT/ilist.h
-- Installing: /destdir/rocm-llvm-7.2.3/usr/include/llvm/ADT/ilist_base.h
-- Installing: /destdir/rocm-llvm-7.2.3/usr/include/llvm/ADT/ilist_iterator.h
-- Installing: /destdir/rocm-llvm-7.2.3/usr/include/llvm/ADT/ilist_node.h
-- Installing: /destdir/rocm-llvm-7.2.3/usr/include/llvm/ADT/ilist_node_base.h
-- Installing: /destdir/rocm-llvm-7.2.3/usr/include/llvm/ADT/ilist_node_options.h
-- Installing: /destdir/rocm-llvm-7.2.3/usr/include/llvm/ADT/iterator.h
-- Installing: /destdir/rocm-llvm-7.2.3/usr/include/llvm/ADT/iterator_range.h
-- Installing: /destdir/rocm-llvm-7.2.3/usr/include/llvm/ADT/simple_ilist.h
-- Installing: /destdir/rocm-llvm-7.2.3/usr/include/llvm/Analysis
-- Installing: /destdir/rocm-llvm-7.2.3/usr/include/llvm/Analysis/AliasAnalysis.h
-- Installing: /destdir/rocm-llvm-7.2.3/usr/include/llvm/Analysis/AliasAnalysisEvaluator.h
-- Installing: /destdir/rocm-llvm-7.2.3/usr/include/llvm/Analysis/AliasSetTracker.h
-- Installing: /destdir/rocm-llvm-7.2.3/usr/include/llvm/Analysis/AssumeBundleQueries.h
-- Installing: /destdir/rocm-llvm-7.2.3/usr/include/llvm/Analysis/AssumptionCache.h
-- Installing: /destdir/rocm-llvm-7.2.3/usr/include/llvm/Analysis/BasicAliasAnalysis.h
-- Installing: /destdir/rocm-llvm-7.2.3/usr/include/llvm/Analysis/BlockFrequencyInfo.h
-- Installing: /destdir/rocm-llvm-7.2.3/usr/include/llvm/Analysis/BlockFrequencyInfoImpl.h
-- Installing: /destdir/rocm-llvm-7.2.3/usr/include/llvm/Analysis/BranchProbabilityInfo.h
-- Installing: /destdir/rocm-llvm-7.2.3/usr/include/llvm/Analysis/CFG.h
-- Installing: /destdir/rocm-llvm-7.2.3/usr/include/llvm/Analysis/CFGPrinter.h
-- Installing: /destdir/rocm-llvm-7.2.3/usr/include/llvm/Analysis/CFGSCCPrinter.h
-- Installing: /destdir/rocm-llvm-7.2.3/usr/include/llvm/Analysis/CGSCCPassManager.h
-- Installing: /destdir/rocm-llvm-7.2.3/usr/include/llvm/Analysis/CallGraph.h
-- Installing: /destdir/rocm-llvm-7.2.3/usr/include/llvm/Analysis/CallGraphSCCPass.h
-- Installing: /destdir/rocm-llvm-7.2.3/usr/include/llvm/Analysis/CallPrinter.h
-- Installing: /destdir/rocm-llvm-7.2.3/usr/include/llvm/Analysis/CaptureTracking.h
-- Installing: /destdir/rocm-llvm-7.2.3/usr/include/llvm/Analysis/CmpInstAnalysis.h
-- Installing: /destdir/rocm-llvm-7.2.3/usr/include/llvm/Analysis/CodeMetrics.h
-- Installing: /destdir/rocm-llvm-7.2.3/usr/include/llvm/Analysis/ConstantFolding.h
-- Installing: /destdir/rocm-llvm-7.2.3/usr/include/llvm/Analysis/ConstraintSystem.h
-- Installing: /destdir/rocm-llvm-7.2.3/usr/include/llvm/Analysis/CostModel.h
-- Installing: /destdir/rocm-llvm-7.2.3/usr/include/llvm/Analysis/CtxProfAnalysis.h
-- Installing: /destdir/rocm-llvm-7.2.3/usr/include/llvm/Analysis/CycleAnalysis.h
-- Installing: /destdir/rocm-llvm-7.2.3/usr/include/llvm/Analysis/DDG.h
-- Installing: /destdir/rocm-llvm-7.2.3/usr/include/llvm/Analysis/DDGPrinter.h
-- Installing: /destdir/rocm-llvm-7.2.3/usr/include/llvm/Analysis/DOTGraphTraitsPass.h
-- Installing: /destdir/rocm-llvm-7.2.3/usr/include/llvm/Analysis/DXILMetadataAnalysis.h
-- Installing: /destdir/rocm-llvm-7.2.3/usr/include/llvm/Analysis/DXILResource.h
-- Installing: /destdir/rocm-llvm-7.2.3/usr/include/llvm/Analysis/Delinearization.h
-- Installing: /destdir/rocm-llvm-7.2.3/usr/include/llvm/Analysis/DemandedBits.h
-- Installing: /destdir/rocm-llvm-7.2.3/usr/include/llvm/Analysis/DependenceAnalysis.h
-- Installing: /destdir/rocm-llvm-7.2.3/usr/include/llvm/Analysis/DependenceGraphBuilder.h
-- Installing: /destdir/rocm-llvm-7.2.3/usr/include/llvm/Analysis/DomConditionCache.h
-- Installing: /destdir/rocm-llvm-7.2.3/usr/include/llvm/Analysis/DomPrinter.h
-- Installing: /destdir/rocm-llvm-7.2.3/usr/include/llvm/Analysis/DomTreeUpdater.h
-- Installing: /destdir/rocm-llvm-7.2.3/usr/include/llvm/Analysis/DominanceFrontier.h
-- Installing: /destdir/rocm-llvm-7.2.3/usr/include/llvm/Analysis/DominanceFrontierImpl.h
-- Installing: /destdir/rocm-llvm-7.2.3/usr/include/llvm/Analysis/EHUtils.h
-- Installing: /destdir/rocm-llvm-7.2.3/usr/include/llvm/Analysis/EphemeralValuesCache.h
-- Installing: /destdir/rocm-llvm-7.2.3/usr/include/llvm/Analysis/FloatingPointPredicateUtils.h
-- Installing: /destdir/rocm-llvm-7.2.3/usr/include/llvm/Analysis/FunctionPropertiesAnalysis.h
-- Installing: /destdir/rocm-llvm-7.2.3/usr/include/llvm/Analysis/GenericDomTreeUpdater.h
-- Installing: /destdir/rocm-llvm-7.2.3/usr/include/llvm/Analysis/GenericDomTreeUpdaterImpl.h
-- Installing: /destdir/rocm-llvm-7.2.3/usr/include/llvm/Analysis/GlobalsModRef.h
-- Installing: /destdir/rocm-llvm-7.2.3/usr/include/llvm/Analysis/GuardUtils.h
-- Installing: /destdir/rocm-llvm-7.2.3/usr/include/llvm/Analysis/HashRecognize.h
-- Installing: /destdir/rocm-llvm-7.2.3/usr/include/llvm/Analysis/HeatUtils.h
-- Installing: /destdir/rocm-llvm-7.2.3/usr/include/llvm/Analysis/IR2Vec.h
-- Installing: /destdir/rocm-llvm-7.2.3/usr/include/llvm/Analysis/IRSimilarityIdentifier.h
-- Installing: /destdir/rocm-llvm-7.2.3/usr/include/llvm/Analysis/IVDescriptors.h
-- Installing: /destdir/rocm-llvm-7.2.3/usr/include/llvm/Analysis/IVUsers.h
-- Installing: /destdir/rocm-llvm-7.2.3/usr/include/llvm/Analysis/IndirectCallPromotionAnalysis.h
-- Installing: /destdir/rocm-llvm-7.2.3/usr/include/llvm/Analysis/IndirectCallVisitor.h
-- Installing: /destdir/rocm-llvm-7.2.3/usr/include/llvm/Analysis/InlineAdvisor.h
-- Installing: /destdir/rocm-llvm-7.2.3/usr/include/llvm/Analysis/InlineCost.h
-- Installing: /destdir/rocm-llvm-7.2.3/usr/include/llvm/Analysis/InlineModelFeatureMaps.h
-- Installing: /destdir/rocm-llvm-7.2.3/usr/include/llvm/Analysis/InlineOrder.h
-- Installing: /destdir/rocm-llvm-7.2.3/usr/include/llvm/Analysis/InlineSizeEstimatorAnalysis.h
-- Installing: /destdir/rocm-llvm-7.2.3/usr/include/llvm/Analysis/InstCount.h
-- Installing: /destdir/rocm-llvm-7.2.3/usr/include/llvm/Analysis/InstSimplifyFolder.h
-- Installing: /destdir/rocm-llvm-7.2.3/usr/include/llvm/Analysis/InstructionPrecedenceTracking.h
-- Installing: /destdir/rocm-llvm-7.2.3/usr/include/llvm/Analysis/InstructionSimplify.h
-- Installing: /destdir/rocm-llvm-7.2.3/usr/include/llvm/Analysis/InteractiveModelRunner.h
-- Installing: /destdir/rocm-llvm-7.2.3/usr/include/llvm/Analysis/InterestingMemoryOperand.h
-- Installing: /destdir/rocm-llvm-7.2.3/usr/include/llvm/Analysis/IteratedDominanceFrontier.h
-- Installing: /destdir/rocm-llvm-7.2.3/usr/include/llvm/Analysis/KernelInfo.h
-- Installing: /destdir/rocm-llvm-7.2.3/usr/include/llvm/Analysis/LastRunTrackingAnalysis.h
-- Installing: /destdir/rocm-llvm-7.2.3/usr/include/llvm/Analysis/LazyBlockFrequencyInfo.h
-- Installing: /destdir/rocm-llvm-7.2.3/usr/include/llvm/Analysis/LazyBranchProbabilityInfo.h
-- Installing: /destdir/rocm-llvm-7.2.3/usr/include/llvm/Analysis/LazyCallGraph.h
-- Installing: /destdir/rocm-llvm-7.2.3/usr/include/llvm/Analysis/LazyValueInfo.h
-- Installing: /destdir/rocm-llvm-7.2.3/usr/include/llvm/Analysis/Lint.h
-- Installing: /destdir/rocm-llvm-7.2.3/usr/include/llvm/Analysis/Loads.h
-- Installing: /destdir/rocm-llvm-7.2.3/usr/include/llvm/Analysis/LoopAccessAnalysis.h
-- Installing: /destdir/rocm-llvm-7.2.3/usr/include/llvm/Analysis/LoopAnalysisManager.h
-- Installing: /destdir/rocm-llvm-7.2.3/usr/include/llvm/Analysis/LoopCacheAnalysis.h
-- Installing: /destdir/rocm-llvm-7.2.3/usr/include/llvm/Analysis/LoopInfo.h
-- Installing: /destdir/rocm-llvm-7.2.3/usr/include/llvm/Analysis/LoopIterator.h
-- Installing: /destdir/rocm-llvm-7.2.3/usr/include/llvm/Analysis/LoopNestAnalysis.h
-- Installing: /destdir/rocm-llvm-7.2.3/usr/include/llvm/Analysis/LoopPass.h
-- Installing: /destdir/rocm-llvm-7.2.3/usr/include/llvm/Analysis/LoopUnrollAnalyzer.h
-- Installing: /destdir/rocm-llvm-7.2.3/usr/include/llvm/Analysis/MLInlineAdvisor.h
-- Installing: /destdir/rocm-llvm-7.2.3/usr/include/llvm/Analysis/MLModelRunner.h
-- Installing: /destdir/rocm-llvm-7.2.3/usr/include/llvm/Analysis/MemDerefPrinter.h
-- Installing: /destdir/rocm-llvm-7.2.3/usr/include/llvm/Analysis/MemoryBuiltins.h
-- Installing: /destdir/rocm-llvm-7.2.3/usr/include/llvm/Analysis/MemoryDependenceAnalysis.h
-- Installing: /destdir/rocm-llvm-7.2.3/usr/include/llvm/Analysis/MemoryLocation.h
-- Installing: /destdir/rocm-llvm-7.2.3/usr/include/llvm/Analysis/MemoryProfileInfo.h
-- Installing: /destdir/rocm-llvm-7.2.3/usr/include/llvm/Analysis/MemorySSA.h
-- Installing: /destdir/rocm-llvm-7.2.3/usr/include/llvm/Analysis/MemorySSAUpdater.h
-- Installing: /destdir/rocm-llvm-7.2.3/usr/include/llvm/Analysis/ModelUnderTrainingRunner.h
-- Installing: /destdir/rocm-llvm-7.2.3/usr/include/llvm/Analysis/ModuleDebugInfoPrinter.h
-- Installing: /destdir/rocm-llvm-7.2.3/usr/include/llvm/Analysis/ModuleSummaryAnalysis.h
-- Installing: /destdir/rocm-llvm-7.2.3/usr/include/llvm/Analysis/MustExecute.h
-- Installing: /destdir/rocm-llvm-7.2.3/usr/include/llvm/Analysis/NoInferenceModelRunner.h
-- Installing: /destdir/rocm-llvm-7.2.3/usr/include/llvm/Analysis/ObjCARCAliasAnalysis.h
-- Installing: /destdir/rocm-llvm-7.2.3/usr/include/llvm/Analysis/ObjCARCAnalysisUtils.h
-- Installing: /destdir/rocm-llvm-7.2.3/usr/include/llvm/Analysis/ObjCARCInstKind.h
-- Installing: /destdir/rocm-llvm-7.2.3/usr/include/llvm/Analysis/ObjCARCUtil.h
-- Installing: /destdir/rocm-llvm-7.2.3/usr/include/llvm/Analysis/OptimizationRemarkEmitter.h
-- Installing: /destdir/rocm-llvm-7.2.3/usr/include/llvm/Analysis/OverflowInstAnalysis.h
-- Installing: /destdir/rocm-llvm-7.2.3/usr/include/llvm/Analysis/PHITransAddr.h
-- Installing: /destdir/rocm-llvm-7.2.3/usr/include/llvm/Analysis/Passes.h
-- Installing: /destdir/rocm-llvm-7.2.3/usr/include/llvm/Analysis/PhiValues.h
-- Installing: /destdir/rocm-llvm-7.2.3/usr/include/llvm/Analysis/PostDominators.h
-- Installing: /destdir/rocm-llvm-7.2.3/usr/include/llvm/Analysis/ProfileSummaryInfo.h
-- Installing: /destdir/rocm-llvm-7.2.3/usr/include/llvm/Analysis/PtrUseVisitor.h
-- Installing: /destdir/rocm-llvm-7.2.3/usr/include/llvm/Analysis/RegionInfo.h
-- Installing: /destdir/rocm-llvm-7.2.3/usr/include/llvm/Analysis/RegionInfoImpl.h
-- Installing: /destdir/rocm-llvm-7.2.3/usr/include/llvm/Analysis/RegionIterator.h
-- Installing: /destdir/rocm-llvm-7.2.3/usr/include/llvm/Analysis/RegionPass.h
-- Installing: /destdir/rocm-llvm-7.2.3/usr/include/llvm/Analysis/RegionPrinter.h
-- Installing: /destdir/rocm-llvm-7.2.3/usr/include/llvm/Analysis/ReleaseModeModelRunner.h
-- Installing: /destdir/rocm-llvm-7.2.3/usr/include/llvm/Analysis/ReplayInlineAdvisor.h
-- Installing: /destdir/rocm-llvm-7.2.3/usr/include/llvm/Analysis/ScalarEvolution.h
-- Installing: /destdir/rocm-llvm-7.2.3/usr/include/llvm/Analysis/ScalarEvolutionAliasAnalysis.h
-- Installing: /destdir/rocm-llvm-7.2.3/usr/include/llvm/Analysis/ScalarEvolutionDivision.h
-- Installing: /destdir/rocm-llvm-7.2.3/usr/include/llvm/Analysis/ScalarEvolutionExpressions.h
-- Installing: /destdir/rocm-llvm-7.2.3/usr/include/llvm/Analysis/ScalarEvolutionNormalization.h
-- Installing: /destdir/rocm-llvm-7.2.3/usr/include/llvm/Analysis/ScalarEvolutionPatternMatch.h
-- Installing: /destdir/rocm-llvm-7.2.3/usr/include/llvm/Analysis/ScalarFuncs.def
-- Installing: /destdir/rocm-llvm-7.2.3/usr/include/llvm/Analysis/ScopedNoAliasAA.h
-- Installing: /destdir/rocm-llvm-7.2.3/usr/include/llvm/Analysis/SimplifyQuery.h
-- Installing: /destdir/rocm-llvm-7.2.3/usr/include/llvm/Analysis/SparsePropagation.h
-- Installing: /destdir/rocm-llvm-7.2.3/usr/include/llvm/Analysis/StackLifetime.h
-- Installing: /destdir/rocm-llvm-7.2.3/usr/include/llvm/Analysis/StackSafetyAnalysis.h
-- Installing: /destdir/rocm-llvm-7.2.3/usr/include/llvm/Analysis/StaticDataProfileInfo.h
-- Installing: /destdir/rocm-llvm-7.2.3/usr/include/llvm/Analysis/StructuralHash.h
-- Installing: /destdir/rocm-llvm-7.2.3/usr/include/llvm/Analysis/SyntheticCountsUtils.h
-- Installing: /destdir/rocm-llvm-7.2.3/usr/include/llvm/Analysis/TargetFolder.h
-- Installing: /destdir/rocm-llvm-7.2.3/usr/include/llvm/Analysis/TargetLibraryInfo.def
-- Installing: /destdir/rocm-llvm-7.2.3/usr/include/llvm/Analysis/TargetLibraryInfo.h
-- Installing: /destdir/rocm-llvm-7.2.3/usr/include/llvm/Analysis/TargetTransformInfo.h
-- Installing: /destdir/rocm-llvm-7.2.3/usr/include/llvm/Analysis/TargetTransformInfoImpl.h
-- Installing: /destdir/rocm-llvm-7.2.3/usr/include/llvm/Analysis/TensorSpec.h
-- Installing: /destdir/rocm-llvm-7.2.3/usr/include/llvm/Analysis/Trace.h
-- Installing: /destdir/rocm-llvm-7.2.3/usr/include/llvm/Analysis/TypeBasedAliasAnalysis.h
-- Installing: /destdir/rocm-llvm-7.2.3/usr/include/llvm/Analysis/TypeMetadataUtils.h
-- Installing: /destdir/rocm-llvm-7.2.3/usr/include/llvm/Analysis/UniformityAnalysis.h
-- Installing: /destdir/rocm-llvm-7.2.3/usr/include/llvm/Analysis/Utils
-- Installing: /destdir/rocm-llvm-7.2.3/usr/include/llvm/Analysis/Utils/ImportedFunctionsInliningStatistics.h
-- Installing: /destdir/rocm-llvm-7.2.3/usr/include/llvm/Analysis/Utils/Local.h
-- Installing: /destdir/rocm-llvm-7.2.3/usr/include/llvm/Analysis/Utils/TFUtils.h
-- Installing: /destdir/rocm-llvm-7.2.3/usr/include/llvm/Analysis/Utils/TrainingLogger.h
-- Installing: /destdir/rocm-llvm-7.2.3/usr/include/llvm/Analysis/ValueLattice.h
-- Installing: /destdir/rocm-llvm-7.2.3/usr/include/llvm/Analysis/ValueLatticeUtils.h
-- Installing: /destdir/rocm-llvm-7.2.3/usr/include/llvm/Analysis/ValueTracking.h
-- Installing: /destdir/rocm-llvm-7.2.3/usr/include/llvm/Analysis/VecFuncs.def
-- Installing: /destdir/rocm-llvm-7.2.3/usr/include/llvm/Analysis/VectorUtils.h
-- Installing: /destdir/rocm-llvm-7.2.3/usr/include/llvm/Analysis/WithCache.h
-- Installing: /destdir/rocm-llvm-7.2.3/usr/include/llvm/AsmParser
-- Installing: /destdir/rocm-llvm-7.2.3/usr/include/llvm/AsmParser/LLLexer.h
-- Installing: /destdir/rocm-llvm-7.2.3/usr/include/llvm/AsmParser/LLParser.h
-- Installing: /destdir/rocm-llvm-7.2.3/usr/include/llvm/AsmParser/LLToken.h
-- Installing: /destdir/rocm-llvm-7.2.3/usr/include/llvm/AsmParser/NumberedValues.h
-- Installing: /destdir/rocm-llvm-7.2.3/usr/include/llvm/AsmParser/Parser.h
-- Installing: /destdir/rocm-llvm-7.2.3/usr/include/llvm/AsmParser/SlotMapping.h
-- Installing: /destdir/rocm-llvm-7.2.3/usr/include/llvm/BinaryFormat
-- Installing: /destdir/rocm-llvm-7.2.3/usr/include/llvm/BinaryFormat/AMDGPUMetadataVerifier.h
-- Installing: /destdir/rocm-llvm-7.2.3/usr/include/llvm/BinaryFormat/COFF.h
-- Installing: /destdir/rocm-llvm-7.2.3/usr/include/llvm/BinaryFormat/DXContainer.h
-- Installing: /destdir/rocm-llvm-7.2.3/usr/include/llvm/BinaryFormat/DXContainerConstants.def
-- Installing: /destdir/rocm-llvm-7.2.3/usr/include/llvm/BinaryFormat/Dwarf.def
-- Installing: /destdir/rocm-llvm-7.2.3/usr/include/llvm/BinaryFormat/Dwarf.h
-- Installing: /destdir/rocm-llvm-7.2.3/usr/include/llvm/BinaryFormat/DynamicTags.def
-- Installing: /destdir/rocm-llvm-7.2.3/usr/include/llvm/BinaryFormat/ELF.h
-- Installing: /destdir/rocm-llvm-7.2.3/usr/include/llvm/BinaryFormat/ELFRelocs
-- Installing: /destdir/rocm-llvm-7.2.3/usr/include/llvm/BinaryFormat/ELFRelocs/AArch64.def
-- Installing: /destdir/rocm-llvm-7.2.3/usr/include/llvm/BinaryFormat/ELFRelocs/AMDGPU.def
-- Installing: /destdir/rocm-llvm-7.2.3/usr/include/llvm/BinaryFormat/ELFRelocs/ARC.def
-- Installing: /destdir/rocm-llvm-7.2.3/usr/include/llvm/BinaryFormat/ELFRelocs/ARM.def
-- Installing: /destdir/rocm-llvm-7.2.3/usr/include/llvm/BinaryFormat/ELFRelocs/AVR.def
-- Installing: /destdir/rocm-llvm-7.2.3/usr/include/llvm/BinaryFormat/ELFRelocs/BPF.def
-- Installing: /destdir/rocm-llvm-7.2.3/usr/include/llvm/BinaryFormat/ELFRelocs/CSKY.def
-- Installing: /destdir/rocm-llvm-7.2.3/usr/include/llvm/BinaryFormat/ELFRelocs/Hexagon.def
-- Installing: /destdir/rocm-llvm-7.2.3/usr/include/llvm/BinaryFormat/ELFRelocs/Lanai.def
-- Installing: /destdir/rocm-llvm-7.2.3/usr/include/llvm/BinaryFormat/ELFRelocs/LoongArch.def
-- Installing: /destdir/rocm-llvm-7.2.3/usr/include/llvm/BinaryFormat/ELFRelocs/M68k.def
-- Installing: /destdir/rocm-llvm-7.2.3/usr/include/llvm/BinaryFormat/ELFRelocs/MSP430.def
-- Installing: /destdir/rocm-llvm-7.2.3/usr/include/llvm/BinaryFormat/ELFRelocs/Mips.def
-- Installing: /destdir/rocm-llvm-7.2.3/usr/include/llvm/BinaryFormat/ELFRelocs/PowerPC.def
-- Installing: /destdir/rocm-llvm-7.2.3/usr/include/llvm/BinaryFormat/ELFRelocs/PowerPC64.def
-- Installing: /destdir/rocm-llvm-7.2.3/usr/include/llvm/BinaryFormat/ELFRelocs/RISCV.def
-- Installing: /destdir/rocm-llvm-7.2.3/usr/include/llvm/BinaryFormat/ELFRelocs/RISCV_nonstandard.def
-- Installing: /destdir/rocm-llvm-7.2.3/usr/include/llvm/BinaryFormat/ELFRelocs/Sparc.def
-- Installing: /destdir/rocm-llvm-7.2.3/usr/include/llvm/BinaryFormat/ELFRelocs/SystemZ.def
-- Installing: /destdir/rocm-llvm-7.2.3/usr/include/llvm/BinaryFormat/ELFRelocs/VE.def
-- Installing: /destdir/rocm-llvm-7.2.3/usr/include/llvm/BinaryFormat/ELFRelocs/Xtensa.def
-- Installing: /destdir/rocm-llvm-7.2.3/usr/include/llvm/BinaryFormat/ELFRelocs/i386.def
-- Installing: /destdir/rocm-llvm-7.2.3/usr/include/llvm/BinaryFormat/ELFRelocs/x86_64.def
-- Installing: /destdir/rocm-llvm-7.2.3/usr/include/llvm/BinaryFormat/GOFF.h
-- Installing: /destdir/rocm-llvm-7.2.3/usr/include/llvm/BinaryFormat/MachO.def
-- Installing: /destdir/rocm-llvm-7.2.3/usr/include/llvm/BinaryFormat/MachO.h
-- Installing: /destdir/rocm-llvm-7.2.3/usr/include/llvm/BinaryFormat/Magic.h
-- Installing: /destdir/rocm-llvm-7.2.3/usr/include/llvm/BinaryFormat/Minidump.h
-- Installing: /destdir/rocm-llvm-7.2.3/usr/include/llvm/BinaryFormat/MinidumpConstants.def
-- Installing: /destdir/rocm-llvm-7.2.3/usr/include/llvm/BinaryFormat/MsgPack.def
-- Installing: /destdir/rocm-llvm-7.2.3/usr/include/llvm/BinaryFormat/MsgPack.h
-- Installing: /destdir/rocm-llvm-7.2.3/usr/include/llvm/BinaryFormat/MsgPackDocument.h
-- Installing: /destdir/rocm-llvm-7.2.3/usr/include/llvm/BinaryFormat/MsgPackReader.h
-- Installing: /destdir/rocm-llvm-7.2.3/usr/include/llvm/BinaryFormat/MsgPackWriter.h
-- Installing: /destdir/rocm-llvm-7.2.3/usr/include/llvm/BinaryFormat/SFrame.h
-- Installing: /destdir/rocm-llvm-7.2.3/usr/include/llvm/BinaryFormat/SFrameConstants.def
-- Installing: /destdir/rocm-llvm-7.2.3/usr/include/llvm/BinaryFormat/Swift.def
-- Installing: /destdir/rocm-llvm-7.2.3/usr/include/llvm/BinaryFormat/Swift.h
-- Installing: /destdir/rocm-llvm-7.2.3/usr/include/llvm/BinaryFormat/Wasm.h
-- Installing: /destdir/rocm-llvm-7.2.3/usr/include/llvm/BinaryFormat/WasmRelocs.def
-- Installing: /destdir/rocm-llvm-7.2.3/usr/include/llvm/BinaryFormat/WasmTraits.h
-- Installing: /destdir/rocm-llvm-7.2.3/usr/include/llvm/BinaryFormat/XCOFF.h
-- Installing: /destdir/rocm-llvm-7.2.3/usr/include/llvm/Bitcode
-- Installing: /destdir/rocm-llvm-7.2.3/usr/include/llvm/Bitcode/BitcodeAnalyzer.h
-- Installing: /destdir/rocm-llvm-7.2.3/usr/include/llvm/Bitcode/BitcodeCommon.h
-- Installing: /destdir/rocm-llvm-7.2.3/usr/include/llvm/Bitcode/BitcodeConvenience.h
-- Installing: /destdir/rocm-llvm-7.2.3/usr/include/llvm/Bitcode/BitcodeReader.h
-- Installing: /destdir/rocm-llvm-7.2.3/usr/include/llvm/Bitcode/BitcodeWriter.h
-- Installing: /destdir/rocm-llvm-7.2.3/usr/include/llvm/Bitcode/BitcodeWriterPass.h
-- Installing: /destdir/rocm-llvm-7.2.3/usr/include/llvm/Bitcode/LLVMBitCodes.h
-- Installing: /destdir/rocm-llvm-7.2.3/usr/include/llvm/Bitstream
-- Installing: /destdir/rocm-llvm-7.2.3/usr/include/llvm/Bitstream/BitCodeEnums.h
-- Installing: /destdir/rocm-llvm-7.2.3/usr/include/llvm/Bitstream/BitCodes.h
-- Installing: /destdir/rocm-llvm-7.2.3/usr/include/llvm/Bitstream/BitstreamReader.h
-- Installing: /destdir/rocm-llvm-7.2.3/usr/include/llvm/Bitstream/BitstreamWriter.h
-- Installing: /destdir/rocm-llvm-7.2.3/usr/include/llvm/CAS
-- Installing: /destdir/rocm-llvm-7.2.3/usr/include/llvm/CAS/ActionCache.h
-- Installing: /destdir/rocm-llvm-7.2.3/usr/include/llvm/CAS/BuiltinCASContext.h
-- Installing: /destdir/rocm-llvm-7.2.3/usr/include/llvm/CAS/BuiltinObjectHasher.h
-- Installing: /destdir/rocm-llvm-7.2.3/usr/include/llvm/CAS/CASID.h
-- Installing: /destdir/rocm-llvm-7.2.3/usr/include/llvm/CAS/CASReference.h
-- Installing: /destdir/rocm-llvm-7.2.3/usr/include/llvm/CAS/FileOffset.h
-- Installing: /destdir/rocm-llvm-7.2.3/usr/include/llvm/CAS/MappedFileRegionArena.h
-- Installing: /destdir/rocm-llvm-7.2.3/usr/include/llvm/CAS/ObjectStore.h
-- Installing: /destdir/rocm-llvm-7.2.3/usr/include/llvm/CAS/OnDiskTrieRawHashMap.h
-- Installing: /destdir/rocm-llvm-7.2.3/usr/include/llvm/CGData
-- Installing: /destdir/rocm-llvm-7.2.3/usr/include/llvm/CGData/CGDataPatchItem.h
-- Installing: /destdir/rocm-llvm-7.2.3/usr/include/llvm/CGData/CodeGenData.h
-- Installing: /destdir/rocm-llvm-7.2.3/usr/include/llvm/CGData/CodeGenData.inc
-- Installing: /destdir/rocm-llvm-7.2.3/usr/include/llvm/CGData/CodeGenDataReader.h
-- Installing: /destdir/rocm-llvm-7.2.3/usr/include/llvm/CGData/CodeGenDataWriter.h
-- Installing: /destdir/rocm-llvm-7.2.3/usr/include/llvm/CGData/OutlinedHashTree.h
-- Installing: /destdir/rocm-llvm-7.2.3/usr/include/llvm/CGData/OutlinedHashTreeRecord.h
-- Installing: /destdir/rocm-llvm-7.2.3/usr/include/llvm/CGData/StableFunctionMap.h
-- Installing: /destdir/rocm-llvm-7.2.3/usr/include/llvm/CGData/StableFunctionMapRecord.h
-- Installing: /destdir/rocm-llvm-7.2.3/usr/include/llvm/CodeGen
-- Installing: /destdir/rocm-llvm-7.2.3/usr/include/llvm/CodeGen/AccelTable.h
-- Installing: /destdir/rocm-llvm-7.2.3/usr/include/llvm/CodeGen/Analysis.h
-- Installing: /destdir/rocm-llvm-7.2.3/usr/include/llvm/CodeGen/AntiDepBreaker.h
-- Installing: /destdir/rocm-llvm-7.2.3/usr/include/llvm/CodeGen/AsmPrinter.h
-- Installing: /destdir/rocm-llvm-7.2.3/usr/include/llvm/CodeGen/AsmPrinterHandler.h
-- Installing: /destdir/rocm-llvm-7.2.3/usr/include/llvm/CodeGen/AssignmentTrackingAnalysis.h
-- Installing: /destdir/rocm-llvm-7.2.3/usr/include/llvm/CodeGen/AtomicExpand.h
-- Installing: /destdir/rocm-llvm-7.2.3/usr/include/llvm/CodeGen/AtomicExpandUtils.h
-- Installing: /destdir/rocm-llvm-7.2.3/usr/include/llvm/CodeGen/BasicBlockSectionUtils.h
-- Installing: /destdir/rocm-llvm-7.2.3/usr/include/llvm/CodeGen/BasicBlockSectionsProfileReader.h
-- Installing: /destdir/rocm-llvm-7.2.3/usr/include/llvm/CodeGen/BasicTTIImpl.h
-- Installing: /destdir/rocm-llvm-7.2.3/usr/include/llvm/CodeGen/BranchFoldingPass.h
-- Installing: /destdir/rocm-llvm-7.2.3/usr/include/llvm/CodeGen/BranchRelaxation.h
-- Installing: /destdir/rocm-llvm-7.2.3/usr/include/llvm/CodeGen/ByteProvider.h
-- Installing: /destdir/rocm-llvm-7.2.3/usr/include/llvm/CodeGen/CFIFixup.h
-- Installing: /destdir/rocm-llvm-7.2.3/usr/include/llvm/CodeGen/CFIInstBuilder.h
-- Installing: /destdir/rocm-llvm-7.2.3/usr/include/llvm/CodeGen/CSEConfigBase.h
-- Installing: /destdir/rocm-llvm-7.2.3/usr/include/llvm/CodeGen/CalcSpillWeights.h
-- Installing: /destdir/rocm-llvm-7.2.3/usr/include/llvm/CodeGen/CallBrPrepare.h
-- Installing: /destdir/rocm-llvm-7.2.3/usr/include/llvm/CodeGen/CallingConvLower.h
-- Installing: /destdir/rocm-llvm-7.2.3/usr/include/llvm/CodeGen/CodeGenCommonISel.h
-- Installing: /destdir/rocm-llvm-7.2.3/usr/include/llvm/CodeGen/CodeGenPrepare.h
-- Installing: /destdir/rocm-llvm-7.2.3/usr/include/llvm/CodeGen/CodeGenTargetMachineImpl.h
-- Installing: /destdir/rocm-llvm-7.2.3/usr/include/llvm/CodeGen/CommandFlags.h
-- Installing: /destdir/rocm-llvm-7.2.3/usr/include/llvm/CodeGen/ComplexDeinterleavingPass.h
-- Installing: /destdir/rocm-llvm-7.2.3/usr/include/llvm/CodeGen/CostTable.h
-- Installing: /destdir/rocm-llvm-7.2.3/usr/include/llvm/CodeGen/DAGCombine.h
-- Installing: /destdir/rocm-llvm-7.2.3/usr/include/llvm/CodeGen/DFAPacketizer.h
-- Installing: /destdir/rocm-llvm-7.2.3/usr/include/llvm/CodeGen/DIE.h
-- Installing: /destdir/rocm-llvm-7.2.3/usr/include/llvm/CodeGen/DIEValue.def
-- Installing: /destdir/rocm-llvm-7.2.3/usr/include/llvm/CodeGen/DbgEntityHistoryCalculator.h
-- Installing: /destdir/rocm-llvm-7.2.3/usr/include/llvm/CodeGen/DeadMachineInstructionElim.h
-- Installing: /destdir/rocm-llvm-7.2.3/usr/include/llvm/CodeGen/DebugHandlerBase.h
-- Installing: /destdir/rocm-llvm-7.2.3/usr/include/llvm/CodeGen/DetectDeadLanes.h
-- Installing: /destdir/rocm-llvm-7.2.3/usr/include/llvm/CodeGen/DroppedVariableStatsMIR.h
-- Installing: /destdir/rocm-llvm-7.2.3/usr/include/llvm/CodeGen/DwarfEHPrepare.h
-- Installing: /destdir/rocm-llvm-7.2.3/usr/include/llvm/CodeGen/DwarfStringPoolEntry.h
-- Installing: /destdir/rocm-llvm-7.2.3/usr/include/llvm/CodeGen/EarlyIfConversion.h
-- Installing: /destdir/rocm-llvm-7.2.3/usr/include/llvm/CodeGen/EdgeBundles.h
-- Installing: /destdir/rocm-llvm-7.2.3/usr/include/llvm/CodeGen/ExecutionDomainFix.h
-- Installing: /destdir/rocm-llvm-7.2.3/usr/include/llvm/CodeGen/ExpandFp.h
-- Installing: /destdir/rocm-llvm-7.2.3/usr/include/llvm/CodeGen/ExpandLargeDivRem.h
-- Installing: /destdir/rocm-llvm-7.2.3/usr/include/llvm/CodeGen/ExpandMemCmp.h
-- Installing: /destdir/rocm-llvm-7.2.3/usr/include/llvm/CodeGen/ExpandPostRAPseudos.h
-- Installing: /destdir/rocm-llvm-7.2.3/usr/include/llvm/CodeGen/ExpandReductions.h
-- Installing: /destdir/rocm-llvm-7.2.3/usr/include/llvm/CodeGen/ExpandVectorPredication.h
-- Installing: /destdir/rocm-llvm-7.2.3/usr/include/llvm/CodeGen/FEntryInserter.h
-- Installing: /destdir/rocm-llvm-7.2.3/usr/include/llvm/CodeGen/FastISel.h
-- Installing: /destdir/rocm-llvm-7.2.3/usr/include/llvm/CodeGen/FaultMaps.h
-- Installing: /destdir/rocm-llvm-7.2.3/usr/include/llvm/CodeGen/FinalizeISel.h
-- Installing: /destdir/rocm-llvm-7.2.3/usr/include/llvm/CodeGen/FixupStatepointCallerSaved.h
-- Installing: /destdir/rocm-llvm-7.2.3/usr/include/llvm/CodeGen/FunctionLoweringInfo.h
-- Installing: /destdir/rocm-llvm-7.2.3/usr/include/llvm/CodeGen/GCMetadata.h
-- Installing: /destdir/rocm-llvm-7.2.3/usr/include/llvm/CodeGen/GCMetadataPrinter.h
-- Installing: /destdir/rocm-llvm-7.2.3/usr/include/llvm/CodeGen/GlobalISel
-- Installing: /destdir/rocm-llvm-7.2.3/usr/include/llvm/CodeGen/GlobalISel/CSEInfo.h
-- Installing: /destdir/rocm-llvm-7.2.3/usr/include/llvm/CodeGen/GlobalISel/CSEMIRBuilder.h
-- Installing: /destdir/rocm-llvm-7.2.3/usr/include/llvm/CodeGen/GlobalISel/CallLowering.h
-- Installing: /destdir/rocm-llvm-7.2.3/usr/include/llvm/CodeGen/GlobalISel/Combiner.h
-- Installing: /destdir/rocm-llvm-7.2.3/usr/include/llvm/CodeGen/GlobalISel/CombinerHelper.h
-- Installing: /destdir/rocm-llvm-7.2.3/usr/include/llvm/CodeGen/GlobalISel/CombinerInfo.h
-- Installing: /destdir/rocm-llvm-7.2.3/usr/include/llvm/CodeGen/GlobalISel/GIMatchTableExecutor.h
-- Installing: /destdir/rocm-llvm-7.2.3/usr/include/llvm/CodeGen/GlobalISel/GIMatchTableExecutorImpl.h
-- Installing: /destdir/rocm-llvm-7.2.3/usr/include/llvm/CodeGen/GlobalISel/GISelChangeObserver.h
-- Installing: /destdir/rocm-llvm-7.2.3/usr/include/llvm/CodeGen/GlobalISel/GISelValueTracking.h
-- Installing: /destdir/rocm-llvm-7.2.3/usr/include/llvm/CodeGen/GlobalISel/GISelWorkList.h
-- Installing: /destdir/rocm-llvm-7.2.3/usr/include/llvm/CodeGen/GlobalISel/GenericMachineInstrs.h
-- Installing: /destdir/rocm-llvm-7.2.3/usr/include/llvm/CodeGen/GlobalISel/IRTranslator.h
-- Installing: /destdir/rocm-llvm-7.2.3/usr/include/llvm/CodeGen/GlobalISel/InlineAsmLowering.h
-- Installing: /destdir/rocm-llvm-7.2.3/usr/include/llvm/CodeGen/GlobalISel/InstructionSelect.h
-- Installing: /destdir/rocm-llvm-7.2.3/usr/include/llvm/CodeGen/GlobalISel/InstructionSelector.h
-- Installing: /destdir/rocm-llvm-7.2.3/usr/include/llvm/CodeGen/GlobalISel/LegacyLegalizerInfo.h
-- Installing: /destdir/rocm-llvm-7.2.3/usr/include/llvm/CodeGen/GlobalISel/LegalizationArtifactCombiner.h
-- Installing: /destdir/rocm-llvm-7.2.3/usr/include/llvm/CodeGen/GlobalISel/Legalizer.h
-- Installing: /destdir/rocm-llvm-7.2.3/usr/include/llvm/CodeGen/GlobalISel/LegalizerHelper.h
-- Installing: /destdir/rocm-llvm-7.2.3/usr/include/llvm/CodeGen/GlobalISel/LegalizerInfo.h
-- Installing: /destdir/rocm-llvm-7.2.3/usr/include/llvm/CodeGen/GlobalISel/LoadStoreOpt.h
-- Installing: /destdir/rocm-llvm-7.2.3/usr/include/llvm/CodeGen/GlobalISel/Localizer.h
-- Installing: /destdir/rocm-llvm-7.2.3/usr/include/llvm/CodeGen/GlobalISel/LostDebugLocObserver.h
-- Installing: /destdir/rocm-llvm-7.2.3/usr/include/llvm/CodeGen/GlobalISel/MIPatternMatch.h
-- Installing: /destdir/rocm-llvm-7.2.3/usr/include/llvm/CodeGen/GlobalISel/MachineFloatingPointPredicateUtils.h
-- Installing: /destdir/rocm-llvm-7.2.3/usr/include/llvm/CodeGen/GlobalISel/MachineIRBuilder.h
-- Installing: /destdir/rocm-llvm-7.2.3/usr/include/llvm/CodeGen/GlobalISel/RegBankSelect.h
-- Installing: /destdir/rocm-llvm-7.2.3/usr/include/llvm/CodeGen/GlobalISel/Utils.h
-- Installing: /destdir/rocm-llvm-7.2.3/usr/include/llvm/CodeGen/GlobalMerge.h
-- Installing: /destdir/rocm-llvm-7.2.3/usr/include/llvm/CodeGen/GlobalMergeFunctions.h
-- Installing: /destdir/rocm-llvm-7.2.3/usr/include/llvm/CodeGen/HardwareLoops.h
-- Installing: /destdir/rocm-llvm-7.2.3/usr/include/llvm/CodeGen/ISDOpcodes.h
-- Installing: /destdir/rocm-llvm-7.2.3/usr/include/llvm/CodeGen/IndirectBrExpand.h
-- Installing: /destdir/rocm-llvm-7.2.3/usr/include/llvm/CodeGen/IndirectThunks.h
-- Installing: /destdir/rocm-llvm-7.2.3/usr/include/llvm/CodeGen/InitUndef.h
-- Installing: /destdir/rocm-llvm-7.2.3/usr/include/llvm/CodeGen/InterleavedAccess.h
-- Installing: /destdir/rocm-llvm-7.2.3/usr/include/llvm/CodeGen/InterleavedLoadCombine.h
-- Installing: /destdir/rocm-llvm-7.2.3/usr/include/llvm/CodeGen/IntrinsicLowering.h
-- Installing: /destdir/rocm-llvm-7.2.3/usr/include/llvm/CodeGen/JMCInstrumenter.h
-- Installing: /destdir/rocm-llvm-7.2.3/usr/include/llvm/CodeGen/LatencyPriorityQueue.h
-- Installing: /destdir/rocm-llvm-7.2.3/usr/include/llvm/CodeGen/LazyMachineBlockFrequencyInfo.h
-- Installing: /destdir/rocm-llvm-7.2.3/usr/include/llvm/CodeGen/LexicalScopes.h
-- Installing: /destdir/rocm-llvm-7.2.3/usr/include/llvm/CodeGen/LinkAllAsmWriterComponents.h
-- Installing: /destdir/rocm-llvm-7.2.3/usr/include/llvm/CodeGen/LinkAllCodegenComponents.h
-- Installing: /destdir/rocm-llvm-7.2.3/usr/include/llvm/CodeGen/LiveDebugValuesPass.h
-- Installing: /destdir/rocm-llvm-7.2.3/usr/include/llvm/CodeGen/LiveDebugVariables.h
-- Installing: /destdir/rocm-llvm-7.2.3/usr/include/llvm/CodeGen/LiveInterval.h
-- Installing: /destdir/rocm-llvm-7.2.3/usr/include/llvm/CodeGen/LiveIntervalCalc.h
-- Installing: /destdir/rocm-llvm-7.2.3/usr/include/llvm/CodeGen/LiveIntervalUnion.h
-- Installing: /destdir/rocm-llvm-7.2.3/usr/include/llvm/CodeGen/LiveIntervals.h
-- Installing: /destdir/rocm-llvm-7.2.3/usr/include/llvm/CodeGen/LivePhysRegs.h
-- Installing: /destdir/rocm-llvm-7.2.3/usr/include/llvm/CodeGen/LiveRangeCalc.h
-- Installing: /destdir/rocm-llvm-7.2.3/usr/include/llvm/CodeGen/LiveRangeEdit.h
-- Installing: /destdir/rocm-llvm-7.2.3/usr/include/llvm/CodeGen/LiveRegMatrix.h
-- Installing: /destdir/rocm-llvm-7.2.3/usr/include/llvm/CodeGen/LiveRegUnits.h
-- Installing: /destdir/rocm-llvm-7.2.3/usr/include/llvm/CodeGen/LiveStacks.h
-- Installing: /destdir/rocm-llvm-7.2.3/usr/include/llvm/CodeGen/LiveVariables.h
-- Installing: /destdir/rocm-llvm-7.2.3/usr/include/llvm/CodeGen/LocalStackSlotAllocation.h
-- Installing: /destdir/rocm-llvm-7.2.3/usr/include/llvm/CodeGen/LoopTraversal.h
-- Installing: /destdir/rocm-llvm-7.2.3/usr/include/llvm/CodeGen/LowLevelTypeUtils.h
-- Installing: /destdir/rocm-llvm-7.2.3/usr/include/llvm/CodeGen/LowerEmuTLS.h
-- Installing: /destdir/rocm-llvm-7.2.3/usr/include/llvm/CodeGen/MBFIWrapper.h
-- Installing: /destdir/rocm-llvm-7.2.3/usr/include/llvm/CodeGen/MIRFSDiscriminator.h
-- Installing: /destdir/rocm-llvm-7.2.3/usr/include/llvm/CodeGen/MIRFormatter.h
-- Installing: /destdir/rocm-llvm-7.2.3/usr/include/llvm/CodeGen/MIRParser
-- Installing: /destdir/rocm-llvm-7.2.3/usr/include/llvm/CodeGen/MIRParser/MIParser.h
-- Installing: /destdir/rocm-llvm-7.2.3/usr/include/llvm/CodeGen/MIRParser/MIRParser.h
-- Installing: /destdir/rocm-llvm-7.2.3/usr/include/llvm/CodeGen/MIRPrinter.h
-- Installing: /destdir/rocm-llvm-7.2.3/usr/include/llvm/CodeGen/MIRSampleProfile.h
-- Installing: /destdir/rocm-llvm-7.2.3/usr/include/llvm/CodeGen/MIRYamlMapping.h
-- Installing: /destdir/rocm-llvm-7.2.3/usr/include/llvm/CodeGen/MachORelocation.h
-- Installing: /destdir/rocm-llvm-7.2.3/usr/include/llvm/CodeGen/MachineBasicBlock.h
-- Installing: /destdir/rocm-llvm-7.2.3/usr/include/llvm/CodeGen/MachineBlockFrequencyInfo.h
-- Installing: /destdir/rocm-llvm-7.2.3/usr/include/llvm/CodeGen/MachineBlockPlacement.h
-- Installing: /destdir/rocm-llvm-7.2.3/usr/include/llvm/CodeGen/MachineBranchProbabilityInfo.h
-- Installing: /destdir/rocm-llvm-7.2.3/usr/include/llvm/CodeGen/MachineCFGPrinter.h
-- Installing: /destdir/rocm-llvm-7.2.3/usr/include/llvm/CodeGen/MachineCSE.h
-- Installing: /destdir/rocm-llvm-7.2.3/usr/include/llvm/CodeGen/MachineCombinerPattern.h
-- Installing: /destdir/rocm-llvm-7.2.3/usr/include/llvm/CodeGen/MachineConstantPool.h
-- Installing: /destdir/rocm-llvm-7.2.3/usr/include/llvm/CodeGen/MachineConvergenceVerifier.h
-- Installing: /destdir/rocm-llvm-7.2.3/usr/include/llvm/CodeGen/MachineCopyPropagation.h
-- Installing: /destdir/rocm-llvm-7.2.3/usr/include/llvm/CodeGen/MachineCycleAnalysis.h
-- Installing: /destdir/rocm-llvm-7.2.3/usr/include/llvm/CodeGen/MachineDomTreeUpdater.h
-- Installing: /destdir/rocm-llvm-7.2.3/usr/include/llvm/CodeGen/MachineDominanceFrontier.h
-- Installing: /destdir/rocm-llvm-7.2.3/usr/include/llvm/CodeGen/MachineDominators.h
-- Installing: /destdir/rocm-llvm-7.2.3/usr/include/llvm/CodeGen/MachineFrameInfo.h
-- Installing: /destdir/rocm-llvm-7.2.3/usr/include/llvm/CodeGen/MachineFunction.h
-- Installing: /destdir/rocm-llvm-7.2.3/usr/include/llvm/CodeGen/MachineFunctionAnalysis.h
-- Installing: /destdir/rocm-llvm-7.2.3/usr/include/llvm/CodeGen/MachineFunctionAnalysisManager.h
-- Installing: /destdir/rocm-llvm-7.2.3/usr/include/llvm/CodeGen/MachineFunctionPass.h
-- Installing: /destdir/rocm-llvm-7.2.3/usr/include/llvm/CodeGen/MachineInstr.h
-- Installing: /destdir/rocm-llvm-7.2.3/usr/include/llvm/CodeGen/MachineInstrBuilder.h
-- Installing: /destdir/rocm-llvm-7.2.3/usr/include/llvm/CodeGen/MachineInstrBundle.h
-- Installing: /destdir/rocm-llvm-7.2.3/usr/include/llvm/CodeGen/MachineInstrBundleIterator.h
-- Installing: /destdir/rocm-llvm-7.2.3/usr/include/llvm/CodeGen/MachineJumpTableInfo.h
-- Installing: /destdir/rocm-llvm-7.2.3/usr/include/llvm/CodeGen/MachineLICM.h
-- Installing: /destdir/rocm-llvm-7.2.3/usr/include/llvm/CodeGen/MachineLateInstrsCleanup.h
-- Installing: /destdir/rocm-llvm-7.2.3/usr/include/llvm/CodeGen/MachineLoopInfo.h
-- Installing: /destdir/rocm-llvm-7.2.3/usr/include/llvm/CodeGen/MachineLoopUtils.h
-- Installing: /destdir/rocm-llvm-7.2.3/usr/include/llvm/CodeGen/MachineMemOperand.h
-- Installing: /destdir/rocm-llvm-7.2.3/usr/include/llvm/CodeGen/MachineModuleInfo.h
-- Installing: /destdir/rocm-llvm-7.2.3/usr/include/llvm/CodeGen/MachineModuleInfoImpls.h
-- Installing: /destdir/rocm-llvm-7.2.3/usr/include/llvm/CodeGen/MachineModuleSlotTracker.h
-- Installing: /destdir/rocm-llvm-7.2.3/usr/include/llvm/CodeGen/MachineOperand.h
-- Installing: /destdir/rocm-llvm-7.2.3/usr/include/llvm/CodeGen/MachineOptimizationRemarkEmitter.h
-- Installing: /destdir/rocm-llvm-7.2.3/usr/include/llvm/CodeGen/MachineOutliner.h
-- Installing: /destdir/rocm-llvm-7.2.3/usr/include/llvm/CodeGen/MachinePassManager.h
-- Installing: /destdir/rocm-llvm-7.2.3/usr/include/llvm/CodeGen/MachinePassRegistry.h
-- Installing: /destdir/rocm-llvm-7.2.3/usr/include/llvm/CodeGen/MachinePipeliner.h
-- Installing: /destdir/rocm-llvm-7.2.3/usr/include/llvm/CodeGen/MachinePostDominators.h
-- Installing: /destdir/rocm-llvm-7.2.3/usr/include/llvm/CodeGen/MachineRegionInfo.h
-- Installing: /destdir/rocm-llvm-7.2.3/usr/include/llvm/CodeGen/MachineRegisterInfo.h
-- Installing: /destdir/rocm-llvm-7.2.3/usr/include/llvm/CodeGen/MachineSSAContext.h
-- Installing: /destdir/rocm-llvm-7.2.3/usr/include/llvm/CodeGen/MachineSSAUpdater.h
-- Installing: /destdir/rocm-llvm-7.2.3/usr/include/llvm/CodeGen/MachineScheduler.h
-- Installing: /destdir/rocm-llvm-7.2.3/usr/include/llvm/CodeGen/MachineSink.h
-- Installing: /destdir/rocm-llvm-7.2.3/usr/include/llvm/CodeGen/MachineSizeOpts.h
-- Installing: /destdir/rocm-llvm-7.2.3/usr/include/llvm/CodeGen/MachineStableHash.h
-- Installing: /destdir/rocm-llvm-7.2.3/usr/include/llvm/CodeGen/MachineTraceMetrics.h
-- Installing: /destdir/rocm-llvm-7.2.3/usr/include/llvm/CodeGen/MachineUniformityAnalysis.h
-- Installing: /destdir/rocm-llvm-7.2.3/usr/include/llvm/CodeGen/MachineVerifier.h
-- Installing: /destdir/rocm-llvm-7.2.3/usr/include/llvm/CodeGen/MacroFusion.h
-- Installing: /destdir/rocm-llvm-7.2.3/usr/include/llvm/CodeGen/ModuloSchedule.h
-- Installing: /destdir/rocm-llvm-7.2.3/usr/include/llvm/CodeGen/MultiHazardRecognizer.h
-- Installing: /destdir/rocm-llvm-7.2.3/usr/include/llvm/CodeGen/NonRelocatableStringpool.h
-- Installing: /destdir/rocm-llvm-7.2.3/usr/include/llvm/CodeGen/OptimizePHIs.h
-- Installing: /destdir/rocm-llvm-7.2.3/usr/include/llvm/CodeGen/PBQP
-- Installing: /destdir/rocm-llvm-7.2.3/usr/include/llvm/CodeGen/PBQP/CostAllocator.h
-- Installing: /destdir/rocm-llvm-7.2.3/usr/include/llvm/CodeGen/PBQP/Graph.h
-- Installing: /destdir/rocm-llvm-7.2.3/usr/include/llvm/CodeGen/PBQP/Math.h
-- Installing: /destdir/rocm-llvm-7.2.3/usr/include/llvm/CodeGen/PBQP/ReductionRules.h
-- Installing: /destdir/rocm-llvm-7.2.3/usr/include/llvm/CodeGen/PBQP/Solution.h
-- Installing: /destdir/rocm-llvm-7.2.3/usr/include/llvm/CodeGen/PBQPRAConstraint.h
-- Installing: /destdir/rocm-llvm-7.2.3/usr/include/llvm/CodeGen/PEI.h
-- Installing: /destdir/rocm-llvm-7.2.3/usr/include/llvm/CodeGen/PHIElimination.h
-- Installing: /destdir/rocm-llvm-7.2.3/usr/include/llvm/CodeGen/Passes.h
-- Installing: /destdir/rocm-llvm-7.2.3/usr/include/llvm/CodeGen/PatchableFunction.h
-- Installing: /destdir/rocm-llvm-7.2.3/usr/include/llvm/CodeGen/PeepholeOptimizer.h
-- Installing: /destdir/rocm-llvm-7.2.3/usr/include/llvm/CodeGen/PostRAHazardRecognizer.h
-- Installing: /destdir/rocm-llvm-7.2.3/usr/include/llvm/CodeGen/PostRAMachineSink.h
-- Installing: /destdir/rocm-llvm-7.2.3/usr/include/llvm/CodeGen/PostRASchedulerList.h
-- Installing: /destdir/rocm-llvm-7.2.3/usr/include/llvm/CodeGen/PreISelIntrinsicLowering.h
-- Installing: /destdir/rocm-llvm-7.2.3/usr/include/llvm/CodeGen/ProcessImplicitDefs.h
-- Installing: /destdir/rocm-llvm-7.2.3/usr/include/llvm/CodeGen/PseudoSourceValue.h
-- Installing: /destdir/rocm-llvm-7.2.3/usr/include/llvm/CodeGen/PseudoSourceValueManager.h
-- Installing: /destdir/rocm-llvm-7.2.3/usr/include/llvm/CodeGen/RDFGraph.h
-- Installing: /destdir/rocm-llvm-7.2.3/usr/include/llvm/CodeGen/RDFLiveness.h
-- Installing: /destdir/rocm-llvm-7.2.3/usr/include/llvm/CodeGen/RDFRegisters.h
-- Installing: /destdir/rocm-llvm-7.2.3/usr/include/llvm/CodeGen/ReachingDefAnalysis.h
-- Installing: /destdir/rocm-llvm-7.2.3/usr/include/llvm/CodeGen/RegAllocCommon.h
-- Installing: /destdir/rocm-llvm-7.2.3/usr/include/llvm/CodeGen/RegAllocEvictionAdvisor.h
-- Installing: /destdir/rocm-llvm-7.2.3/usr/include/llvm/CodeGen/RegAllocFast.h
-- Installing: /destdir/rocm-llvm-7.2.3/usr/include/llvm/CodeGen/RegAllocGreedyPass.h
-- Installing: /destdir/rocm-llvm-7.2.3/usr/include/llvm/CodeGen/RegAllocPBQP.h
-- Installing: /destdir/rocm-llvm-7.2.3/usr/include/llvm/CodeGen/RegAllocPriorityAdvisor.h
-- Installing: /destdir/rocm-llvm-7.2.3/usr/include/llvm/CodeGen/RegAllocRegistry.h
-- Installing: /destdir/rocm-llvm-7.2.3/usr/include/llvm/CodeGen/RegUsageInfoCollector.h
-- Installing: /destdir/rocm-llvm-7.2.3/usr/include/llvm/CodeGen/RegUsageInfoPropagate.h
-- Installing: /destdir/rocm-llvm-7.2.3/usr/include/llvm/CodeGen/Register.h
-- Installing: /destdir/rocm-llvm-7.2.3/usr/include/llvm/CodeGen/RegisterBank.h
-- Installing: /destdir/rocm-llvm-7.2.3/usr/include/llvm/CodeGen/RegisterBankInfo.h
-- Installing: /destdir/rocm-llvm-7.2.3/usr/include/llvm/CodeGen/RegisterClassInfo.h
-- Installing: /destdir/rocm-llvm-7.2.3/usr/include/llvm/CodeGen/RegisterCoalescerPass.h
-- Installing: /destdir/rocm-llvm-7.2.3/usr/include/llvm/CodeGen/RegisterPressure.h
-- Installing: /destdir/rocm-llvm-7.2.3/usr/include/llvm/CodeGen/RegisterScavenging.h
-- Installing: /destdir/rocm-llvm-7.2.3/usr/include/llvm/CodeGen/RegisterUsageInfo.h
-- Installing: /destdir/rocm-llvm-7.2.3/usr/include/llvm/CodeGen/RemoveLoadsIntoFakeUses.h
-- Installing: /destdir/rocm-llvm-7.2.3/usr/include/llvm/CodeGen/RemoveRedundantDebugValues.h
-- Installing: /destdir/rocm-llvm-7.2.3/usr/include/llvm/CodeGen/RenameIndependentSubregs.h
-- Installing: /destdir/rocm-llvm-7.2.3/usr/include/llvm/CodeGen/ReplaceWithVeclib.h
-- Installing: /destdir/rocm-llvm-7.2.3/usr/include/llvm/CodeGen/ResourcePriorityQueue.h
-- Installing: /destdir/rocm-llvm-7.2.3/usr/include/llvm/CodeGen/RuntimeLibcallUtil.h
-- Installing: /destdir/rocm-llvm-7.2.3/usr/include/llvm/CodeGen/SDNodeInfo.h
-- Installing: /destdir/rocm-llvm-7.2.3/usr/include/llvm/CodeGen/SDNodeProperties.td
-- Installing: /destdir/rocm-llvm-7.2.3/usr/include/llvm/CodeGen/SDPatternMatch.h
-- Installing: /destdir/rocm-llvm-7.2.3/usr/include/llvm/CodeGen/SafeStack.h
-- Installing: /destdir/rocm-llvm-7.2.3/usr/include/llvm/CodeGen/SanitizerBinaryMetadata.h
-- Installing: /destdir/rocm-llvm-7.2.3/usr/include/llvm/CodeGen/ScheduleDAG.h
-- Installing: /destdir/rocm-llvm-7.2.3/usr/include/llvm/CodeGen/ScheduleDAGInstrs.h
-- Installing: /destdir/rocm-llvm-7.2.3/usr/include/llvm/CodeGen/ScheduleDAGMutation.h
-- Installing: /destdir/rocm-llvm-7.2.3/usr/include/llvm/CodeGen/ScheduleDFS.h
-- Installing: /destdir/rocm-llvm-7.2.3/usr/include/llvm/CodeGen/ScheduleHazardRecognizer.h
-- Installing: /destdir/rocm-llvm-7.2.3/usr/include/llvm/CodeGen/SchedulerRegistry.h
-- Installing: /destdir/rocm-llvm-7.2.3/usr/include/llvm/CodeGen/ScoreboardHazardRecognizer.h
-- Installing: /destdir/rocm-llvm-7.2.3/usr/include/llvm/CodeGen/SelectOptimize.h
-- Installing: /destdir/rocm-llvm-7.2.3/usr/include/llvm/CodeGen/SelectionDAG.h
-- Installing: /destdir/rocm-llvm-7.2.3/usr/include/llvm/CodeGen/SelectionDAGAddressAnalysis.h
-- Installing: /destdir/rocm-llvm-7.2.3/usr/include/llvm/CodeGen/SelectionDAGISel.h
-- Installing: /destdir/rocm-llvm-7.2.3/usr/include/llvm/CodeGen/SelectionDAGNodes.h
-- Installing: /destdir/rocm-llvm-7.2.3/usr/include/llvm/CodeGen/SelectionDAGTargetInfo.h
-- Installing: /destdir/rocm-llvm-7.2.3/usr/include/llvm/CodeGen/ShadowStackGCLowering.h
-- Installing: /destdir/rocm-llvm-7.2.3/usr/include/llvm/CodeGen/ShrinkWrap.h
-- Installing: /destdir/rocm-llvm-7.2.3/usr/include/llvm/CodeGen/SjLjEHPrepare.h
-- Installing: /destdir/rocm-llvm-7.2.3/usr/include/llvm/CodeGen/SlotIndexes.h
-- Installing: /destdir/rocm-llvm-7.2.3/usr/include/llvm/CodeGen/SpillPlacement.h
-- Installing: /destdir/rocm-llvm-7.2.3/usr/include/llvm/CodeGen/Spiller.h
-- Installing: /destdir/rocm-llvm-7.2.3/usr/include/llvm/CodeGen/StackColoring.h
-- Installing: /destdir/rocm-llvm-7.2.3/usr/include/llvm/CodeGen/StackFrameLayoutAnalysisPass.h
-- Installing: /destdir/rocm-llvm-7.2.3/usr/include/llvm/CodeGen/StackMaps.h
-- Installing: /destdir/rocm-llvm-7.2.3/usr/include/llvm/CodeGen/StackProtector.h
-- Installing: /destdir/rocm-llvm-7.2.3/usr/include/llvm/CodeGen/StackSlotColoring.h
-- Installing: /destdir/rocm-llvm-7.2.3/usr/include/llvm/CodeGen/SwiftErrorValueTracking.h
-- Installing: /destdir/rocm-llvm-7.2.3/usr/include/llvm/CodeGen/SwitchLoweringUtils.h
-- Installing: /destdir/rocm-llvm-7.2.3/usr/include/llvm/CodeGen/TailDuplication.h
-- Installing: /destdir/rocm-llvm-7.2.3/usr/include/llvm/CodeGen/TailDuplicator.h
-- Installing: /destdir/rocm-llvm-7.2.3/usr/include/llvm/CodeGen/TargetCallingConv.h
-- Installing: /destdir/rocm-llvm-7.2.3/usr/include/llvm/CodeGen/TargetFrameLowering.h
-- Installing: /destdir/rocm-llvm-7.2.3/usr/include/llvm/CodeGen/TargetInstrInfo.h
-- Installing: /destdir/rocm-llvm-7.2.3/usr/include/llvm/CodeGen/TargetLowering.h
-- Installing: /destdir/rocm-llvm-7.2.3/usr/include/llvm/CodeGen/TargetLoweringObjectFileImpl.h
-- Installing: /destdir/rocm-llvm-7.2.3/usr/include/llvm/CodeGen/TargetOpcodes.h
-- Installing: /destdir/rocm-llvm-7.2.3/usr/include/llvm/CodeGen/TargetPassConfig.h
-- Installing: /destdir/rocm-llvm-7.2.3/usr/include/llvm/CodeGen/TargetRegisterInfo.h
-- Installing: /destdir/rocm-llvm-7.2.3/usr/include/llvm/CodeGen/TargetSchedule.h
-- Installing: /destdir/rocm-llvm-7.2.3/usr/include/llvm/CodeGen/TargetSubtargetInfo.h
-- Installing: /destdir/rocm-llvm-7.2.3/usr/include/llvm/CodeGen/TileShapeInfo.h
-- Installing: /destdir/rocm-llvm-7.2.3/usr/include/llvm/CodeGen/TwoAddressInstructionPass.h
-- Installing: /destdir/rocm-llvm-7.2.3/usr/include/llvm/CodeGen/TypePromotion.h
-- Installing: /destdir/rocm-llvm-7.2.3/usr/include/llvm/CodeGen/UnreachableBlockElim.h
-- Installing: /destdir/rocm-llvm-7.2.3/usr/include/llvm/CodeGen/VLIWMachineScheduler.h
-- Installing: /destdir/rocm-llvm-7.2.3/usr/include/llvm/CodeGen/ValueTypes.h
-- Installing: /destdir/rocm-llvm-7.2.3/usr/include/llvm/CodeGen/ValueTypes.td
-- Installing: /destdir/rocm-llvm-7.2.3/usr/include/llvm/CodeGen/VirtRegMap.h
-- Installing: /destdir/rocm-llvm-7.2.3/usr/include/llvm/CodeGen/WasmEHFuncInfo.h
-- Installing: /destdir/rocm-llvm-7.2.3/usr/include/llvm/CodeGen/WasmEHPrepare.h
-- Installing: /destdir/rocm-llvm-7.2.3/usr/include/llvm/CodeGen/WinEHFuncInfo.h
-- Installing: /destdir/rocm-llvm-7.2.3/usr/include/llvm/CodeGen/WinEHPrepare.h
-- Installing: /destdir/rocm-llvm-7.2.3/usr/include/llvm/CodeGen/WindowScheduler.h
-- Installing: /destdir/rocm-llvm-7.2.3/usr/include/llvm/CodeGen/XRayInstrumentation.h
-- Installing: /destdir/rocm-llvm-7.2.3/usr/include/llvm/CodeGenTypes
-- Installing: /destdir/rocm-llvm-7.2.3/usr/include/llvm/CodeGenTypes/LowLevelType.h
-- Installing: /destdir/rocm-llvm-7.2.3/usr/include/llvm/CodeGenTypes/MachineValueType.h
-- Installing: /destdir/rocm-llvm-7.2.3/usr/include/llvm/Config
-- Installing: /destdir/rocm-llvm-7.2.3/usr/include/llvm/DWARFCFIChecker
-- Installing: /destdir/rocm-llvm-7.2.3/usr/include/llvm/DWARFCFIChecker/DWARFCFIAnalysis.h
-- Installing: /destdir/rocm-llvm-7.2.3/usr/include/llvm/DWARFCFIChecker/DWARFCFIFunctionFrameAnalyzer.h
-- Installing: /destdir/rocm-llvm-7.2.3/usr/include/llvm/DWARFCFIChecker/DWARFCFIFunctionFrameReceiver.h
-- Installing: /destdir/rocm-llvm-7.2.3/usr/include/llvm/DWARFCFIChecker/DWARFCFIFunctionFrameStreamer.h
-- Installing: /destdir/rocm-llvm-7.2.3/usr/include/llvm/DWARFCFIChecker/DWARFCFIState.h
-- Installing: /destdir/rocm-llvm-7.2.3/usr/include/llvm/DWARFLinker
-- Installing: /destdir/rocm-llvm-7.2.3/usr/include/llvm/DWARFLinker/AddressesMap.h
-- Installing: /destdir/rocm-llvm-7.2.3/usr/include/llvm/DWARFLinker/Classic
-- Installing: /destdir/rocm-llvm-7.2.3/usr/include/llvm/DWARFLinker/Classic/DWARFLinker.h
-- Installing: /destdir/rocm-llvm-7.2.3/usr/include/llvm/DWARFLinker/Classic/DWARFLinkerCompileUnit.h
-- Installing: /destdir/rocm-llvm-7.2.3/usr/include/llvm/DWARFLinker/Classic/DWARFLinkerDeclContext.h
-- Installing: /destdir/rocm-llvm-7.2.3/usr/include/llvm/DWARFLinker/Classic/DWARFStreamer.h
-- Installing: /destdir/rocm-llvm-7.2.3/usr/include/llvm/DWARFLinker/DWARFFile.h
-- Installing: /destdir/rocm-llvm-7.2.3/usr/include/llvm/DWARFLinker/DWARFLinkerBase.h
-- Installing: /destdir/rocm-llvm-7.2.3/usr/include/llvm/DWARFLinker/IndexedValuesMap.h
-- Installing: /destdir/rocm-llvm-7.2.3/usr/include/llvm/DWARFLinker/Parallel
-- Installing: /destdir/rocm-llvm-7.2.3/usr/include/llvm/DWARFLinker/Parallel/DWARFLinker.h
-- Installing: /destdir/rocm-llvm-7.2.3/usr/include/llvm/DWARFLinker/StringPool.h
-- Installing: /destdir/rocm-llvm-7.2.3/usr/include/llvm/DWARFLinker/Utils.h
-- Installing: /destdir/rocm-llvm-7.2.3/usr/include/llvm/DWP
-- Installing: /destdir/rocm-llvm-7.2.3/usr/include/llvm/DWP/DWP.h
-- Installing: /destdir/rocm-llvm-7.2.3/usr/include/llvm/DWP/DWPError.h
-- Installing: /destdir/rocm-llvm-7.2.3/usr/include/llvm/DWP/DWPStringPool.h
-- Installing: /destdir/rocm-llvm-7.2.3/usr/include/llvm/DebugInfo
-- Installing: /destdir/rocm-llvm-7.2.3/usr/include/llvm/DebugInfo/BTF
-- Installing: /destdir/rocm-llvm-7.2.3/usr/include/llvm/DebugInfo/BTF/BTF.def
-- Installing: /destdir/rocm-llvm-7.2.3/usr/include/llvm/DebugInfo/BTF/BTF.h
-- Installing: /destdir/rocm-llvm-7.2.3/usr/include/llvm/DebugInfo/BTF/BTFContext.h
-- Installing: /destdir/rocm-llvm-7.2.3/usr/include/llvm/DebugInfo/BTF/BTFParser.h
-- Installing: /destdir/rocm-llvm-7.2.3/usr/include/llvm/DebugInfo/CodeView
-- Installing: /destdir/rocm-llvm-7.2.3/usr/include/llvm/DebugInfo/CodeView/AppendingTypeTableBuilder.h
-- Installing: /destdir/rocm-llvm-7.2.3/usr/include/llvm/DebugInfo/CodeView/CVRecord.h
-- Installing: /destdir/rocm-llvm-7.2.3/usr/include/llvm/DebugInfo/CodeView/CVSymbolVisitor.h
-- Installing: /destdir/rocm-llvm-7.2.3/usr/include/llvm/DebugInfo/CodeView/CVTypeVisitor.h
-- Installing: /destdir/rocm-llvm-7.2.3/usr/include/llvm/DebugInfo/CodeView/CodeView.h
-- Installing: /destdir/rocm-llvm-7.2.3/usr/include/llvm/DebugInfo/CodeView/CodeViewError.h
-- Installing: /destdir/rocm-llvm-7.2.3/usr/include/llvm/DebugInfo/CodeView/CodeViewLanguages.def
-- Installing: /destdir/rocm-llvm-7.2.3/usr/include/llvm/DebugInfo/CodeView/CodeViewRecordIO.h
-- Installing: /destdir/rocm-llvm-7.2.3/usr/include/llvm/DebugInfo/CodeView/CodeViewRegisters.def
-- Installing: /destdir/rocm-llvm-7.2.3/usr/include/llvm/DebugInfo/CodeView/CodeViewSymbols.def
-- Installing: /destdir/rocm-llvm-7.2.3/usr/include/llvm/DebugInfo/CodeView/CodeViewTypes.def
-- Installing: /destdir/rocm-llvm-7.2.3/usr/include/llvm/DebugInfo/CodeView/ContinuationRecordBuilder.h
-- Installing: /destdir/rocm-llvm-7.2.3/usr/include/llvm/DebugInfo/CodeView/DebugChecksumsSubsection.h
-- Installing: /destdir/rocm-llvm-7.2.3/usr/include/llvm/DebugInfo/CodeView/DebugCrossExSubsection.h
-- Installing: /destdir/rocm-llvm-7.2.3/usr/include/llvm/DebugInfo/CodeView/DebugCrossImpSubsection.h
-- Installing: /destdir/rocm-llvm-7.2.3/usr/include/llvm/DebugInfo/CodeView/DebugFrameDataSubsection.h
-- Installing: /destdir/rocm-llvm-7.2.3/usr/include/llvm/DebugInfo/CodeView/DebugInlineeLinesSubsection.h
-- Installing: /destdir/rocm-llvm-7.2.3/usr/include/llvm/DebugInfo/CodeView/DebugLinesSubsection.h
-- Installing: /destdir/rocm-llvm-7.2.3/usr/include/llvm/DebugInfo/CodeView/DebugStringTableSubsection.h
-- Installing: /destdir/rocm-llvm-7.2.3/usr/include/llvm/DebugInfo/CodeView/DebugSubsection.h
-- Installing: /destdir/rocm-llvm-7.2.3/usr/include/llvm/DebugInfo/CodeView/DebugSubsectionRecord.h
-- Installing: /destdir/rocm-llvm-7.2.3/usr/include/llvm/DebugInfo/CodeView/DebugSubsectionVisitor.h
-- Installing: /destdir/rocm-llvm-7.2.3/usr/include/llvm/DebugInfo/CodeView/DebugSymbolRVASubsection.h
-- Installing: /destdir/rocm-llvm-7.2.3/usr/include/llvm/DebugInfo/CodeView/DebugSymbolsSubsection.h
-- Installing: /destdir/rocm-llvm-7.2.3/usr/include/llvm/DebugInfo/CodeView/DebugUnknownSubsection.h
-- Installing: /destdir/rocm-llvm-7.2.3/usr/include/llvm/DebugInfo/CodeView/EnumTables.h
-- Installing: /destdir/rocm-llvm-7.2.3/usr/include/llvm/DebugInfo/CodeView/Formatters.h
-- Installing: /destdir/rocm-llvm-7.2.3/usr/include/llvm/DebugInfo/CodeView/FunctionId.h
-- Installing: /destdir/rocm-llvm-7.2.3/usr/include/llvm/DebugInfo/CodeView/GUID.h
-- Installing: /destdir/rocm-llvm-7.2.3/usr/include/llvm/DebugInfo/CodeView/GlobalTypeTableBuilder.h
-- Installing: /destdir/rocm-llvm-7.2.3/usr/include/llvm/DebugInfo/CodeView/LazyRandomTypeCollection.h
-- Installing: /destdir/rocm-llvm-7.2.3/usr/include/llvm/DebugInfo/CodeView/Line.h
-- Installing: /destdir/rocm-llvm-7.2.3/usr/include/llvm/DebugInfo/CodeView/MergingTypeTableBuilder.h
-- Installing: /destdir/rocm-llvm-7.2.3/usr/include/llvm/DebugInfo/CodeView/RecordName.h
-- Installing: /destdir/rocm-llvm-7.2.3/usr/include/llvm/DebugInfo/CodeView/RecordSerialization.h
-- Installing: /destdir/rocm-llvm-7.2.3/usr/include/llvm/DebugInfo/CodeView/SimpleTypeSerializer.h
-- Installing: /destdir/rocm-llvm-7.2.3/usr/include/llvm/DebugInfo/CodeView/StringsAndChecksums.h
-- Installing: /destdir/rocm-llvm-7.2.3/usr/include/llvm/DebugInfo/CodeView/SymbolDeserializer.h
-- Installing: /destdir/rocm-llvm-7.2.3/usr/include/llvm/DebugInfo/CodeView/SymbolDumpDelegate.h
-- Installing: /destdir/rocm-llvm-7.2.3/usr/include/llvm/DebugInfo/CodeView/SymbolDumper.h
-- Installing: /destdir/rocm-llvm-7.2.3/usr/include/llvm/DebugInfo/CodeView/SymbolRecord.h
-- Installing: /destdir/rocm-llvm-7.2.3/usr/include/llvm/DebugInfo/CodeView/SymbolRecordHelpers.h
-- Installing: /destdir/rocm-llvm-7.2.3/usr/include/llvm/DebugInfo/CodeView/SymbolRecordMapping.h
-- Installing: /destdir/rocm-llvm-7.2.3/usr/include/llvm/DebugInfo/CodeView/SymbolSerializer.h
-- Installing: /destdir/rocm-llvm-7.2.3/usr/include/llvm/DebugInfo/CodeView/SymbolVisitorCallbackPipeline.h
-- Installing: /destdir/rocm-llvm-7.2.3/usr/include/llvm/DebugInfo/CodeView/SymbolVisitorCallbacks.h
-- Installing: /destdir/rocm-llvm-7.2.3/usr/include/llvm/DebugInfo/CodeView/SymbolVisitorDelegate.h
-- Installing: /destdir/rocm-llvm-7.2.3/usr/include/llvm/DebugInfo/CodeView/TypeCollection.h
-- Installing: /destdir/rocm-llvm-7.2.3/usr/include/llvm/DebugInfo/CodeView/TypeDeserializer.h
-- Installing: /destdir/rocm-llvm-7.2.3/usr/include/llvm/DebugInfo/CodeView/TypeDumpVisitor.h
-- Installing: /destdir/rocm-llvm-7.2.3/usr/include/llvm/DebugInfo/CodeView/TypeHashing.h
-- Installing: /destdir/rocm-llvm-7.2.3/usr/include/llvm/DebugInfo/CodeView/TypeIndex.h
-- Installing: /destdir/rocm-llvm-7.2.3/usr/include/llvm/DebugInfo/CodeView/TypeIndexDiscovery.h
-- Installing: /destdir/rocm-llvm-7.2.3/usr/include/llvm/DebugInfo/CodeView/TypeRecord.h
-- Installing: /destdir/rocm-llvm-7.2.3/usr/include/llvm/DebugInfo/CodeView/TypeRecordHelpers.h
-- Installing: /destdir/rocm-llvm-7.2.3/usr/include/llvm/DebugInfo/CodeView/TypeRecordMapping.h
-- Installing: /destdir/rocm-llvm-7.2.3/usr/include/llvm/DebugInfo/CodeView/TypeStreamMerger.h
-- Installing: /destdir/rocm-llvm-7.2.3/usr/include/llvm/DebugInfo/CodeView/TypeSymbolEmitter.h
-- Installing: /destdir/rocm-llvm-7.2.3/usr/include/llvm/DebugInfo/CodeView/TypeTableCollection.h
-- Installing: /destdir/rocm-llvm-7.2.3/usr/include/llvm/DebugInfo/CodeView/TypeVisitorCallbackPipeline.h
-- Installing: /destdir/rocm-llvm-7.2.3/usr/include/llvm/DebugInfo/CodeView/TypeVisitorCallbacks.h
-- Installing: /destdir/rocm-llvm-7.2.3/usr/include/llvm/DebugInfo/DIContext.h
-- Installing: /destdir/rocm-llvm-7.2.3/usr/include/llvm/DebugInfo/DWARF
-- Installing: /destdir/rocm-llvm-7.2.3/usr/include/llvm/DebugInfo/DWARF/DWARFAbbreviationDeclaration.h
-- Installing: /destdir/rocm-llvm-7.2.3/usr/include/llvm/DebugInfo/DWARF/DWARFAcceleratorTable.h
-- Installing: /destdir/rocm-llvm-7.2.3/usr/include/llvm/DebugInfo/DWARF/DWARFAddressRange.h
-- Installing: /destdir/rocm-llvm-7.2.3/usr/include/llvm/DebugInfo/DWARF/DWARFAttribute.h
-- Installing: /destdir/rocm-llvm-7.2.3/usr/include/llvm/DebugInfo/DWARF/DWARFCFIPrinter.h
-- Installing: /destdir/rocm-llvm-7.2.3/usr/include/llvm/DebugInfo/DWARF/DWARFCompileUnit.h
-- Installing: /destdir/rocm-llvm-7.2.3/usr/include/llvm/DebugInfo/DWARF/DWARFContext.h
-- Installing: /destdir/rocm-llvm-7.2.3/usr/include/llvm/DebugInfo/DWARF/DWARFDataExtractor.h
-- Installing: /destdir/rocm-llvm-7.2.3/usr/include/llvm/DebugInfo/DWARF/DWARFDebugAbbrev.h
-- Installing: /destdir/rocm-llvm-7.2.3/usr/include/llvm/DebugInfo/DWARF/DWARFDebugAddr.h
-- Installing: /destdir/rocm-llvm-7.2.3/usr/include/llvm/DebugInfo/DWARF/DWARFDebugArangeSet.h
-- Installing: /destdir/rocm-llvm-7.2.3/usr/include/llvm/DebugInfo/DWARF/DWARFDebugAranges.h
-- Installing: /destdir/rocm-llvm-7.2.3/usr/include/llvm/DebugInfo/DWARF/DWARFDebugFrame.h
-- Installing: /destdir/rocm-llvm-7.2.3/usr/include/llvm/DebugInfo/DWARF/DWARFDebugInfoEntry.h
-- Installing: /destdir/rocm-llvm-7.2.3/usr/include/llvm/DebugInfo/DWARF/DWARFDebugLine.h
-- Installing: /destdir/rocm-llvm-7.2.3/usr/include/llvm/DebugInfo/DWARF/DWARFDebugLoc.h
-- Installing: /destdir/rocm-llvm-7.2.3/usr/include/llvm/DebugInfo/DWARF/DWARFDebugMacro.h
-- Installing: /destdir/rocm-llvm-7.2.3/usr/include/llvm/DebugInfo/DWARF/DWARFDebugPubTable.h
-- Installing: /destdir/rocm-llvm-7.2.3/usr/include/llvm/DebugInfo/DWARF/DWARFDebugRangeList.h
-- Installing: /destdir/rocm-llvm-7.2.3/usr/include/llvm/DebugInfo/DWARF/DWARFDebugRnglists.h
-- Installing: /destdir/rocm-llvm-7.2.3/usr/include/llvm/DebugInfo/DWARF/DWARFDie.h
-- Installing: /destdir/rocm-llvm-7.2.3/usr/include/llvm/DebugInfo/DWARF/DWARFExpressionPrinter.h
-- Installing: /destdir/rocm-llvm-7.2.3/usr/include/llvm/DebugInfo/DWARF/DWARFFormValue.h
-- Installing: /destdir/rocm-llvm-7.2.3/usr/include/llvm/DebugInfo/DWARF/DWARFGdbIndex.h
-- Installing: /destdir/rocm-llvm-7.2.3/usr/include/llvm/DebugInfo/DWARF/DWARFListTable.h
-- Installing: /destdir/rocm-llvm-7.2.3/usr/include/llvm/DebugInfo/DWARF/DWARFLocationExpression.h
-- Installing: /destdir/rocm-llvm-7.2.3/usr/include/llvm/DebugInfo/DWARF/DWARFObject.h
-- Installing: /destdir/rocm-llvm-7.2.3/usr/include/llvm/DebugInfo/DWARF/DWARFRelocMap.h
-- Installing: /destdir/rocm-llvm-7.2.3/usr/include/llvm/DebugInfo/DWARF/DWARFSection.h
-- Installing: /destdir/rocm-llvm-7.2.3/usr/include/llvm/DebugInfo/DWARF/DWARFTypePrinter.h
-- Installing: /destdir/rocm-llvm-7.2.3/usr/include/llvm/DebugInfo/DWARF/DWARFTypeUnit.h
-- Installing: /destdir/rocm-llvm-7.2.3/usr/include/llvm/DebugInfo/DWARF/DWARFUnit.h
-- Installing: /destdir/rocm-llvm-7.2.3/usr/include/llvm/DebugInfo/DWARF/DWARFUnitIndex.h
-- Installing: /destdir/rocm-llvm-7.2.3/usr/include/llvm/DebugInfo/DWARF/DWARFUnwindTablePrinter.h
-- Installing: /destdir/rocm-llvm-7.2.3/usr/include/llvm/DebugInfo/DWARF/DWARFVerifier.h
-- Installing: /destdir/rocm-llvm-7.2.3/usr/include/llvm/DebugInfo/DWARF/LowLevel
-- Installing: /destdir/rocm-llvm-7.2.3/usr/include/llvm/DebugInfo/DWARF/LowLevel/DWARFCFIProgram.h
-- Installing: /destdir/rocm-llvm-7.2.3/usr/include/llvm/DebugInfo/DWARF/LowLevel/DWARFDataExtractorSimple.h
-- Installing: /destdir/rocm-llvm-7.2.3/usr/include/llvm/DebugInfo/DWARF/LowLevel/DWARFExpression.h
-- Installing: /destdir/rocm-llvm-7.2.3/usr/include/llvm/DebugInfo/DWARF/LowLevel/DWARFUnwindTable.h
-- Installing: /destdir/rocm-llvm-7.2.3/usr/include/llvm/DebugInfo/GSYM
-- Installing: /destdir/rocm-llvm-7.2.3/usr/include/llvm/DebugInfo/GSYM/CallSiteInfo.h
-- Installing: /destdir/rocm-llvm-7.2.3/usr/include/llvm/DebugInfo/GSYM/DwarfTransformer.h
-- Installing: /destdir/rocm-llvm-7.2.3/usr/include/llvm/DebugInfo/GSYM/ExtractRanges.h
-- Installing: /destdir/rocm-llvm-7.2.3/usr/include/llvm/DebugInfo/GSYM/FileEntry.h
-- Installing: /destdir/rocm-llvm-7.2.3/usr/include/llvm/DebugInfo/GSYM/FileWriter.h
-- Installing: /destdir/rocm-llvm-7.2.3/usr/include/llvm/DebugInfo/GSYM/FunctionInfo.h
-- Installing: /destdir/rocm-llvm-7.2.3/usr/include/llvm/DebugInfo/GSYM/GsymContext.h
-- Installing: /destdir/rocm-llvm-7.2.3/usr/include/llvm/DebugInfo/GSYM/GsymCreator.h
-- Installing: /destdir/rocm-llvm-7.2.3/usr/include/llvm/DebugInfo/GSYM/GsymReader.h
-- Installing: /destdir/rocm-llvm-7.2.3/usr/include/llvm/DebugInfo/GSYM/Header.h
-- Installing: /destdir/rocm-llvm-7.2.3/usr/include/llvm/DebugInfo/GSYM/InlineInfo.h
-- Installing: /destdir/rocm-llvm-7.2.3/usr/include/llvm/DebugInfo/GSYM/LineEntry.h
-- Installing: /destdir/rocm-llvm-7.2.3/usr/include/llvm/DebugInfo/GSYM/LineTable.h
-- Installing: /destdir/rocm-llvm-7.2.3/usr/include/llvm/DebugInfo/GSYM/LookupResult.h
-- Installing: /destdir/rocm-llvm-7.2.3/usr/include/llvm/DebugInfo/GSYM/MergedFunctionsInfo.h
-- Installing: /destdir/rocm-llvm-7.2.3/usr/include/llvm/DebugInfo/GSYM/ObjectFileTransformer.h
-- Installing: /destdir/rocm-llvm-7.2.3/usr/include/llvm/DebugInfo/GSYM/OutputAggregator.h
-- Installing: /destdir/rocm-llvm-7.2.3/usr/include/llvm/DebugInfo/GSYM/StringTable.h
-- Installing: /destdir/rocm-llvm-7.2.3/usr/include/llvm/DebugInfo/LogicalView
-- Installing: /destdir/rocm-llvm-7.2.3/usr/include/llvm/DebugInfo/LogicalView/Core
-- Installing: /destdir/rocm-llvm-7.2.3/usr/include/llvm/DebugInfo/LogicalView/Core/LVCompare.h
-- Installing: /destdir/rocm-llvm-7.2.3/usr/include/llvm/DebugInfo/LogicalView/Core/LVElement.h
-- Installing: /destdir/rocm-llvm-7.2.3/usr/include/llvm/DebugInfo/LogicalView/Core/LVLine.h
-- Installing: /destdir/rocm-llvm-7.2.3/usr/include/llvm/DebugInfo/LogicalView/Core/LVLocation.h
-- Installing: /destdir/rocm-llvm-7.2.3/usr/include/llvm/DebugInfo/LogicalView/Core/LVObject.h
-- Installing: /destdir/rocm-llvm-7.2.3/usr/include/llvm/DebugInfo/LogicalView/Core/LVOptions.h
-- Installing: /destdir/rocm-llvm-7.2.3/usr/include/llvm/DebugInfo/LogicalView/Core/LVRange.h
-- Installing: /destdir/rocm-llvm-7.2.3/usr/include/llvm/DebugInfo/LogicalView/Core/LVReader.h
-- Installing: /destdir/rocm-llvm-7.2.3/usr/include/llvm/DebugInfo/LogicalView/Core/LVScope.h
-- Installing: /destdir/rocm-llvm-7.2.3/usr/include/llvm/DebugInfo/LogicalView/Core/LVSort.h
-- Installing: /destdir/rocm-llvm-7.2.3/usr/include/llvm/DebugInfo/LogicalView/Core/LVSourceLanguage.h
-- Installing: /destdir/rocm-llvm-7.2.3/usr/include/llvm/DebugInfo/LogicalView/Core/LVStringPool.h
-- Installing: /destdir/rocm-llvm-7.2.3/usr/include/llvm/DebugInfo/LogicalView/Core/LVSupport.h
-- Installing: /destdir/rocm-llvm-7.2.3/usr/include/llvm/DebugInfo/LogicalView/Core/LVSymbol.h
-- Installing: /destdir/rocm-llvm-7.2.3/usr/include/llvm/DebugInfo/LogicalView/Core/LVType.h
-- Installing: /destdir/rocm-llvm-7.2.3/usr/include/llvm/DebugInfo/LogicalView/LVReaderHandler.h
-- Installing: /destdir/rocm-llvm-7.2.3/usr/include/llvm/DebugInfo/LogicalView/Readers
-- Installing: /destdir/rocm-llvm-7.2.3/usr/include/llvm/DebugInfo/LogicalView/Readers/LVBinaryReader.h
-- Installing: /destdir/rocm-llvm-7.2.3/usr/include/llvm/DebugInfo/LogicalView/Readers/LVCodeViewReader.h
-- Installing: /destdir/rocm-llvm-7.2.3/usr/include/llvm/DebugInfo/LogicalView/Readers/LVCodeViewVisitor.h
-- Installing: /destdir/rocm-llvm-7.2.3/usr/include/llvm/DebugInfo/LogicalView/Readers/LVDWARFReader.h
-- Installing: /destdir/rocm-llvm-7.2.3/usr/include/llvm/DebugInfo/MSF
-- Installing: /destdir/rocm-llvm-7.2.3/usr/include/llvm/DebugInfo/MSF/IMSFFile.h
-- Installing: /destdir/rocm-llvm-7.2.3/usr/include/llvm/DebugInfo/MSF/MSFBuilder.h
-- Installing: /destdir/rocm-llvm-7.2.3/usr/include/llvm/DebugInfo/MSF/MSFCommon.h
-- Installing: /destdir/rocm-llvm-7.2.3/usr/include/llvm/DebugInfo/MSF/MSFError.h
-- Installing: /destdir/rocm-llvm-7.2.3/usr/include/llvm/DebugInfo/MSF/MappedBlockStream.h
-- Installing: /destdir/rocm-llvm-7.2.3/usr/include/llvm/DebugInfo/PDB
-- Installing: /destdir/rocm-llvm-7.2.3/usr/include/llvm/DebugInfo/PDB/ConcreteSymbolEnumerator.h
-- Installing: /destdir/rocm-llvm-7.2.3/usr/include/llvm/DebugInfo/PDB/DIA
-- Installing: /destdir/rocm-llvm-7.2.3/usr/include/llvm/DebugInfo/PDB/DIA/DIADataStream.h
-- Installing: /destdir/rocm-llvm-7.2.3/usr/include/llvm/DebugInfo/PDB/DIA/DIAEnumDebugStreams.h
-- Installing: /destdir/rocm-llvm-7.2.3/usr/include/llvm/DebugInfo/PDB/DIA/DIAEnumFrameData.h
-- Installing: /destdir/rocm-llvm-7.2.3/usr/include/llvm/DebugInfo/PDB/DIA/DIAEnumInjectedSources.h
-- Installing: /destdir/rocm-llvm-7.2.3/usr/include/llvm/DebugInfo/PDB/DIA/DIAEnumLineNumbers.h
-- Installing: /destdir/rocm-llvm-7.2.3/usr/include/llvm/DebugInfo/PDB/DIA/DIAEnumSectionContribs.h
-- Installing: /destdir/rocm-llvm-7.2.3/usr/include/llvm/DebugInfo/PDB/DIA/DIAEnumSourceFiles.h
-- Installing: /destdir/rocm-llvm-7.2.3/usr/include/llvm/DebugInfo/PDB/DIA/DIAEnumSymbols.h
-- Installing: /destdir/rocm-llvm-7.2.3/usr/include/llvm/DebugInfo/PDB/DIA/DIAEnumTables.h
-- Installing: /destdir/rocm-llvm-7.2.3/usr/include/llvm/DebugInfo/PDB/DIA/DIAError.h
-- Installing: /destdir/rocm-llvm-7.2.3/usr/include/llvm/DebugInfo/PDB/DIA/DIAFrameData.h
-- Installing: /destdir/rocm-llvm-7.2.3/usr/include/llvm/DebugInfo/PDB/DIA/DIAInjectedSource.h
-- Installing: /destdir/rocm-llvm-7.2.3/usr/include/llvm/DebugInfo/PDB/DIA/DIALineNumber.h
-- Installing: /destdir/rocm-llvm-7.2.3/usr/include/llvm/DebugInfo/PDB/DIA/DIARawSymbol.h
-- Installing: /destdir/rocm-llvm-7.2.3/usr/include/llvm/DebugInfo/PDB/DIA/DIASectionContrib.h
-- Installing: /destdir/rocm-llvm-7.2.3/usr/include/llvm/DebugInfo/PDB/DIA/DIASession.h
-- Installing: /destdir/rocm-llvm-7.2.3/usr/include/llvm/DebugInfo/PDB/DIA/DIASourceFile.h
-- Installing: /destdir/rocm-llvm-7.2.3/usr/include/llvm/DebugInfo/PDB/DIA/DIASupport.h
-- Installing: /destdir/rocm-llvm-7.2.3/usr/include/llvm/DebugInfo/PDB/DIA/DIATable.h
-- Installing: /destdir/rocm-llvm-7.2.3/usr/include/llvm/DebugInfo/PDB/DIA/DIAUtils.h
-- Installing: /destdir/rocm-llvm-7.2.3/usr/include/llvm/DebugInfo/PDB/GenericError.h
-- Installing: /destdir/rocm-llvm-7.2.3/usr/include/llvm/DebugInfo/PDB/IPDBDataStream.h
-- Installing: /destdir/rocm-llvm-7.2.3/usr/include/llvm/DebugInfo/PDB/IPDBEnumChildren.h
-- Installing: /destdir/rocm-llvm-7.2.3/usr/include/llvm/DebugInfo/PDB/IPDBFrameData.h
-- Installing: /destdir/rocm-llvm-7.2.3/usr/include/llvm/DebugInfo/PDB/IPDBInjectedSource.h
-- Installing: /destdir/rocm-llvm-7.2.3/usr/include/llvm/DebugInfo/PDB/IPDBLineNumber.h
-- Installing: /destdir/rocm-llvm-7.2.3/usr/include/llvm/DebugInfo/PDB/IPDBRawSymbol.h
-- Installing: /destdir/rocm-llvm-7.2.3/usr/include/llvm/DebugInfo/PDB/IPDBSectionContrib.h
-- Installing: /destdir/rocm-llvm-7.2.3/usr/include/llvm/DebugInfo/PDB/IPDBSession.h
-- Installing: /destdir/rocm-llvm-7.2.3/usr/include/llvm/DebugInfo/PDB/IPDBSourceFile.h
-- Installing: /destdir/rocm-llvm-7.2.3/usr/include/llvm/DebugInfo/PDB/IPDBTable.h
-- Installing: /destdir/rocm-llvm-7.2.3/usr/include/llvm/DebugInfo/PDB/Native
-- Installing: /destdir/rocm-llvm-7.2.3/usr/include/llvm/DebugInfo/PDB/Native/DbiModuleDescriptor.h
-- Installing: /destdir/rocm-llvm-7.2.3/usr/include/llvm/DebugInfo/PDB/Native/DbiModuleDescriptorBuilder.h
-- Installing: /destdir/rocm-llvm-7.2.3/usr/include/llvm/DebugInfo/PDB/Native/DbiModuleList.h
-- Installing: /destdir/rocm-llvm-7.2.3/usr/include/llvm/DebugInfo/PDB/Native/DbiStream.h
-- Installing: /destdir/rocm-llvm-7.2.3/usr/include/llvm/DebugInfo/PDB/Native/DbiStreamBuilder.h
-- Installing: /destdir/rocm-llvm-7.2.3/usr/include/llvm/DebugInfo/PDB/Native/EnumTables.h
-- Installing: /destdir/rocm-llvm-7.2.3/usr/include/llvm/DebugInfo/PDB/Native/FormatUtil.h
-- Installing: /destdir/rocm-llvm-7.2.3/usr/include/llvm/DebugInfo/PDB/Native/GSIStreamBuilder.h
-- Installing: /destdir/rocm-llvm-7.2.3/usr/include/llvm/DebugInfo/PDB/Native/GlobalsStream.h
-- Installing: /destdir/rocm-llvm-7.2.3/usr/include/llvm/DebugInfo/PDB/Native/Hash.h
-- Installing: /destdir/rocm-llvm-7.2.3/usr/include/llvm/DebugInfo/PDB/Native/HashTable.h
-- Installing: /destdir/rocm-llvm-7.2.3/usr/include/llvm/DebugInfo/PDB/Native/ISectionContribVisitor.h
-- Installing: /destdir/rocm-llvm-7.2.3/usr/include/llvm/DebugInfo/PDB/Native/InfoStream.h
-- Installing: /destdir/rocm-llvm-7.2.3/usr/include/llvm/DebugInfo/PDB/Native/InfoStreamBuilder.h
-- Installing: /destdir/rocm-llvm-7.2.3/usr/include/llvm/DebugInfo/PDB/Native/InjectedSourceStream.h
-- Installing: /destdir/rocm-llvm-7.2.3/usr/include/llvm/DebugInfo/PDB/Native/InputFile.h
-- Installing: /destdir/rocm-llvm-7.2.3/usr/include/llvm/DebugInfo/PDB/Native/LinePrinter.h
-- Installing: /destdir/rocm-llvm-7.2.3/usr/include/llvm/DebugInfo/PDB/Native/ModuleDebugStream.h
-- Installing: /destdir/rocm-llvm-7.2.3/usr/include/llvm/DebugInfo/PDB/Native/NamedStreamMap.h
-- Installing: /destdir/rocm-llvm-7.2.3/usr/include/llvm/DebugInfo/PDB/Native/NativeCompilandSymbol.h
-- Installing: /destdir/rocm-llvm-7.2.3/usr/include/llvm/DebugInfo/PDB/Native/NativeEnumGlobals.h
-- Installing: /destdir/rocm-llvm-7.2.3/usr/include/llvm/DebugInfo/PDB/Native/NativeEnumInjectedSources.h
-- Installing: /destdir/rocm-llvm-7.2.3/usr/include/llvm/DebugInfo/PDB/Native/NativeEnumLineNumbers.h
-- Installing: /destdir/rocm-llvm-7.2.3/usr/include/llvm/DebugInfo/PDB/Native/NativeEnumModules.h
-- Installing: /destdir/rocm-llvm-7.2.3/usr/include/llvm/DebugInfo/PDB/Native/NativeEnumSymbols.h
-- Installing: /destdir/rocm-llvm-7.2.3/usr/include/llvm/DebugInfo/PDB/Native/NativeEnumTypes.h
-- Installing: /destdir/rocm-llvm-7.2.3/usr/include/llvm/DebugInfo/PDB/Native/NativeExeSymbol.h
-- Installing: /destdir/rocm-llvm-7.2.3/usr/include/llvm/DebugInfo/PDB/Native/NativeFunctionSymbol.h
-- Installing: /destdir/rocm-llvm-7.2.3/usr/include/llvm/DebugInfo/PDB/Native/NativeInlineSiteSymbol.h
-- Installing: /destdir/rocm-llvm-7.2.3/usr/include/llvm/DebugInfo/PDB/Native/NativeLineNumber.h
-- Installing: /destdir/rocm-llvm-7.2.3/usr/include/llvm/DebugInfo/PDB/Native/NativePublicSymbol.h
-- Installing: /destdir/rocm-llvm-7.2.3/usr/include/llvm/DebugInfo/PDB/Native/NativeRawSymbol.h
-- Installing: /destdir/rocm-llvm-7.2.3/usr/include/llvm/DebugInfo/PDB/Native/NativeSession.h
-- Installing: /destdir/rocm-llvm-7.2.3/usr/include/llvm/DebugInfo/PDB/Native/NativeSourceFile.h
-- Installing: /destdir/rocm-llvm-7.2.3/usr/include/llvm/DebugInfo/PDB/Native/NativeSymbolEnumerator.h
-- Installing: /destdir/rocm-llvm-7.2.3/usr/include/llvm/DebugInfo/PDB/Native/NativeTypeArray.h
-- Installing: /destdir/rocm-llvm-7.2.3/usr/include/llvm/DebugInfo/PDB/Native/NativeTypeBuiltin.h
-- Installing: /destdir/rocm-llvm-7.2.3/usr/include/llvm/DebugInfo/PDB/Native/NativeTypeEnum.h
-- Installing: /destdir/rocm-llvm-7.2.3/usr/include/llvm/DebugInfo/PDB/Native/NativeTypeFunctionSig.h
-- Installing: /destdir/rocm-llvm-7.2.3/usr/include/llvm/DebugInfo/PDB/Native/NativeTypePointer.h
-- Installing: /destdir/rocm-llvm-7.2.3/usr/include/llvm/DebugInfo/PDB/Native/NativeTypeTypedef.h
-- Installing: /destdir/rocm-llvm-7.2.3/usr/include/llvm/DebugInfo/PDB/Native/NativeTypeUDT.h
-- Installing: /destdir/rocm-llvm-7.2.3/usr/include/llvm/DebugInfo/PDB/Native/NativeTypeVTShape.h
-- Installing: /destdir/rocm-llvm-7.2.3/usr/include/llvm/DebugInfo/PDB/Native/PDBFile.h
-- Installing: /destdir/rocm-llvm-7.2.3/usr/include/llvm/DebugInfo/PDB/Native/PDBFileBuilder.h
-- Installing: /destdir/rocm-llvm-7.2.3/usr/include/llvm/DebugInfo/PDB/Native/PDBStringTable.h
-- Installing: /destdir/rocm-llvm-7.2.3/usr/include/llvm/DebugInfo/PDB/Native/PDBStringTableBuilder.h
-- Installing: /destdir/rocm-llvm-7.2.3/usr/include/llvm/DebugInfo/PDB/Native/PublicsStream.h
-- Installing: /destdir/rocm-llvm-7.2.3/usr/include/llvm/DebugInfo/PDB/Native/RawConstants.h
-- Installing: /destdir/rocm-llvm-7.2.3/usr/include/llvm/DebugInfo/PDB/Native/RawError.h
-- Installing: /destdir/rocm-llvm-7.2.3/usr/include/llvm/DebugInfo/PDB/Native/RawTypes.h
-- Installing: /destdir/rocm-llvm-7.2.3/usr/include/llvm/DebugInfo/PDB/Native/SymbolCache.h
-- Installing: /destdir/rocm-llvm-7.2.3/usr/include/llvm/DebugInfo/PDB/Native/SymbolStream.h
-- Installing: /destdir/rocm-llvm-7.2.3/usr/include/llvm/DebugInfo/PDB/Native/TpiHashing.h
-- Installing: /destdir/rocm-llvm-7.2.3/usr/include/llvm/DebugInfo/PDB/Native/TpiStream.h
-- Installing: /destdir/rocm-llvm-7.2.3/usr/include/llvm/DebugInfo/PDB/Native/TpiStreamBuilder.h
-- Installing: /destdir/rocm-llvm-7.2.3/usr/include/llvm/DebugInfo/PDB/PDB.h
-- Installing: /destdir/rocm-llvm-7.2.3/usr/include/llvm/DebugInfo/PDB/PDBContext.h
-- Installing: /destdir/rocm-llvm-7.2.3/usr/include/llvm/DebugInfo/PDB/PDBExtras.h
-- Installing: /destdir/rocm-llvm-7.2.3/usr/include/llvm/DebugInfo/PDB/PDBSymDumper.h
-- Installing: /destdir/rocm-llvm-7.2.3/usr/include/llvm/DebugInfo/PDB/PDBSymbol.h
-- Installing: /destdir/rocm-llvm-7.2.3/usr/include/llvm/DebugInfo/PDB/PDBSymbolAnnotation.h
-- Installing: /destdir/rocm-llvm-7.2.3/usr/include/llvm/DebugInfo/PDB/PDBSymbolBlock.h
-- Installing: /destdir/rocm-llvm-7.2.3/usr/include/llvm/DebugInfo/PDB/PDBSymbolCompiland.h
-- Installing: /destdir/rocm-llvm-7.2.3/usr/include/llvm/DebugInfo/PDB/PDBSymbolCompilandDetails.h
-- Installing: /destdir/rocm-llvm-7.2.3/usr/include/llvm/DebugInfo/PDB/PDBSymbolCompilandEnv.h
-- Installing: /destdir/rocm-llvm-7.2.3/usr/include/llvm/DebugInfo/PDB/PDBSymbolCustom.h
-- Installing: /destdir/rocm-llvm-7.2.3/usr/include/llvm/DebugInfo/PDB/PDBSymbolData.h
-- Installing: /destdir/rocm-llvm-7.2.3/usr/include/llvm/DebugInfo/PDB/PDBSymbolExe.h
-- Installing: /destdir/rocm-llvm-7.2.3/usr/include/llvm/DebugInfo/PDB/PDBSymbolFunc.h
-- Installing: /destdir/rocm-llvm-7.2.3/usr/include/llvm/DebugInfo/PDB/PDBSymbolFuncDebugEnd.h
-- Installing: /destdir/rocm-llvm-7.2.3/usr/include/llvm/DebugInfo/PDB/PDBSymbolFuncDebugStart.h
-- Installing: /destdir/rocm-llvm-7.2.3/usr/include/llvm/DebugInfo/PDB/PDBSymbolLabel.h
-- Installing: /destdir/rocm-llvm-7.2.3/usr/include/llvm/DebugInfo/PDB/PDBSymbolPublicSymbol.h
-- Installing: /destdir/rocm-llvm-7.2.3/usr/include/llvm/DebugInfo/PDB/PDBSymbolThunk.h
-- Installing: /destdir/rocm-llvm-7.2.3/usr/include/llvm/DebugInfo/PDB/PDBSymbolTypeArray.h
-- Installing: /destdir/rocm-llvm-7.2.3/usr/include/llvm/DebugInfo/PDB/PDBSymbolTypeBaseClass.h
-- Installing: /destdir/rocm-llvm-7.2.3/usr/include/llvm/DebugInfo/PDB/PDBSymbolTypeBuiltin.h
-- Installing: /destdir/rocm-llvm-7.2.3/usr/include/llvm/DebugInfo/PDB/PDBSymbolTypeCustom.h
-- Installing: /destdir/rocm-llvm-7.2.3/usr/include/llvm/DebugInfo/PDB/PDBSymbolTypeDimension.h
-- Installing: /destdir/rocm-llvm-7.2.3/usr/include/llvm/DebugInfo/PDB/PDBSymbolTypeEnum.h
-- Installing: /destdir/rocm-llvm-7.2.3/usr/include/llvm/DebugInfo/PDB/PDBSymbolTypeFriend.h
-- Installing: /destdir/rocm-llvm-7.2.3/usr/include/llvm/DebugInfo/PDB/PDBSymbolTypeFunctionArg.h
-- Installing: /destdir/rocm-llvm-7.2.3/usr/include/llvm/DebugInfo/PDB/PDBSymbolTypeFunctionSig.h
-- Installing: /destdir/rocm-llvm-7.2.3/usr/include/llvm/DebugInfo/PDB/PDBSymbolTypeManaged.h
-- Installing: /destdir/rocm-llvm-7.2.3/usr/include/llvm/DebugInfo/PDB/PDBSymbolTypePointer.h
-- Installing: /destdir/rocm-llvm-7.2.3/usr/include/llvm/DebugInfo/PDB/PDBSymbolTypeTypedef.h
-- Installing: /destdir/rocm-llvm-7.2.3/usr/include/llvm/DebugInfo/PDB/PDBSymbolTypeUDT.h
-- Installing: /destdir/rocm-llvm-7.2.3/usr/include/llvm/DebugInfo/PDB/PDBSymbolTypeVTable.h
-- Installing: /destdir/rocm-llvm-7.2.3/usr/include/llvm/DebugInfo/PDB/PDBSymbolTypeVTableShape.h
-- Installing: /destdir/rocm-llvm-7.2.3/usr/include/llvm/DebugInfo/PDB/PDBSymbolUnknown.h
-- Installing: /destdir/rocm-llvm-7.2.3/usr/include/llvm/DebugInfo/PDB/PDBSymbolUsingNamespace.h
-- Installing: /destdir/rocm-llvm-7.2.3/usr/include/llvm/DebugInfo/PDB/PDBTypes.h
-- Installing: /destdir/rocm-llvm-7.2.3/usr/include/llvm/DebugInfo/PDB/UDTLayout.h
-- Installing: /destdir/rocm-llvm-7.2.3/usr/include/llvm/DebugInfo/Symbolize
-- Installing: /destdir/rocm-llvm-7.2.3/usr/include/llvm/DebugInfo/Symbolize/DIPrinter.h
-- Installing: /destdir/rocm-llvm-7.2.3/usr/include/llvm/DebugInfo/Symbolize/Markup.h
-- Installing: /destdir/rocm-llvm-7.2.3/usr/include/llvm/DebugInfo/Symbolize/MarkupFilter.h
-- Installing: /destdir/rocm-llvm-7.2.3/usr/include/llvm/DebugInfo/Symbolize/SymbolizableModule.h
-- Installing: /destdir/rocm-llvm-7.2.3/usr/include/llvm/DebugInfo/Symbolize/SymbolizableObjectFile.h
-- Installing: /destdir/rocm-llvm-7.2.3/usr/include/llvm/DebugInfo/Symbolize/Symbolize.h
-- Installing: /destdir/rocm-llvm-7.2.3/usr/include/llvm/Debuginfod
-- Installing: /destdir/rocm-llvm-7.2.3/usr/include/llvm/Debuginfod/BuildIDFetcher.h
-- Installing: /destdir/rocm-llvm-7.2.3/usr/include/llvm/Debuginfod/Debuginfod.h
-- Installing: /destdir/rocm-llvm-7.2.3/usr/include/llvm/Debuginfod/HTTPClient.h
-- Installing: /destdir/rocm-llvm-7.2.3/usr/include/llvm/Debuginfod/HTTPServer.h
-- Installing: /destdir/rocm-llvm-7.2.3/usr/include/llvm/Demangle
-- Installing: /destdir/rocm-llvm-7.2.3/usr/include/llvm/Demangle/Demangle.h
-- Installing: /destdir/rocm-llvm-7.2.3/usr/include/llvm/Demangle/DemangleConfig.h
-- Installing: /destdir/rocm-llvm-7.2.3/usr/include/llvm/Demangle/ItaniumDemangle.h
-- Installing: /destdir/rocm-llvm-7.2.3/usr/include/llvm/Demangle/ItaniumNodes.def
-- Installing: /destdir/rocm-llvm-7.2.3/usr/include/llvm/Demangle/MicrosoftDemangle.h
-- Installing: /destdir/rocm-llvm-7.2.3/usr/include/llvm/Demangle/MicrosoftDemangleNodes.h
-- Installing: /destdir/rocm-llvm-7.2.3/usr/include/llvm/Demangle/StringViewExtras.h
-- Installing: /destdir/rocm-llvm-7.2.3/usr/include/llvm/Demangle/Utility.h
-- Installing: /destdir/rocm-llvm-7.2.3/usr/include/llvm/ExecutionEngine
-- Installing: /destdir/rocm-llvm-7.2.3/usr/include/llvm/ExecutionEngine/ExecutionEngine.h
-- Installing: /destdir/rocm-llvm-7.2.3/usr/include/llvm/ExecutionEngine/GenericValue.h
-- Installing: /destdir/rocm-llvm-7.2.3/usr/include/llvm/ExecutionEngine/Interpreter.h
-- Installing: /destdir/rocm-llvm-7.2.3/usr/include/llvm/ExecutionEngine/JITEventListener.h
-- Installing: /destdir/rocm-llvm-7.2.3/usr/include/llvm/ExecutionEngine/JITLink
-- Installing: /destdir/rocm-llvm-7.2.3/usr/include/llvm/ExecutionEngine/JITLink/COFF.h
-- Installing: /destdir/rocm-llvm-7.2.3/usr/include/llvm/ExecutionEngine/JITLink/COFF_x86_64.h
-- Installing: /destdir/rocm-llvm-7.2.3/usr/include/llvm/ExecutionEngine/JITLink/DWARFRecordSectionSplitter.h
-- Installing: /destdir/rocm-llvm-7.2.3/usr/include/llvm/ExecutionEngine/JITLink/EHFrameSupport.h
-- Installing: /destdir/rocm-llvm-7.2.3/usr/include/llvm/ExecutionEngine/JITLink/ELF.h
-- Installing: /destdir/rocm-llvm-7.2.3/usr/include/llvm/ExecutionEngine/JITLink/ELF_aarch32.h
-- Installing: /destdir/rocm-llvm-7.2.3/usr/include/llvm/ExecutionEngine/JITLink/ELF_aarch64.h
-- Installing: /destdir/rocm-llvm-7.2.3/usr/include/llvm/ExecutionEngine/JITLink/ELF_loongarch.h
-- Installing: /destdir/rocm-llvm-7.2.3/usr/include/llvm/ExecutionEngine/JITLink/ELF_ppc64.h
-- Installing: /destdir/rocm-llvm-7.2.3/usr/include/llvm/ExecutionEngine/JITLink/ELF_riscv.h
-- Installing: /destdir/rocm-llvm-7.2.3/usr/include/llvm/ExecutionEngine/JITLink/ELF_x86.h
-- Installing: /destdir/rocm-llvm-7.2.3/usr/include/llvm/ExecutionEngine/JITLink/ELF_x86_64.h
-- Installing: /destdir/rocm-llvm-7.2.3/usr/include/llvm/ExecutionEngine/JITLink/JITLink.h
-- Installing: /destdir/rocm-llvm-7.2.3/usr/include/llvm/ExecutionEngine/JITLink/JITLinkDylib.h
-- Installing: /destdir/rocm-llvm-7.2.3/usr/include/llvm/ExecutionEngine/JITLink/JITLinkMemoryManager.h
-- Installing: /destdir/rocm-llvm-7.2.3/usr/include/llvm/ExecutionEngine/JITLink/MachO.h
-- Installing: /destdir/rocm-llvm-7.2.3/usr/include/llvm/ExecutionEngine/JITLink/MachO_arm64.h
-- Installing: /destdir/rocm-llvm-7.2.3/usr/include/llvm/ExecutionEngine/JITLink/MachO_x86_64.h
-- Installing: /destdir/rocm-llvm-7.2.3/usr/include/llvm/ExecutionEngine/JITLink/TableManager.h
-- Installing: /destdir/rocm-llvm-7.2.3/usr/include/llvm/ExecutionEngine/JITLink/XCOFF.h
-- Installing: /destdir/rocm-llvm-7.2.3/usr/include/llvm/ExecutionEngine/JITLink/XCOFF_ppc64.h
-- Installing: /destdir/rocm-llvm-7.2.3/usr/include/llvm/ExecutionEngine/JITLink/aarch32.h
-- Installing: /destdir/rocm-llvm-7.2.3/usr/include/llvm/ExecutionEngine/JITLink/aarch64.h
-- Installing: /destdir/rocm-llvm-7.2.3/usr/include/llvm/ExecutionEngine/JITLink/loongarch.h
-- Installing: /destdir/rocm-llvm-7.2.3/usr/include/llvm/ExecutionEngine/JITLink/ppc64.h
-- Installing: /destdir/rocm-llvm-7.2.3/usr/include/llvm/ExecutionEngine/JITLink/riscv.h
-- Installing: /destdir/rocm-llvm-7.2.3/usr/include/llvm/ExecutionEngine/JITLink/x86.h
-- Installing: /destdir/rocm-llvm-7.2.3/usr/include/llvm/ExecutionEngine/JITLink/x86_64.h
-- Installing: /destdir/rocm-llvm-7.2.3/usr/include/llvm/ExecutionEngine/JITSymbol.h
-- Installing: /destdir/rocm-llvm-7.2.3/usr/include/llvm/ExecutionEngine/MCJIT.h
-- Installing: /destdir/rocm-llvm-7.2.3/usr/include/llvm/ExecutionEngine/OProfileWrapper.h
-- Installing: /destdir/rocm-llvm-7.2.3/usr/include/llvm/ExecutionEngine/ObjectCache.h
-- Installing: /destdir/rocm-llvm-7.2.3/usr/include/llvm/ExecutionEngine/Orc
-- Installing: /destdir/rocm-llvm-7.2.3/usr/include/llvm/ExecutionEngine/Orc/AbsoluteSymbols.h
-- Installing: /destdir/rocm-llvm-7.2.3/usr/include/llvm/ExecutionEngine/Orc/COFF.h
-- Installing: /destdir/rocm-llvm-7.2.3/usr/include/llvm/ExecutionEngine/Orc/COFFPlatform.h
-- Installing: /destdir/rocm-llvm-7.2.3/usr/include/llvm/ExecutionEngine/Orc/COFFVCRuntimeSupport.h
-- Installing: /destdir/rocm-llvm-7.2.3/usr/include/llvm/ExecutionEngine/Orc/CompileOnDemandLayer.h
-- Installing: /destdir/rocm-llvm-7.2.3/usr/include/llvm/ExecutionEngine/Orc/CompileUtils.h
-- Installing: /destdir/rocm-llvm-7.2.3/usr/include/llvm/ExecutionEngine/Orc/Core.h
-- Installing: /destdir/rocm-llvm-7.2.3/usr/include/llvm/ExecutionEngine/Orc/CoreContainers.h
-- Installing: /destdir/rocm-llvm-7.2.3/usr/include/llvm/ExecutionEngine/Orc/DebugObjectManagerPlugin.h
-- Installing: /destdir/rocm-llvm-7.2.3/usr/include/llvm/ExecutionEngine/Orc/DebugUtils.h
-- Installing: /destdir/rocm-llvm-7.2.3/usr/include/llvm/ExecutionEngine/Orc/Debugging
-- Installing: /destdir/rocm-llvm-7.2.3/usr/include/llvm/ExecutionEngine/Orc/Debugging/DebugInfoSupport.h
-- Installing: /destdir/rocm-llvm-7.2.3/usr/include/llvm/ExecutionEngine/Orc/Debugging/DebuggerSupport.h
-- Installing: /destdir/rocm-llvm-7.2.3/usr/include/llvm/ExecutionEngine/Orc/Debugging/DebuggerSupportPlugin.h
-- Installing: /destdir/rocm-llvm-7.2.3/usr/include/llvm/ExecutionEngine/Orc/Debugging/PerfSupportPlugin.h
-- Installing: /destdir/rocm-llvm-7.2.3/usr/include/llvm/ExecutionEngine/Orc/Debugging/VTuneSupportPlugin.h
-- Installing: /destdir/rocm-llvm-7.2.3/usr/include/llvm/ExecutionEngine/Orc/DylibManager.h
-- Installing: /destdir/rocm-llvm-7.2.3/usr/include/llvm/ExecutionEngine/Orc/EHFrameRegistrationPlugin.h
-- Installing: /destdir/rocm-llvm-7.2.3/usr/include/llvm/ExecutionEngine/Orc/ELFNixPlatform.h
-- Installing: /destdir/rocm-llvm-7.2.3/usr/include/llvm/ExecutionEngine/Orc/EPCDebugObjectRegistrar.h
-- Installing: /destdir/rocm-llvm-7.2.3/usr/include/llvm/ExecutionEngine/Orc/EPCDynamicLibrarySearchGenerator.h
-- Installing: /destdir/rocm-llvm-7.2.3/usr/include/llvm/ExecutionEngine/Orc/EPCGenericDylibManager.h
-- Installing: /destdir/rocm-llvm-7.2.3/usr/include/llvm/ExecutionEngine/Orc/EPCGenericJITLinkMemoryManager.h
-- Installing: /destdir/rocm-llvm-7.2.3/usr/include/llvm/ExecutionEngine/Orc/EPCGenericMemoryAccess.h
-- Installing: /destdir/rocm-llvm-7.2.3/usr/include/llvm/ExecutionEngine/Orc/EPCGenericRTDyldMemoryManager.h
-- Installing: /destdir/rocm-llvm-7.2.3/usr/include/llvm/ExecutionEngine/Orc/EPCIndirectionUtils.h
-- Installing: /destdir/rocm-llvm-7.2.3/usr/include/llvm/ExecutionEngine/Orc/ExecutionUtils.h
-- Installing: /destdir/rocm-llvm-7.2.3/usr/include/llvm/ExecutionEngine/Orc/ExecutorProcessControl.h
-- Installing: /destdir/rocm-llvm-7.2.3/usr/include/llvm/ExecutionEngine/Orc/GetDylibInterface.h
-- Installing: /destdir/rocm-llvm-7.2.3/usr/include/llvm/ExecutionEngine/Orc/IRCompileLayer.h
-- Installing: /destdir/rocm-llvm-7.2.3/usr/include/llvm/ExecutionEngine/Orc/IRPartitionLayer.h
-- Installing: /destdir/rocm-llvm-7.2.3/usr/include/llvm/ExecutionEngine/Orc/IRTransformLayer.h
-- Installing: /destdir/rocm-llvm-7.2.3/usr/include/llvm/ExecutionEngine/Orc/InProcessMemoryAccess.h
-- Installing: /destdir/rocm-llvm-7.2.3/usr/include/llvm/ExecutionEngine/Orc/IndirectionUtils.h
-- Installing: /destdir/rocm-llvm-7.2.3/usr/include/llvm/ExecutionEngine/Orc/JITLinkRedirectableSymbolManager.h
-- Installing: /destdir/rocm-llvm-7.2.3/usr/include/llvm/ExecutionEngine/Orc/JITLinkReentryTrampolines.h
-- Installing: /destdir/rocm-llvm-7.2.3/usr/include/llvm/ExecutionEngine/Orc/JITTargetMachineBuilder.h
-- Installing: /destdir/rocm-llvm-7.2.3/usr/include/llvm/ExecutionEngine/Orc/LLJIT.h
-- Installing: /destdir/rocm-llvm-7.2.3/usr/include/llvm/ExecutionEngine/Orc/Layer.h
-- Installing: /destdir/rocm-llvm-7.2.3/usr/include/llvm/ExecutionEngine/Orc/LazyObjectLinkingLayer.h
-- Installing: /destdir/rocm-llvm-7.2.3/usr/include/llvm/ExecutionEngine/Orc/LazyReexports.h
-- Installing: /destdir/rocm-llvm-7.2.3/usr/include/llvm/ExecutionEngine/Orc/LinkGraphLayer.h
-- Installing: /destdir/rocm-llvm-7.2.3/usr/include/llvm/ExecutionEngine/Orc/LinkGraphLinkingLayer.h
-- Installing: /destdir/rocm-llvm-7.2.3/usr/include/llvm/ExecutionEngine/Orc/LoadLinkableFile.h
-- Installing: /destdir/rocm-llvm-7.2.3/usr/include/llvm/ExecutionEngine/Orc/LookupAndRecordAddrs.h
-- Installing: /destdir/rocm-llvm-7.2.3/usr/include/llvm/ExecutionEngine/Orc/MachO.h
-- Installing: /destdir/rocm-llvm-7.2.3/usr/include/llvm/ExecutionEngine/Orc/MachOBuilder.h
-- Installing: /destdir/rocm-llvm-7.2.3/usr/include/llvm/ExecutionEngine/Orc/MachOPlatform.h
-- Installing: /destdir/rocm-llvm-7.2.3/usr/include/llvm/ExecutionEngine/Orc/Mangling.h
-- Installing: /destdir/rocm-llvm-7.2.3/usr/include/llvm/ExecutionEngine/Orc/MapperJITLinkMemoryManager.h
-- Installing: /destdir/rocm-llvm-7.2.3/usr/include/llvm/ExecutionEngine/Orc/MaterializationUnit.h
-- Installing: /destdir/rocm-llvm-7.2.3/usr/include/llvm/ExecutionEngine/Orc/MemoryAccess.h
-- Installing: /destdir/rocm-llvm-7.2.3/usr/include/llvm/ExecutionEngine/Orc/MemoryMapper.h
-- Installing: /destdir/rocm-llvm-7.2.3/usr/include/llvm/ExecutionEngine/Orc/ObjectFileInterface.h
-- Installing: /destdir/rocm-llvm-7.2.3/usr/include/llvm/ExecutionEngine/Orc/ObjectLinkingLayer.h
-- Installing: /destdir/rocm-llvm-7.2.3/usr/include/llvm/ExecutionEngine/Orc/ObjectTransformLayer.h
-- Installing: /destdir/rocm-llvm-7.2.3/usr/include/llvm/ExecutionEngine/Orc/OrcABISupport.h
-- Installing: /destdir/rocm-llvm-7.2.3/usr/include/llvm/ExecutionEngine/Orc/RTDyldObjectLinkingLayer.h
-- Installing: /destdir/rocm-llvm-7.2.3/usr/include/llvm/ExecutionEngine/Orc/ReOptimizeLayer.h
-- Installing: /destdir/rocm-llvm-7.2.3/usr/include/llvm/ExecutionEngine/Orc/RedirectionManager.h
-- Installing: /destdir/rocm-llvm-7.2.3/usr/include/llvm/ExecutionEngine/Orc/SectCreate.h
-- Installing: /destdir/rocm-llvm-7.2.3/usr/include/llvm/ExecutionEngine/Orc/SelfExecutorProcessControl.h
-- Installing: /destdir/rocm-llvm-7.2.3/usr/include/llvm/ExecutionEngine/Orc/Shared
-- Installing: /destdir/rocm-llvm-7.2.3/usr/include/llvm/ExecutionEngine/Orc/Shared/AllocationActions.h
-- Installing: /destdir/rocm-llvm-7.2.3/usr/include/llvm/ExecutionEngine/Orc/Shared/ExecutorAddress.h
-- Installing: /destdir/rocm-llvm-7.2.3/usr/include/llvm/ExecutionEngine/Orc/Shared/ExecutorSymbolDef.h
-- Installing: /destdir/rocm-llvm-7.2.3/usr/include/llvm/ExecutionEngine/Orc/Shared/MachOObjectFormat.h
-- Installing: /destdir/rocm-llvm-7.2.3/usr/include/llvm/ExecutionEngine/Orc/Shared/MemoryFlags.h
-- Installing: /destdir/rocm-llvm-7.2.3/usr/include/llvm/ExecutionEngine/Orc/Shared/ObjectFormats.h
-- Installing: /destdir/rocm-llvm-7.2.3/usr/include/llvm/ExecutionEngine/Orc/Shared/OrcError.h
-- Installing: /destdir/rocm-llvm-7.2.3/usr/include/llvm/ExecutionEngine/Orc/Shared/OrcRTBridge.h
-- Installing: /destdir/rocm-llvm-7.2.3/usr/include/llvm/ExecutionEngine/Orc/Shared/PerfSharedStructs.h
-- Installing: /destdir/rocm-llvm-7.2.3/usr/include/llvm/ExecutionEngine/Orc/Shared/SimplePackedSerialization.h
-- Installing: /destdir/rocm-llvm-7.2.3/usr/include/llvm/ExecutionEngine/Orc/Shared/SimpleRemoteEPCUtils.h
-- Installing: /destdir/rocm-llvm-7.2.3/usr/include/llvm/ExecutionEngine/Orc/Shared/TargetProcessControlTypes.h
-- Installing: /destdir/rocm-llvm-7.2.3/usr/include/llvm/ExecutionEngine/Orc/Shared/VTuneSharedStructs.h
-- Installing: /destdir/rocm-llvm-7.2.3/usr/include/llvm/ExecutionEngine/Orc/Shared/WrapperFunctionUtils.h
-- Installing: /destdir/rocm-llvm-7.2.3/usr/include/llvm/ExecutionEngine/Orc/SimpleRemoteEPC.h
-- Installing: /destdir/rocm-llvm-7.2.3/usr/include/llvm/ExecutionEngine/Orc/SpeculateAnalyses.h
-- Installing: /destdir/rocm-llvm-7.2.3/usr/include/llvm/ExecutionEngine/Orc/Speculation.h
-- Installing: /destdir/rocm-llvm-7.2.3/usr/include/llvm/ExecutionEngine/Orc/SymbolStringPool.h
-- Installing: /destdir/rocm-llvm-7.2.3/usr/include/llvm/ExecutionEngine/Orc/TargetProcess
-- Installing: /destdir/rocm-llvm-7.2.3/usr/include/llvm/ExecutionEngine/Orc/TargetProcess/DefaultHostBootstrapValues.h
-- Installing: /destdir/rocm-llvm-7.2.3/usr/include/llvm/ExecutionEngine/Orc/TargetProcess/ExecutorBootstrapService.h
-- Installing: /destdir/rocm-llvm-7.2.3/usr/include/llvm/ExecutionEngine/Orc/TargetProcess/ExecutorSharedMemoryMapperService.h
-- Installing: /destdir/rocm-llvm-7.2.3/usr/include/llvm/ExecutionEngine/Orc/TargetProcess/JITLoaderGDB.h
-- Installing: /destdir/rocm-llvm-7.2.3/usr/include/llvm/ExecutionEngine/Orc/TargetProcess/JITLoaderPerf.h
-- Installing: /destdir/rocm-llvm-7.2.3/usr/include/llvm/ExecutionEngine/Orc/TargetProcess/JITLoaderVTune.h
-- Installing: /destdir/rocm-llvm-7.2.3/usr/include/llvm/ExecutionEngine/Orc/TargetProcess/RegisterEHFrames.h
-- Installing: /destdir/rocm-llvm-7.2.3/usr/include/llvm/ExecutionEngine/Orc/TargetProcess/SimpleExecutorDylibManager.h
-- Installing: /destdir/rocm-llvm-7.2.3/usr/include/llvm/ExecutionEngine/Orc/TargetProcess/SimpleExecutorMemoryManager.h
-- Installing: /destdir/rocm-llvm-7.2.3/usr/include/llvm/ExecutionEngine/Orc/TargetProcess/SimpleRemoteEPCServer.h
-- Installing: /destdir/rocm-llvm-7.2.3/usr/include/llvm/ExecutionEngine/Orc/TargetProcess/TargetExecutionUtils.h
-- Installing: /destdir/rocm-llvm-7.2.3/usr/include/llvm/ExecutionEngine/Orc/TargetProcess/UnwindInfoManager.h
-- Installing: /destdir/rocm-llvm-7.2.3/usr/include/llvm/ExecutionEngine/Orc/TaskDispatch.h
-- Installing: /destdir/rocm-llvm-7.2.3/usr/include/llvm/ExecutionEngine/Orc/ThreadSafeModule.h
-- Installing: /destdir/rocm-llvm-7.2.3/usr/include/llvm/ExecutionEngine/Orc/UnwindInfoRegistrationPlugin.h
-- Installing: /destdir/rocm-llvm-7.2.3/usr/include/llvm/ExecutionEngine/RTDyldMemoryManager.h
-- Installing: /destdir/rocm-llvm-7.2.3/usr/include/llvm/ExecutionEngine/RuntimeDyld.h
-- Installing: /destdir/rocm-llvm-7.2.3/usr/include/llvm/ExecutionEngine/RuntimeDyldChecker.h
-- Installing: /destdir/rocm-llvm-7.2.3/usr/include/llvm/ExecutionEngine/SectionMemoryManager.h
-- Installing: /destdir/rocm-llvm-7.2.3/usr/include/llvm/FileCheck
-- Installing: /destdir/rocm-llvm-7.2.3/usr/include/llvm/FileCheck/FileCheck.h
-- Installing: /destdir/rocm-llvm-7.2.3/usr/include/llvm/Frontend
-- Installing: /destdir/rocm-llvm-7.2.3/usr/include/llvm/Frontend/Atomic
-- Installing: /destdir/rocm-llvm-7.2.3/usr/include/llvm/Frontend/Atomic/Atomic.h
-- Installing: /destdir/rocm-llvm-7.2.3/usr/include/llvm/Frontend/Debug
-- Installing: /destdir/rocm-llvm-7.2.3/usr/include/llvm/Frontend/Debug/Options.h
-- Installing: /destdir/rocm-llvm-7.2.3/usr/include/llvm/Frontend/Directive
-- Installing: /destdir/rocm-llvm-7.2.3/usr/include/llvm/Frontend/Directive/DirectiveBase.td
-- Installing: /destdir/rocm-llvm-7.2.3/usr/include/llvm/Frontend/Directive/Spelling.h
-- Installing: /destdir/rocm-llvm-7.2.3/usr/include/llvm/Frontend/Driver
-- Installing: /destdir/rocm-llvm-7.2.3/usr/include/llvm/Frontend/Driver/CodeGenOptions.h
-- Installing: /destdir/rocm-llvm-7.2.3/usr/include/llvm/Frontend/HLSL
-- Installing: /destdir/rocm-llvm-7.2.3/usr/include/llvm/Frontend/HLSL/CBuffer.h
-- Installing: /destdir/rocm-llvm-7.2.3/usr/include/llvm/Frontend/HLSL/HLSLBinding.h
-- Installing: /destdir/rocm-llvm-7.2.3/usr/include/llvm/Frontend/HLSL/HLSLResource.h
-- Installing: /destdir/rocm-llvm-7.2.3/usr/include/llvm/Frontend/HLSL/HLSLRootSignature.h
-- Installing: /destdir/rocm-llvm-7.2.3/usr/include/llvm/Frontend/HLSL/RootSignatureMetadata.h
-- Installing: /destdir/rocm-llvm-7.2.3/usr/include/llvm/Frontend/HLSL/RootSignatureValidations.h
-- Installing: /destdir/rocm-llvm-7.2.3/usr/include/llvm/Frontend/Offloading
-- Installing: /destdir/rocm-llvm-7.2.3/usr/include/llvm/Frontend/Offloading/OffloadWrapper.h
-- Installing: /destdir/rocm-llvm-7.2.3/usr/include/llvm/Frontend/Offloading/PropertySet.h
-- Installing: /destdir/rocm-llvm-7.2.3/usr/include/llvm/Frontend/Offloading/Utility.h
-- Installing: /destdir/rocm-llvm-7.2.3/usr/include/llvm/Frontend/OpenACC
-- Installing: /destdir/rocm-llvm-7.2.3/usr/include/llvm/Frontend/OpenACC/ACC.td
-- Installing: /destdir/rocm-llvm-7.2.3/usr/include/llvm/Frontend/OpenMP
-- Installing: /destdir/rocm-llvm-7.2.3/usr/include/llvm/Frontend/OpenMP/ClauseT.h
-- Installing: /destdir/rocm-llvm-7.2.3/usr/include/llvm/Frontend/OpenMP/ConstructDecompositionT.h
-- Installing: /destdir/rocm-llvm-7.2.3/usr/include/llvm/Frontend/OpenMP/DirectiveNameParser.h
-- Installing: /destdir/rocm-llvm-7.2.3/usr/include/llvm/Frontend/OpenMP/OMP.h
-- Installing: /destdir/rocm-llvm-7.2.3/usr/include/llvm/Frontend/OpenMP/OMP.td
-- Installing: /destdir/rocm-llvm-7.2.3/usr/include/llvm/Frontend/OpenMP/OMPAssume.h
-- Installing: /destdir/rocm-llvm-7.2.3/usr/include/llvm/Frontend/OpenMP/OMPConstants.h
-- Installing: /destdir/rocm-llvm-7.2.3/usr/include/llvm/Frontend/OpenMP/OMPContext.h
-- Installing: /destdir/rocm-llvm-7.2.3/usr/include/llvm/Frontend/OpenMP/OMPDeviceConstants.h
-- Installing: /destdir/rocm-llvm-7.2.3/usr/include/llvm/Frontend/OpenMP/OMPGridValues.h
-- Installing: /destdir/rocm-llvm-7.2.3/usr/include/llvm/Frontend/OpenMP/OMPIRBuilder.h
-- Installing: /destdir/rocm-llvm-7.2.3/usr/include/llvm/Frontend/OpenMP/OMPKinds.def
-- Installing: /destdir/rocm-llvm-7.2.3/usr/include/llvm/FuzzMutate
-- Installing: /destdir/rocm-llvm-7.2.3/usr/include/llvm/FuzzMutate/FuzzerCLI.h
-- Installing: /destdir/rocm-llvm-7.2.3/usr/include/llvm/FuzzMutate/IRMutator.h
-- Installing: /destdir/rocm-llvm-7.2.3/usr/include/llvm/FuzzMutate/OpDescriptor.h
-- Installing: /destdir/rocm-llvm-7.2.3/usr/include/llvm/FuzzMutate/Operations.h
-- Installing: /destdir/rocm-llvm-7.2.3/usr/include/llvm/FuzzMutate/Random.h
-- Installing: /destdir/rocm-llvm-7.2.3/usr/include/llvm/FuzzMutate/RandomIRBuilder.h
-- Installing: /destdir/rocm-llvm-7.2.3/usr/include/llvm/IR
-- Installing: /destdir/rocm-llvm-7.2.3/usr/include/llvm/IR/AbstractCallSite.h
-- Installing: /destdir/rocm-llvm-7.2.3/usr/include/llvm/IR/Analysis.h
-- Installing: /destdir/rocm-llvm-7.2.3/usr/include/llvm/IR/Argument.h
-- Installing: /destdir/rocm-llvm-7.2.3/usr/include/llvm/IR/AssemblyAnnotationWriter.h
-- Installing: /destdir/rocm-llvm-7.2.3/usr/include/llvm/IR/Assumptions.h
-- Installing: /destdir/rocm-llvm-7.2.3/usr/include/llvm/IR/AttributeMask.h
-- Installing: /destdir/rocm-llvm-7.2.3/usr/include/llvm/IR/Attributes.h
-- Installing: /destdir/rocm-llvm-7.2.3/usr/include/llvm/IR/Attributes.td
-- Installing: /destdir/rocm-llvm-7.2.3/usr/include/llvm/IR/AutoUpgrade.h
-- Installing: /destdir/rocm-llvm-7.2.3/usr/include/llvm/IR/BasicBlock.h
-- Installing: /destdir/rocm-llvm-7.2.3/usr/include/llvm/IR/BuiltinGCs.h
-- Installing: /destdir/rocm-llvm-7.2.3/usr/include/llvm/IR/CFG.h
-- Installing: /destdir/rocm-llvm-7.2.3/usr/include/llvm/IR/CallingConv.h
-- Installing: /destdir/rocm-llvm-7.2.3/usr/include/llvm/IR/CmpPredicate.h
-- Installing: /destdir/rocm-llvm-7.2.3/usr/include/llvm/IR/Comdat.h
-- Installing: /destdir/rocm-llvm-7.2.3/usr/include/llvm/IR/Constant.h
-- Installing: /destdir/rocm-llvm-7.2.3/usr/include/llvm/IR/ConstantFPRange.h
-- Installing: /destdir/rocm-llvm-7.2.3/usr/include/llvm/IR/ConstantFold.h
-- Installing: /destdir/rocm-llvm-7.2.3/usr/include/llvm/IR/ConstantFolder.h
-- Installing: /destdir/rocm-llvm-7.2.3/usr/include/llvm/IR/ConstantRange.h
-- Installing: /destdir/rocm-llvm-7.2.3/usr/include/llvm/IR/ConstantRangeList.h
-- Installing: /destdir/rocm-llvm-7.2.3/usr/include/llvm/IR/Constants.h
-- Installing: /destdir/rocm-llvm-7.2.3/usr/include/llvm/IR/ConstrainedOps.def
-- Installing: /destdir/rocm-llvm-7.2.3/usr/include/llvm/IR/ConvergenceVerifier.h
-- Installing: /destdir/rocm-llvm-7.2.3/usr/include/llvm/IR/CycleInfo.h
-- Installing: /destdir/rocm-llvm-7.2.3/usr/include/llvm/IR/DIBuilder.h
-- Installing: /destdir/rocm-llvm-7.2.3/usr/include/llvm/IR/DIExprOps.def
-- Installing: /destdir/rocm-llvm-7.2.3/usr/include/llvm/IR/DataLayout.h
-- Installing: /destdir/rocm-llvm-7.2.3/usr/include/llvm/IR/DbgVariableFragmentInfo.h
-- Installing: /destdir/rocm-llvm-7.2.3/usr/include/llvm/IR/DebugInfo.h
-- Installing: /destdir/rocm-llvm-7.2.3/usr/include/llvm/IR/DebugInfoFlags.def
-- Installing: /destdir/rocm-llvm-7.2.3/usr/include/llvm/IR/DebugInfoMetadata.h
-- Installing: /destdir/rocm-llvm-7.2.3/usr/include/llvm/IR/DebugLoc.h
-- Installing: /destdir/rocm-llvm-7.2.3/usr/include/llvm/IR/DebugProgramInstruction.h
-- Installing: /destdir/rocm-llvm-7.2.3/usr/include/llvm/IR/DerivedTypes.h
-- Installing: /destdir/rocm-llvm-7.2.3/usr/include/llvm/IR/DerivedUser.h
-- Installing: /destdir/rocm-llvm-7.2.3/usr/include/llvm/IR/DiagnosticHandler.h
-- Installing: /destdir/rocm-llvm-7.2.3/usr/include/llvm/IR/DiagnosticInfo.h
-- Installing: /destdir/rocm-llvm-7.2.3/usr/include/llvm/IR/DiagnosticPrinter.h
-- Installing: /destdir/rocm-llvm-7.2.3/usr/include/llvm/IR/Dominators.h
-- Installing: /destdir/rocm-llvm-7.2.3/usr/include/llvm/IR/DroppedVariableStats.h
-- Installing: /destdir/rocm-llvm-7.2.3/usr/include/llvm/IR/DroppedVariableStatsIR.h
-- Installing: /destdir/rocm-llvm-7.2.3/usr/include/llvm/IR/EHPersonalities.h
-- Installing: /destdir/rocm-llvm-7.2.3/usr/include/llvm/IR/FMF.h
-- Installing: /destdir/rocm-llvm-7.2.3/usr/include/llvm/IR/FPEnv.h
-- Installing: /destdir/rocm-llvm-7.2.3/usr/include/llvm/IR/FixedMetadataKinds.def
-- Installing: /destdir/rocm-llvm-7.2.3/usr/include/llvm/IR/FixedPointBuilder.h
-- Installing: /destdir/rocm-llvm-7.2.3/usr/include/llvm/IR/Function.h
-- Installing: /destdir/rocm-llvm-7.2.3/usr/include/llvm/IR/GCStrategy.h
-- Installing: /destdir/rocm-llvm-7.2.3/usr/include/llvm/IR/GEPNoWrapFlags.h
-- Installing: /destdir/rocm-llvm-7.2.3/usr/include/llvm/IR/GVMaterializer.h
-- Installing: /destdir/rocm-llvm-7.2.3/usr/include/llvm/IR/GenericConvergenceVerifierImpl.h
-- Installing: /destdir/rocm-llvm-7.2.3/usr/include/llvm/IR/GenericFloatingPointPredicateUtils.h
-- Installing: /destdir/rocm-llvm-7.2.3/usr/include/llvm/IR/GetElementPtrTypeIterator.h
-- Installing: /destdir/rocm-llvm-7.2.3/usr/include/llvm/IR/GlobalAlias.h
-- Installing: /destdir/rocm-llvm-7.2.3/usr/include/llvm/IR/GlobalIFunc.h
-- Installing: /destdir/rocm-llvm-7.2.3/usr/include/llvm/IR/GlobalObject.h
-- Installing: /destdir/rocm-llvm-7.2.3/usr/include/llvm/IR/GlobalValue.h
-- Installing: /destdir/rocm-llvm-7.2.3/usr/include/llvm/IR/GlobalVariable.h
-- Installing: /destdir/rocm-llvm-7.2.3/usr/include/llvm/IR/IRBuilder.h
-- Installing: /destdir/rocm-llvm-7.2.3/usr/include/llvm/IR/IRBuilderFolder.h
-- Installing: /destdir/rocm-llvm-7.2.3/usr/include/llvm/IR/IRPrintingPasses.h
-- Installing: /destdir/rocm-llvm-7.2.3/usr/include/llvm/IR/InlineAsm.h
-- Installing: /destdir/rocm-llvm-7.2.3/usr/include/llvm/IR/InstIterator.h
-- Installing: /destdir/rocm-llvm-7.2.3/usr/include/llvm/IR/InstVisitor.h
-- Installing: /destdir/rocm-llvm-7.2.3/usr/include/llvm/IR/InstrTypes.h
-- Installing: /destdir/rocm-llvm-7.2.3/usr/include/llvm/IR/Instruction.def
-- Installing: /destdir/rocm-llvm-7.2.3/usr/include/llvm/IR/Instruction.h
-- Installing: /destdir/rocm-llvm-7.2.3/usr/include/llvm/IR/Instructions.h
-- Installing: /destdir/rocm-llvm-7.2.3/usr/include/llvm/IR/IntrinsicInst.h
-- Installing: /destdir/rocm-llvm-7.2.3/usr/include/llvm/IR/Intrinsics.h
-- Installing: /destdir/rocm-llvm-7.2.3/usr/include/llvm/IR/Intrinsics.td
-- Installing: /destdir/rocm-llvm-7.2.3/usr/include/llvm/IR/IntrinsicsAArch64.td
-- Installing: /destdir/rocm-llvm-7.2.3/usr/include/llvm/IR/IntrinsicsAMDGPU.td
-- Installing: /destdir/rocm-llvm-7.2.3/usr/include/llvm/IR/IntrinsicsARM.td
-- Installing: /destdir/rocm-llvm-7.2.3/usr/include/llvm/IR/IntrinsicsBPF.td
-- Installing: /destdir/rocm-llvm-7.2.3/usr/include/llvm/IR/IntrinsicsDirectX.td
-- Installing: /destdir/rocm-llvm-7.2.3/usr/include/llvm/IR/IntrinsicsHexagon.td
-- Installing: /destdir/rocm-llvm-7.2.3/usr/include/llvm/IR/IntrinsicsHexagonDep.td
-- Installing: /destdir/rocm-llvm-7.2.3/usr/include/llvm/IR/IntrinsicsLoongArch.td
-- Installing: /destdir/rocm-llvm-7.2.3/usr/include/llvm/IR/IntrinsicsMips.td
-- Installing: /destdir/rocm-llvm-7.2.3/usr/include/llvm/IR/IntrinsicsNVVM.td
-- Installing: /destdir/rocm-llvm-7.2.3/usr/include/llvm/IR/IntrinsicsPowerPC.td
-- Installing: /destdir/rocm-llvm-7.2.3/usr/include/llvm/IR/IntrinsicsRISCV.td
-- Installing: /destdir/rocm-llvm-7.2.3/usr/include/llvm/IR/IntrinsicsRISCVXAndes.td
-- Installing: /destdir/rocm-llvm-7.2.3/usr/include/llvm/IR/IntrinsicsRISCVXCV.td
-- Installing: /destdir/rocm-llvm-7.2.3/usr/include/llvm/IR/IntrinsicsRISCVXMIPS.td
-- Installing: /destdir/rocm-llvm-7.2.3/usr/include/llvm/IR/IntrinsicsRISCVXTHead.td
-- Installing: /destdir/rocm-llvm-7.2.3/usr/include/llvm/IR/IntrinsicsRISCVXsf.td
-- Installing: /destdir/rocm-llvm-7.2.3/usr/include/llvm/IR/IntrinsicsSPIRV.td
-- Installing: /destdir/rocm-llvm-7.2.3/usr/include/llvm/IR/IntrinsicsSystemZ.td
-- Installing: /destdir/rocm-llvm-7.2.3/usr/include/llvm/IR/IntrinsicsVE.td
-- Installing: /destdir/rocm-llvm-7.2.3/usr/include/llvm/IR/IntrinsicsVEVL.gen.td
-- Installing: /destdir/rocm-llvm-7.2.3/usr/include/llvm/IR/IntrinsicsWebAssembly.td
-- Installing: /destdir/rocm-llvm-7.2.3/usr/include/llvm/IR/IntrinsicsX86.td
-- Installing: /destdir/rocm-llvm-7.2.3/usr/include/llvm/IR/IntrinsicsXCore.td
-- Installing: /destdir/rocm-llvm-7.2.3/usr/include/llvm/IR/LLVMContext.h
-- Installing: /destdir/rocm-llvm-7.2.3/usr/include/llvm/IR/LLVMRemarkStreamer.h
-- Installing: /destdir/rocm-llvm-7.2.3/usr/include/llvm/IR/LegacyPassManager.h
-- Installing: /destdir/rocm-llvm-7.2.3/usr/include/llvm/IR/LegacyPassManagers.h
-- Installing: /destdir/rocm-llvm-7.2.3/usr/include/llvm/IR/LegacyPassNameParser.h
-- Installing: /destdir/rocm-llvm-7.2.3/usr/include/llvm/IR/MDBuilder.h
-- Installing: /destdir/rocm-llvm-7.2.3/usr/include/llvm/IR/Mangler.h
-- Installing: /destdir/rocm-llvm-7.2.3/usr/include/llvm/IR/MatrixBuilder.h
-- Installing: /destdir/rocm-llvm-7.2.3/usr/include/llvm/IR/MemoryModelRelaxationAnnotations.h
-- Installing: /destdir/rocm-llvm-7.2.3/usr/include/llvm/IR/Metadata.def
-- Installing: /destdir/rocm-llvm-7.2.3/usr/include/llvm/IR/Metadata.h
-- Installing: /destdir/rocm-llvm-7.2.3/usr/include/llvm/IR/Module.h
-- Installing: /destdir/rocm-llvm-7.2.3/usr/include/llvm/IR/ModuleSlotTracker.h
-- Installing: /destdir/rocm-llvm-7.2.3/usr/include/llvm/IR/ModuleSummaryIndex.h
-- Installing: /destdir/rocm-llvm-7.2.3/usr/include/llvm/IR/ModuleSummaryIndexYAML.h
-- Installing: /destdir/rocm-llvm-7.2.3/usr/include/llvm/IR/NVVMIntrinsicUtils.h
-- Installing: /destdir/rocm-llvm-7.2.3/usr/include/llvm/IR/NoFolder.h
-- Installing: /destdir/rocm-llvm-7.2.3/usr/include/llvm/IR/OperandTraits.h
-- Installing: /destdir/rocm-llvm-7.2.3/usr/include/llvm/IR/Operator.h
-- Installing: /destdir/rocm-llvm-7.2.3/usr/include/llvm/IR/OptBisect.h
-- Installing: /destdir/rocm-llvm-7.2.3/usr/include/llvm/IR/PassInstrumentation.h
-- Installing: /destdir/rocm-llvm-7.2.3/usr/include/llvm/IR/PassManager.h
-- Installing: /destdir/rocm-llvm-7.2.3/usr/include/llvm/IR/PassManagerImpl.h
-- Installing: /destdir/rocm-llvm-7.2.3/usr/include/llvm/IR/PassManagerInternal.h
-- Installing: /destdir/rocm-llvm-7.2.3/usr/include/llvm/IR/PassTimingInfo.h
-- Installing: /destdir/rocm-llvm-7.2.3/usr/include/llvm/IR/PatternMatch.h
-- Installing: /destdir/rocm-llvm-7.2.3/usr/include/llvm/IR/PredIteratorCache.h
-- Installing: /destdir/rocm-llvm-7.2.3/usr/include/llvm/IR/PrintPasses.h
-- Installing: /destdir/rocm-llvm-7.2.3/usr/include/llvm/IR/ProfDataUtils.h
-- Installing: /destdir/rocm-llvm-7.2.3/usr/include/llvm/IR/ProfileSummary.h
-- Installing: /destdir/rocm-llvm-7.2.3/usr/include/llvm/IR/PseudoProbe.h
-- Installing: /destdir/rocm-llvm-7.2.3/usr/include/llvm/IR/ReplaceConstant.h
-- Installing: /destdir/rocm-llvm-7.2.3/usr/include/llvm/IR/RuntimeLibcalls.h
-- Installing: /destdir/rocm-llvm-7.2.3/usr/include/llvm/IR/RuntimeLibcalls.td
-- Installing: /destdir/rocm-llvm-7.2.3/usr/include/llvm/IR/RuntimeLibcallsImpl.td
-- Installing: /destdir/rocm-llvm-7.2.3/usr/include/llvm/IR/SSAContext.h
-- Installing: /destdir/rocm-llvm-7.2.3/usr/include/llvm/IR/SafepointIRVerifier.h
-- Installing: /destdir/rocm-llvm-7.2.3/usr/include/llvm/IR/Statepoint.h
-- Installing: /destdir/rocm-llvm-7.2.3/usr/include/llvm/IR/StructuralHash.h
-- Installing: /destdir/rocm-llvm-7.2.3/usr/include/llvm/IR/SymbolTableListTraits.h
-- Installing: /destdir/rocm-llvm-7.2.3/usr/include/llvm/IR/TrackingMDRef.h
-- Installing: /destdir/rocm-llvm-7.2.3/usr/include/llvm/IR/Type.h
-- Installing: /destdir/rocm-llvm-7.2.3/usr/include/llvm/IR/TypeFinder.h
-- Installing: /destdir/rocm-llvm-7.2.3/usr/include/llvm/IR/TypedPointerType.h
-- Installing: /destdir/rocm-llvm-7.2.3/usr/include/llvm/IR/Use.h
-- Installing: /destdir/rocm-llvm-7.2.3/usr/include/llvm/IR/UseListOrder.h
-- Installing: /destdir/rocm-llvm-7.2.3/usr/include/llvm/IR/User.h
-- Installing: /destdir/rocm-llvm-7.2.3/usr/include/llvm/IR/VFABIDemangler.h
-- Installing: /destdir/rocm-llvm-7.2.3/usr/include/llvm/IR/VPIntrinsics.def
-- Installing: /destdir/rocm-llvm-7.2.3/usr/include/llvm/IR/Value.def
-- Installing: /destdir/rocm-llvm-7.2.3/usr/include/llvm/IR/Value.h
-- Installing: /destdir/rocm-llvm-7.2.3/usr/include/llvm/IR/ValueHandle.h
-- Installing: /destdir/rocm-llvm-7.2.3/usr/include/llvm/IR/ValueMap.h
-- Installing: /destdir/rocm-llvm-7.2.3/usr/include/llvm/IR/ValueSymbolTable.h
-- Installing: /destdir/rocm-llvm-7.2.3/usr/include/llvm/IR/VectorTypeUtils.h
-- Installing: /destdir/rocm-llvm-7.2.3/usr/include/llvm/IR/Verifier.h
-- Installing: /destdir/rocm-llvm-7.2.3/usr/include/llvm/IRPrinter
-- Installing: /destdir/rocm-llvm-7.2.3/usr/include/llvm/IRPrinter/IRPrintingPasses.h
-- Installing: /destdir/rocm-llvm-7.2.3/usr/include/llvm/IRReader
-- Installing: /destdir/rocm-llvm-7.2.3/usr/include/llvm/IRReader/IRReader.h
-- Installing: /destdir/rocm-llvm-7.2.3/usr/include/llvm/InitializePasses.h
-- Installing: /destdir/rocm-llvm-7.2.3/usr/include/llvm/InterfaceStub
-- Installing: /destdir/rocm-llvm-7.2.3/usr/include/llvm/InterfaceStub/ELFObjHandler.h
-- Installing: /destdir/rocm-llvm-7.2.3/usr/include/llvm/InterfaceStub/IFSHandler.h
-- Installing: /destdir/rocm-llvm-7.2.3/usr/include/llvm/InterfaceStub/IFSStub.h
-- Installing: /destdir/rocm-llvm-7.2.3/usr/include/llvm/LTO
-- Installing: /destdir/rocm-llvm-7.2.3/usr/include/llvm/LTO/Config.h
-- Installing: /destdir/rocm-llvm-7.2.3/usr/include/llvm/LTO/LTO.h
-- Installing: /destdir/rocm-llvm-7.2.3/usr/include/llvm/LTO/LTOBackend.h
-- Installing: /destdir/rocm-llvm-7.2.3/usr/include/llvm/LTO/legacy
-- Installing: /destdir/rocm-llvm-7.2.3/usr/include/llvm/LTO/legacy/LTOCodeGenerator.h
-- Installing: /destdir/rocm-llvm-7.2.3/usr/include/llvm/LTO/legacy/LTOModule.h
-- Installing: /destdir/rocm-llvm-7.2.3/usr/include/llvm/LTO/legacy/ThinLTOCodeGenerator.h
-- Installing: /destdir/rocm-llvm-7.2.3/usr/include/llvm/LTO/legacy/UpdateCompilerUsed.h
-- Installing: /destdir/rocm-llvm-7.2.3/usr/include/llvm/LineEditor
-- Installing: /destdir/rocm-llvm-7.2.3/usr/include/llvm/LineEditor/LineEditor.h
-- Installing: /destdir/rocm-llvm-7.2.3/usr/include/llvm/LinkAllIR.h
-- Installing: /destdir/rocm-llvm-7.2.3/usr/include/llvm/LinkAllPasses.h
-- Installing: /destdir/rocm-llvm-7.2.3/usr/include/llvm/Linker
-- Installing: /destdir/rocm-llvm-7.2.3/usr/include/llvm/Linker/IRMover.h
-- Installing: /destdir/rocm-llvm-7.2.3/usr/include/llvm/Linker/Linker.h
-- Installing: /destdir/rocm-llvm-7.2.3/usr/include/llvm/MC
-- Installing: /destdir/rocm-llvm-7.2.3/usr/include/llvm/MC/ConstantPools.h
-- Installing: /destdir/rocm-llvm-7.2.3/usr/include/llvm/MC/DXContainerPSVInfo.h
-- Installing: /destdir/rocm-llvm-7.2.3/usr/include/llvm/MC/DXContainerRootSignature.h
-- Installing: /destdir/rocm-llvm-7.2.3/usr/include/llvm/MC/LaneBitmask.h
-- Installing: /destdir/rocm-llvm-7.2.3/usr/include/llvm/MC/MCAsmBackend.h
-- Installing: /destdir/rocm-llvm-7.2.3/usr/include/llvm/MC/MCAsmInfo.h
-- Installing: /destdir/rocm-llvm-7.2.3/usr/include/llvm/MC/MCAsmInfoCOFF.h
-- Installing: /destdir/rocm-llvm-7.2.3/usr/include/llvm/MC/MCAsmInfoDarwin.h
-- Installing: /destdir/rocm-llvm-7.2.3/usr/include/llvm/MC/MCAsmInfoELF.h
-- Installing: /destdir/rocm-llvm-7.2.3/usr/include/llvm/MC/MCAsmInfoGOFF.h
-- Installing: /destdir/rocm-llvm-7.2.3/usr/include/llvm/MC/MCAsmInfoWasm.h
-- Installing: /destdir/rocm-llvm-7.2.3/usr/include/llvm/MC/MCAsmInfoXCOFF.h
-- Installing: /destdir/rocm-llvm-7.2.3/usr/include/llvm/MC/MCAsmMacro.h
-- Installing: /destdir/rocm-llvm-7.2.3/usr/include/llvm/MC/MCAssembler.h
-- Installing: /destdir/rocm-llvm-7.2.3/usr/include/llvm/MC/MCCodeEmitter.h
-- Installing: /destdir/rocm-llvm-7.2.3/usr/include/llvm/MC/MCCodeView.h
-- Installing: /destdir/rocm-llvm-7.2.3/usr/include/llvm/MC/MCContext.h
-- Installing: /destdir/rocm-llvm-7.2.3/usr/include/llvm/MC/MCDXContainerStreamer.h
-- Installing: /destdir/rocm-llvm-7.2.3/usr/include/llvm/MC/MCDXContainerWriter.h
-- Installing: /destdir/rocm-llvm-7.2.3/usr/include/llvm/MC/MCDecoder.h
-- Installing: /destdir/rocm-llvm-7.2.3/usr/include/llvm/MC/MCDecoderOps.h
-- Installing: /destdir/rocm-llvm-7.2.3/usr/include/llvm/MC/MCDirectives.h
-- Installing: /destdir/rocm-llvm-7.2.3/usr/include/llvm/MC/MCDisassembler
-- Installing: /destdir/rocm-llvm-7.2.3/usr/include/llvm/MC/MCDisassembler/MCDisassembler.h
-- Installing: /destdir/rocm-llvm-7.2.3/usr/include/llvm/MC/MCDisassembler/MCExternalSymbolizer.h
-- Installing: /destdir/rocm-llvm-7.2.3/usr/include/llvm/MC/MCDisassembler/MCRelocationInfo.h
-- Installing: /destdir/rocm-llvm-7.2.3/usr/include/llvm/MC/MCDisassembler/MCSymbolizer.h
-- Installing: /destdir/rocm-llvm-7.2.3/usr/include/llvm/MC/MCDwarf.h
-- Installing: /destdir/rocm-llvm-7.2.3/usr/include/llvm/MC/MCELFExtras.h
-- Installing: /destdir/rocm-llvm-7.2.3/usr/include/llvm/MC/MCELFObjectWriter.h
-- Installing: /destdir/rocm-llvm-7.2.3/usr/include/llvm/MC/MCELFStreamer.h
-- Installing: /destdir/rocm-llvm-7.2.3/usr/include/llvm/MC/MCExpr.h
-- Installing: /destdir/rocm-llvm-7.2.3/usr/include/llvm/MC/MCFixup.h
-- Installing: /destdir/rocm-llvm-7.2.3/usr/include/llvm/MC/MCGOFFAttributes.h
-- Installing: /destdir/rocm-llvm-7.2.3/usr/include/llvm/MC/MCGOFFObjectWriter.h
-- Installing: /destdir/rocm-llvm-7.2.3/usr/include/llvm/MC/MCGOFFStreamer.h
-- Installing: /destdir/rocm-llvm-7.2.3/usr/include/llvm/MC/MCInst.h
-- Installing: /destdir/rocm-llvm-7.2.3/usr/include/llvm/MC/MCInstBuilder.h
-- Installing: /destdir/rocm-llvm-7.2.3/usr/include/llvm/MC/MCInstPrinter.h
-- Installing: /destdir/rocm-llvm-7.2.3/usr/include/llvm/MC/MCInstrAnalysis.h
-- Installing: /destdir/rocm-llvm-7.2.3/usr/include/llvm/MC/MCInstrDesc.h
-- Installing: /destdir/rocm-llvm-7.2.3/usr/include/llvm/MC/MCInstrInfo.h
-- Installing: /destdir/rocm-llvm-7.2.3/usr/include/llvm/MC/MCInstrItineraries.h
-- Installing: /destdir/rocm-llvm-7.2.3/usr/include/llvm/MC/MCLabel.h
-- Installing: /destdir/rocm-llvm-7.2.3/usr/include/llvm/MC/MCLinkerOptimizationHint.h
-- Installing: /destdir/rocm-llvm-7.2.3/usr/include/llvm/MC/MCMachObjectWriter.h
-- Installing: /destdir/rocm-llvm-7.2.3/usr/include/llvm/MC/MCObjectFileInfo.h
-- Installing: /destdir/rocm-llvm-7.2.3/usr/include/llvm/MC/MCObjectStreamer.h
-- Installing: /destdir/rocm-llvm-7.2.3/usr/include/llvm/MC/MCObjectWriter.h
-- Installing: /destdir/rocm-llvm-7.2.3/usr/include/llvm/MC/MCParser
-- Installing: /destdir/rocm-llvm-7.2.3/usr/include/llvm/MC/MCParser/AsmCond.h
-- Installing: /destdir/rocm-llvm-7.2.3/usr/include/llvm/MC/MCParser/AsmLexer.h
-- Installing: /destdir/rocm-llvm-7.2.3/usr/include/llvm/MC/MCParser/MCAsmParser.h
-- Installing: /destdir/rocm-llvm-7.2.3/usr/include/llvm/MC/MCParser/MCAsmParserExtension.h
-- Installing: /destdir/rocm-llvm-7.2.3/usr/include/llvm/MC/MCParser/MCAsmParserUtils.h
-- Installing: /destdir/rocm-llvm-7.2.3/usr/include/llvm/MC/MCParser/MCParsedAsmOperand.h
-- Installing: /destdir/rocm-llvm-7.2.3/usr/include/llvm/MC/MCParser/MCTargetAsmParser.h
-- Installing: /destdir/rocm-llvm-7.2.3/usr/include/llvm/MC/MCPseudoProbe.h
-- Installing: /destdir/rocm-llvm-7.2.3/usr/include/llvm/MC/MCRegister.h
-- Installing: /destdir/rocm-llvm-7.2.3/usr/include/llvm/MC/MCRegisterInfo.h
-- Installing: /destdir/rocm-llvm-7.2.3/usr/include/llvm/MC/MCSFrame.h
-- Installing: /destdir/rocm-llvm-7.2.3/usr/include/llvm/MC/MCSPIRVObjectWriter.h
-- Installing: /destdir/rocm-llvm-7.2.3/usr/include/llvm/MC/MCSPIRVStreamer.h
-- Installing: /destdir/rocm-llvm-7.2.3/usr/include/llvm/MC/MCSchedule.h
-- Installing: /destdir/rocm-llvm-7.2.3/usr/include/llvm/MC/MCSection.h
-- Installing: /destdir/rocm-llvm-7.2.3/usr/include/llvm/MC/MCSectionCOFF.h
-- Installing: /destdir/rocm-llvm-7.2.3/usr/include/llvm/MC/MCSectionDXContainer.h
-- Installing: /destdir/rocm-llvm-7.2.3/usr/include/llvm/MC/MCSectionELF.h
-- Installing: /destdir/rocm-llvm-7.2.3/usr/include/llvm/MC/MCSectionGOFF.h
-- Installing: /destdir/rocm-llvm-7.2.3/usr/include/llvm/MC/MCSectionMachO.h
-- Installing: /destdir/rocm-llvm-7.2.3/usr/include/llvm/MC/MCSectionSPIRV.h
-- Installing: /destdir/rocm-llvm-7.2.3/usr/include/llvm/MC/MCSectionWasm.h
-- Installing: /destdir/rocm-llvm-7.2.3/usr/include/llvm/MC/MCSectionXCOFF.h
-- Installing: /destdir/rocm-llvm-7.2.3/usr/include/llvm/MC/MCStreamer.h
-- Installing: /destdir/rocm-llvm-7.2.3/usr/include/llvm/MC/MCSubtargetInfo.h
-- Installing: /destdir/rocm-llvm-7.2.3/usr/include/llvm/MC/MCSymbol.h
-- Installing: /destdir/rocm-llvm-7.2.3/usr/include/llvm/MC/MCSymbolCOFF.h
-- Installing: /destdir/rocm-llvm-7.2.3/usr/include/llvm/MC/MCSymbolELF.h
-- Installing: /destdir/rocm-llvm-7.2.3/usr/include/llvm/MC/MCSymbolGOFF.h
-- Installing: /destdir/rocm-llvm-7.2.3/usr/include/llvm/MC/MCSymbolMachO.h
-- Installing: /destdir/rocm-llvm-7.2.3/usr/include/llvm/MC/MCSymbolTableEntry.h
-- Installing: /destdir/rocm-llvm-7.2.3/usr/include/llvm/MC/MCSymbolWasm.h
-- Installing: /destdir/rocm-llvm-7.2.3/usr/include/llvm/MC/MCSymbolXCOFF.h
-- Installing: /destdir/rocm-llvm-7.2.3/usr/include/llvm/MC/MCTargetOptions.h
-- Installing: /destdir/rocm-llvm-7.2.3/usr/include/llvm/MC/MCTargetOptionsCommandFlags.h
-- Installing: /destdir/rocm-llvm-7.2.3/usr/include/llvm/MC/MCValue.h
-- Installing: /destdir/rocm-llvm-7.2.3/usr/include/llvm/MC/MCWasmObjectWriter.h
-- Installing: /destdir/rocm-llvm-7.2.3/usr/include/llvm/MC/MCWasmStreamer.h
-- Installing: /destdir/rocm-llvm-7.2.3/usr/include/llvm/MC/MCWin64EH.h
-- Installing: /destdir/rocm-llvm-7.2.3/usr/include/llvm/MC/MCWinCOFFObjectWriter.h
-- Installing: /destdir/rocm-llvm-7.2.3/usr/include/llvm/MC/MCWinCOFFStreamer.h
-- Installing: /destdir/rocm-llvm-7.2.3/usr/include/llvm/MC/MCWinEH.h
-- Installing: /destdir/rocm-llvm-7.2.3/usr/include/llvm/MC/MCXCOFFObjectWriter.h
-- Installing: /destdir/rocm-llvm-7.2.3/usr/include/llvm/MC/MCXCOFFStreamer.h
-- Installing: /destdir/rocm-llvm-7.2.3/usr/include/llvm/MC/MachineLocation.h
-- Installing: /destdir/rocm-llvm-7.2.3/usr/include/llvm/MC/SectionKind.h
-- Installing: /destdir/rocm-llvm-7.2.3/usr/include/llvm/MC/StringTableBuilder.h
-- Installing: /destdir/rocm-llvm-7.2.3/usr/include/llvm/MC/TargetRegistry.h
-- Installing: /destdir/rocm-llvm-7.2.3/usr/include/llvm/MCA
-- Installing: /destdir/rocm-llvm-7.2.3/usr/include/llvm/MCA/CodeEmitter.h
-- Installing: /destdir/rocm-llvm-7.2.3/usr/include/llvm/MCA/Context.h
-- Installing: /destdir/rocm-llvm-7.2.3/usr/include/llvm/MCA/CustomBehaviour.h
-- Installing: /destdir/rocm-llvm-7.2.3/usr/include/llvm/MCA/HWEventListener.h
-- Installing: /destdir/rocm-llvm-7.2.3/usr/include/llvm/MCA/HardwareUnits
-- Installing: /destdir/rocm-llvm-7.2.3/usr/include/llvm/MCA/HardwareUnits/HardwareUnit.h
-- Installing: /destdir/rocm-llvm-7.2.3/usr/include/llvm/MCA/HardwareUnits/LSUnit.h
-- Installing: /destdir/rocm-llvm-7.2.3/usr/include/llvm/MCA/HardwareUnits/RegisterFile.h
-- Installing: /destdir/rocm-llvm-7.2.3/usr/include/llvm/MCA/HardwareUnits/ResourceManager.h
-- Installing: /destdir/rocm-llvm-7.2.3/usr/include/llvm/MCA/HardwareUnits/RetireControlUnit.h
-- Installing: /destdir/rocm-llvm-7.2.3/usr/include/llvm/MCA/HardwareUnits/Scheduler.h
-- Installing: /destdir/rocm-llvm-7.2.3/usr/include/llvm/MCA/IncrementalSourceMgr.h
-- Installing: /destdir/rocm-llvm-7.2.3/usr/include/llvm/MCA/InstrBuilder.h
-- Installing: /destdir/rocm-llvm-7.2.3/usr/include/llvm/MCA/Instruction.h
-- Installing: /destdir/rocm-llvm-7.2.3/usr/include/llvm/MCA/Pipeline.h
-- Installing: /destdir/rocm-llvm-7.2.3/usr/include/llvm/MCA/SourceMgr.h
-- Installing: /destdir/rocm-llvm-7.2.3/usr/include/llvm/MCA/Stages
-- Installing: /destdir/rocm-llvm-7.2.3/usr/include/llvm/MCA/Stages/DispatchStage.h
-- Installing: /destdir/rocm-llvm-7.2.3/usr/include/llvm/MCA/Stages/EntryStage.h
-- Installing: /destdir/rocm-llvm-7.2.3/usr/include/llvm/MCA/Stages/ExecuteStage.h
-- Installing: /destdir/rocm-llvm-7.2.3/usr/include/llvm/MCA/Stages/InOrderIssueStage.h
-- Installing: /destdir/rocm-llvm-7.2.3/usr/include/llvm/MCA/Stages/InstructionTables.h
-- Installing: /destdir/rocm-llvm-7.2.3/usr/include/llvm/MCA/Stages/MicroOpQueueStage.h
-- Installing: /destdir/rocm-llvm-7.2.3/usr/include/llvm/MCA/Stages/RetireStage.h
-- Installing: /destdir/rocm-llvm-7.2.3/usr/include/llvm/MCA/Stages/Stage.h
-- Installing: /destdir/rocm-llvm-7.2.3/usr/include/llvm/MCA/Support.h
-- Installing: /destdir/rocm-llvm-7.2.3/usr/include/llvm/MCA/View.h
-- Installing: /destdir/rocm-llvm-7.2.3/usr/include/llvm/ObjCopy
-- Installing: /destdir/rocm-llvm-7.2.3/usr/include/llvm/ObjCopy/COFF
-- Installing: /destdir/rocm-llvm-7.2.3/usr/include/llvm/ObjCopy/COFF/COFFConfig.h
-- Installing: /destdir/rocm-llvm-7.2.3/usr/include/llvm/ObjCopy/COFF/COFFObjcopy.h
-- Installing: /destdir/rocm-llvm-7.2.3/usr/include/llvm/ObjCopy/CommonConfig.h
-- Installing: /destdir/rocm-llvm-7.2.3/usr/include/llvm/ObjCopy/ConfigManager.h
-- Installing: /destdir/rocm-llvm-7.2.3/usr/include/llvm/ObjCopy/DXContainer
-- Installing: /destdir/rocm-llvm-7.2.3/usr/include/llvm/ObjCopy/DXContainer/DXContainerConfig.h
-- Installing: /destdir/rocm-llvm-7.2.3/usr/include/llvm/ObjCopy/DXContainer/DXContainerObjcopy.h
-- Installing: /destdir/rocm-llvm-7.2.3/usr/include/llvm/ObjCopy/ELF
-- Installing: /destdir/rocm-llvm-7.2.3/usr/include/llvm/ObjCopy/ELF/ELFConfig.h
-- Installing: /destdir/rocm-llvm-7.2.3/usr/include/llvm/ObjCopy/ELF/ELFObjcopy.h
-- Installing: /destdir/rocm-llvm-7.2.3/usr/include/llvm/ObjCopy/MachO
-- Installing: /destdir/rocm-llvm-7.2.3/usr/include/llvm/ObjCopy/MachO/MachOConfig.h
-- Installing: /destdir/rocm-llvm-7.2.3/usr/include/llvm/ObjCopy/MachO/MachOObjcopy.h
-- Installing: /destdir/rocm-llvm-7.2.3/usr/include/llvm/ObjCopy/MultiFormatConfig.h
-- Installing: /destdir/rocm-llvm-7.2.3/usr/include/llvm/ObjCopy/ObjCopy.h
-- Installing: /destdir/rocm-llvm-7.2.3/usr/include/llvm/ObjCopy/XCOFF
-- Installing: /destdir/rocm-llvm-7.2.3/usr/include/llvm/ObjCopy/XCOFF/XCOFFConfig.h
-- Installing: /destdir/rocm-llvm-7.2.3/usr/include/llvm/ObjCopy/XCOFF/XCOFFObjcopy.h
-- Installing: /destdir/rocm-llvm-7.2.3/usr/include/llvm/ObjCopy/wasm
-- Installing: /destdir/rocm-llvm-7.2.3/usr/include/llvm/ObjCopy/wasm/WasmConfig.h
-- Installing: /destdir/rocm-llvm-7.2.3/usr/include/llvm/ObjCopy/wasm/WasmObjcopy.h
-- Installing: /destdir/rocm-llvm-7.2.3/usr/include/llvm/Object
-- Installing: /destdir/rocm-llvm-7.2.3/usr/include/llvm/Object/Archive.h
-- Installing: /destdir/rocm-llvm-7.2.3/usr/include/llvm/Object/ArchiveWriter.h
-- Installing: /destdir/rocm-llvm-7.2.3/usr/include/llvm/Object/Binary.h
-- Installing: /destdir/rocm-llvm-7.2.3/usr/include/llvm/Object/BuildID.h
-- Installing: /destdir/rocm-llvm-7.2.3/usr/include/llvm/Object/COFF.h
-- Installing: /destdir/rocm-llvm-7.2.3/usr/include/llvm/Object/COFFImportFile.h
-- Installing: /destdir/rocm-llvm-7.2.3/usr/include/llvm/Object/COFFModuleDefinition.h
-- Installing: /destdir/rocm-llvm-7.2.3/usr/include/llvm/Object/CVDebugRecord.h
-- Installing: /destdir/rocm-llvm-7.2.3/usr/include/llvm/Object/DXContainer.h
-- Installing: /destdir/rocm-llvm-7.2.3/usr/include/llvm/Object/Decompressor.h
-- Installing: /destdir/rocm-llvm-7.2.3/usr/include/llvm/Object/ELF.h
-- Installing: /destdir/rocm-llvm-7.2.3/usr/include/llvm/Object/ELFObjectFile.h
-- Installing: /destdir/rocm-llvm-7.2.3/usr/include/llvm/Object/ELFTypes.h
-- Installing: /destdir/rocm-llvm-7.2.3/usr/include/llvm/Object/Error.h
-- Installing: /destdir/rocm-llvm-7.2.3/usr/include/llvm/Object/FaultMapParser.h
-- Installing: /destdir/rocm-llvm-7.2.3/usr/include/llvm/Object/GOFF.h
-- Installing: /destdir/rocm-llvm-7.2.3/usr/include/llvm/Object/GOFFObjectFile.h
-- Installing: /destdir/rocm-llvm-7.2.3/usr/include/llvm/Object/IRObjectFile.h
-- Installing: /destdir/rocm-llvm-7.2.3/usr/include/llvm/Object/IRSymtab.h
-- Installing: /destdir/rocm-llvm-7.2.3/usr/include/llvm/Object/MachO.h
-- Installing: /destdir/rocm-llvm-7.2.3/usr/include/llvm/Object/MachOUniversal.h
-- Installing: /destdir/rocm-llvm-7.2.3/usr/include/llvm/Object/MachOUniversalWriter.h
-- Installing: /destdir/rocm-llvm-7.2.3/usr/include/llvm/Object/Minidump.h
-- Installing: /destdir/rocm-llvm-7.2.3/usr/include/llvm/Object/ModuleSymbolTable.h
-- Installing: /destdir/rocm-llvm-7.2.3/usr/include/llvm/Object/ObjectFile.h
-- Installing: /destdir/rocm-llvm-7.2.3/usr/include/llvm/Object/OffloadBinary.h
-- Installing: /destdir/rocm-llvm-7.2.3/usr/include/llvm/Object/OffloadBundle.h
-- Installing: /destdir/rocm-llvm-7.2.3/usr/include/llvm/Object/RelocationResolver.h
-- Installing: /destdir/rocm-llvm-7.2.3/usr/include/llvm/Object/SFrameParser.h
-- Installing: /destdir/rocm-llvm-7.2.3/usr/include/llvm/Object/StackMapParser.h
-- Installing: /destdir/rocm-llvm-7.2.3/usr/include/llvm/Object/SymbolSize.h
-- Installing: /destdir/rocm-llvm-7.2.3/usr/include/llvm/Object/SymbolicFile.h
-- Installing: /destdir/rocm-llvm-7.2.3/usr/include/llvm/Object/TapiFile.h
-- Installing: /destdir/rocm-llvm-7.2.3/usr/include/llvm/Object/TapiUniversal.h
-- Installing: /destdir/rocm-llvm-7.2.3/usr/include/llvm/Object/Wasm.h
-- Installing: /destdir/rocm-llvm-7.2.3/usr/include/llvm/Object/WindowsMachineFlag.h
-- Installing: /destdir/rocm-llvm-7.2.3/usr/include/llvm/Object/WindowsResource.h
-- Installing: /destdir/rocm-llvm-7.2.3/usr/include/llvm/Object/XCOFFObjectFile.h
-- Installing: /destdir/rocm-llvm-7.2.3/usr/include/llvm/ObjectYAML
-- Installing: /destdir/rocm-llvm-7.2.3/usr/include/llvm/ObjectYAML/ArchiveYAML.h
-- Installing: /destdir/rocm-llvm-7.2.3/usr/include/llvm/ObjectYAML/COFFYAML.h
-- Installing: /destdir/rocm-llvm-7.2.3/usr/include/llvm/ObjectYAML/CodeViewYAMLDebugSections.h
-- Installing: /destdir/rocm-llvm-7.2.3/usr/include/llvm/ObjectYAML/CodeViewYAMLSymbols.h
-- Installing: /destdir/rocm-llvm-7.2.3/usr/include/llvm/ObjectYAML/CodeViewYAMLTypeHashing.h
-- Installing: /destdir/rocm-llvm-7.2.3/usr/include/llvm/ObjectYAML/CodeViewYAMLTypes.h
-- Installing: /destdir/rocm-llvm-7.2.3/usr/include/llvm/ObjectYAML/DWARFEmitter.h
-- Installing: /destdir/rocm-llvm-7.2.3/usr/include/llvm/ObjectYAML/DWARFYAML.h
-- Installing: /destdir/rocm-llvm-7.2.3/usr/include/llvm/ObjectYAML/DXContainerYAML.h
-- Installing: /destdir/rocm-llvm-7.2.3/usr/include/llvm/ObjectYAML/ELFYAML.h
-- Installing: /destdir/rocm-llvm-7.2.3/usr/include/llvm/ObjectYAML/GOFFYAML.h
-- Installing: /destdir/rocm-llvm-7.2.3/usr/include/llvm/ObjectYAML/MachOYAML.h
-- Installing: /destdir/rocm-llvm-7.2.3/usr/include/llvm/ObjectYAML/MinidumpYAML.h
-- Installing: /destdir/rocm-llvm-7.2.3/usr/include/llvm/ObjectYAML/ObjectYAML.h
-- Installing: /destdir/rocm-llvm-7.2.3/usr/include/llvm/ObjectYAML/OffloadYAML.h
-- Installing: /destdir/rocm-llvm-7.2.3/usr/include/llvm/ObjectYAML/WasmYAML.h
-- Installing: /destdir/rocm-llvm-7.2.3/usr/include/llvm/ObjectYAML/XCOFFYAML.h
-- Installing: /destdir/rocm-llvm-7.2.3/usr/include/llvm/ObjectYAML/YAML.h
-- Installing: /destdir/rocm-llvm-7.2.3/usr/include/llvm/ObjectYAML/yaml2obj.h
-- Installing: /destdir/rocm-llvm-7.2.3/usr/include/llvm/Option
-- Installing: /destdir/rocm-llvm-7.2.3/usr/include/llvm/Option/Arg.h
-- Installing: /destdir/rocm-llvm-7.2.3/usr/include/llvm/Option/ArgList.h
-- Installing: /destdir/rocm-llvm-7.2.3/usr/include/llvm/Option/OptParser.td
-- Installing: /destdir/rocm-llvm-7.2.3/usr/include/llvm/Option/OptSpecifier.h
-- Installing: /destdir/rocm-llvm-7.2.3/usr/include/llvm/Option/OptTable.h
-- Installing: /destdir/rocm-llvm-7.2.3/usr/include/llvm/Option/Option.h
-- Installing: /destdir/rocm-llvm-7.2.3/usr/include/llvm/Pass.h
-- Installing: /destdir/rocm-llvm-7.2.3/usr/include/llvm/PassAnalysisSupport.h
-- Installing: /destdir/rocm-llvm-7.2.3/usr/include/llvm/PassInfo.h
-- Installing: /destdir/rocm-llvm-7.2.3/usr/include/llvm/PassRegistry.h
-- Installing: /destdir/rocm-llvm-7.2.3/usr/include/llvm/PassSupport.h
-- Installing: /destdir/rocm-llvm-7.2.3/usr/include/llvm/Passes
-- Installing: /destdir/rocm-llvm-7.2.3/usr/include/llvm/Passes/CodeGenPassBuilder.h
-- Installing: /destdir/rocm-llvm-7.2.3/usr/include/llvm/Passes/MachinePassRegistry.def
-- Installing: /destdir/rocm-llvm-7.2.3/usr/include/llvm/Passes/OptimizationLevel.h
-- Installing: /destdir/rocm-llvm-7.2.3/usr/include/llvm/Passes/PassBuilder.h
-- Installing: /destdir/rocm-llvm-7.2.3/usr/include/llvm/Passes/PassPlugin.h
-- Installing: /destdir/rocm-llvm-7.2.3/usr/include/llvm/Passes/StandardInstrumentations.h
-- Installing: /destdir/rocm-llvm-7.2.3/usr/include/llvm/Passes/TargetPassRegistry.inc
-- Installing: /destdir/rocm-llvm-7.2.3/usr/include/llvm/ProfileData
-- Installing: /destdir/rocm-llvm-7.2.3/usr/include/llvm/ProfileData/Coverage
-- Installing: /destdir/rocm-llvm-7.2.3/usr/include/llvm/ProfileData/Coverage/CoverageMapping.h
-- Installing: /destdir/rocm-llvm-7.2.3/usr/include/llvm/ProfileData/Coverage/CoverageMappingReader.h
-- Installing: /destdir/rocm-llvm-7.2.3/usr/include/llvm/ProfileData/Coverage/CoverageMappingWriter.h
-- Installing: /destdir/rocm-llvm-7.2.3/usr/include/llvm/ProfileData/Coverage/MCDCTypes.h
-- Installing: /destdir/rocm-llvm-7.2.3/usr/include/llvm/ProfileData/CtxInstrContextNode.h
-- Installing: /destdir/rocm-llvm-7.2.3/usr/include/llvm/ProfileData/DataAccessProf.h
-- Installing: /destdir/rocm-llvm-7.2.3/usr/include/llvm/ProfileData/FunctionId.h
-- Installing: /destdir/rocm-llvm-7.2.3/usr/include/llvm/ProfileData/GCOV.h
-- Installing: /destdir/rocm-llvm-7.2.3/usr/include/llvm/ProfileData/HashKeyMap.h
-- Installing: /destdir/rocm-llvm-7.2.3/usr/include/llvm/ProfileData/IndexedMemProfData.h
-- Installing: /destdir/rocm-llvm-7.2.3/usr/include/llvm/ProfileData/InstrProf.h
-- Installing: /destdir/rocm-llvm-7.2.3/usr/include/llvm/ProfileData/InstrProfCorrelator.h
-- Installing: /destdir/rocm-llvm-7.2.3/usr/include/llvm/ProfileData/InstrProfData.inc
-- Installing: /destdir/rocm-llvm-7.2.3/usr/include/llvm/ProfileData/InstrProfReader.h
-- Installing: /destdir/rocm-llvm-7.2.3/usr/include/llvm/ProfileData/InstrProfWriter.h
-- Installing: /destdir/rocm-llvm-7.2.3/usr/include/llvm/ProfileData/ItaniumManglingCanonicalizer.h
-- Installing: /destdir/rocm-llvm-7.2.3/usr/include/llvm/ProfileData/MIBEntryDef.inc
-- Installing: /destdir/rocm-llvm-7.2.3/usr/include/llvm/ProfileData/MemProf.h
-- Installing: /destdir/rocm-llvm-7.2.3/usr/include/llvm/ProfileData/MemProfCommon.h
-- Installing: /destdir/rocm-llvm-7.2.3/usr/include/llvm/ProfileData/MemProfData.inc
-- Installing: /destdir/rocm-llvm-7.2.3/usr/include/llvm/ProfileData/MemProfRadixTree.h
-- Installing: /destdir/rocm-llvm-7.2.3/usr/include/llvm/ProfileData/MemProfReader.h
-- Installing: /destdir/rocm-llvm-7.2.3/usr/include/llvm/ProfileData/MemProfSummary.h
-- Installing: /destdir/rocm-llvm-7.2.3/usr/include/llvm/ProfileData/MemProfSummaryBuilder.h
-- Installing: /destdir/rocm-llvm-7.2.3/usr/include/llvm/ProfileData/MemProfYAML.h
-- Installing: /destdir/rocm-llvm-7.2.3/usr/include/llvm/ProfileData/PGOCtxProfReader.h
-- Installing: /destdir/rocm-llvm-7.2.3/usr/include/llvm/ProfileData/PGOCtxProfWriter.h
-- Installing: /destdir/rocm-llvm-7.2.3/usr/include/llvm/ProfileData/ProfileCommon.h
-- Installing: /destdir/rocm-llvm-7.2.3/usr/include/llvm/ProfileData/SampleProf.h
-- Installing: /destdir/rocm-llvm-7.2.3/usr/include/llvm/ProfileData/SampleProfReader.h
-- Installing: /destdir/rocm-llvm-7.2.3/usr/include/llvm/ProfileData/SampleProfWriter.h
-- Installing: /destdir/rocm-llvm-7.2.3/usr/include/llvm/ProfileData/SymbolRemappingReader.h
-- Installing: /destdir/rocm-llvm-7.2.3/usr/include/llvm/Remarks
-- Installing: /destdir/rocm-llvm-7.2.3/usr/include/llvm/Remarks/BitstreamRemarkContainer.h
-- Installing: /destdir/rocm-llvm-7.2.3/usr/include/llvm/Remarks/BitstreamRemarkSerializer.h
-- Installing: /destdir/rocm-llvm-7.2.3/usr/include/llvm/Remarks/HotnessThresholdParser.h
-- Installing: /destdir/rocm-llvm-7.2.3/usr/include/llvm/Remarks/Remark.h
-- Installing: /destdir/rocm-llvm-7.2.3/usr/include/llvm/Remarks/RemarkFormat.h
-- Installing: /destdir/rocm-llvm-7.2.3/usr/include/llvm/Remarks/RemarkLinker.h
-- Installing: /destdir/rocm-llvm-7.2.3/usr/include/llvm/Remarks/RemarkParser.h
-- Installing: /destdir/rocm-llvm-7.2.3/usr/include/llvm/Remarks/RemarkSerializer.h
-- Installing: /destdir/rocm-llvm-7.2.3/usr/include/llvm/Remarks/RemarkStreamer.h
-- Installing: /destdir/rocm-llvm-7.2.3/usr/include/llvm/Remarks/RemarkStringTable.h
-- Installing: /destdir/rocm-llvm-7.2.3/usr/include/llvm/Remarks/YAMLRemarkSerializer.h
-- Installing: /destdir/rocm-llvm-7.2.3/usr/include/llvm/SandboxIR
-- Installing: /destdir/rocm-llvm-7.2.3/usr/include/llvm/SandboxIR/Argument.h
-- Installing: /destdir/rocm-llvm-7.2.3/usr/include/llvm/SandboxIR/BasicBlock.h
-- Installing: /destdir/rocm-llvm-7.2.3/usr/include/llvm/SandboxIR/Constant.h
-- Installing: /destdir/rocm-llvm-7.2.3/usr/include/llvm/SandboxIR/Context.h
-- Installing: /destdir/rocm-llvm-7.2.3/usr/include/llvm/SandboxIR/Function.h
-- Installing: /destdir/rocm-llvm-7.2.3/usr/include/llvm/SandboxIR/Instruction.h
-- Installing: /destdir/rocm-llvm-7.2.3/usr/include/llvm/SandboxIR/IntrinsicInst.h
-- Installing: /destdir/rocm-llvm-7.2.3/usr/include/llvm/SandboxIR/Module.h
-- Installing: /destdir/rocm-llvm-7.2.3/usr/include/llvm/SandboxIR/Operator.h
-- Installing: /destdir/rocm-llvm-7.2.3/usr/include/llvm/SandboxIR/Pass.h
-- Installing: /destdir/rocm-llvm-7.2.3/usr/include/llvm/SandboxIR/PassManager.h
-- Installing: /destdir/rocm-llvm-7.2.3/usr/include/llvm/SandboxIR/Region.h
-- Installing: /destdir/rocm-llvm-7.2.3/usr/include/llvm/SandboxIR/Tracker.h
-- Installing: /destdir/rocm-llvm-7.2.3/usr/include/llvm/SandboxIR/Type.h
-- Installing: /destdir/rocm-llvm-7.2.3/usr/include/llvm/SandboxIR/Use.h
-- Installing: /destdir/rocm-llvm-7.2.3/usr/include/llvm/SandboxIR/User.h
-- Installing: /destdir/rocm-llvm-7.2.3/usr/include/llvm/SandboxIR/Utils.h
-- Installing: /destdir/rocm-llvm-7.2.3/usr/include/llvm/SandboxIR/Value.h
-- Installing: /destdir/rocm-llvm-7.2.3/usr/include/llvm/SandboxIR/Values.def
-- Installing: /destdir/rocm-llvm-7.2.3/usr/include/llvm/Support
-- Installing: /destdir/rocm-llvm-7.2.3/usr/include/llvm/Support/AArch64AttributeParser.h
-- Installing: /destdir/rocm-llvm-7.2.3/usr/include/llvm/Support/AArch64BuildAttributes.h
-- Installing: /destdir/rocm-llvm-7.2.3/usr/include/llvm/Support/AMDGPUAddrSpace.h
-- Installing: /destdir/rocm-llvm-7.2.3/usr/include/llvm/Support/AMDGPUMetadata.h
-- Installing: /destdir/rocm-llvm-7.2.3/usr/include/llvm/Support/AMDHSAKernelDescriptor.h
-- Installing: /destdir/rocm-llvm-7.2.3/usr/include/llvm/Support/ARMAttributeParser.h
-- Installing: /destdir/rocm-llvm-7.2.3/usr/include/llvm/Support/ARMBuildAttributes.h
-- Installing: /destdir/rocm-llvm-7.2.3/usr/include/llvm/Support/ARMEHABI.h
-- Installing: /destdir/rocm-llvm-7.2.3/usr/include/llvm/Support/ARMWinEH.h
-- Installing: /destdir/rocm-llvm-7.2.3/usr/include/llvm/Support/AdvisoryLock.h
-- Installing: /destdir/rocm-llvm-7.2.3/usr/include/llvm/Support/AlignOf.h
-- Installing: /destdir/rocm-llvm-7.2.3/usr/include/llvm/Support/Alignment.h
-- Installing: /destdir/rocm-llvm-7.2.3/usr/include/llvm/Support/Allocator.h
-- Installing: /destdir/rocm-llvm-7.2.3/usr/include/llvm/Support/AllocatorBase.h
-- Installing: /destdir/rocm-llvm-7.2.3/usr/include/llvm/Support/AlwaysTrue.h
-- Installing: /destdir/rocm-llvm-7.2.3/usr/include/llvm/Support/ArrayRecycler.h
-- Installing: /destdir/rocm-llvm-7.2.3/usr/include/llvm/Support/Atomic.h
-- Installing: /destdir/rocm-llvm-7.2.3/usr/include/llvm/Support/AtomicOrdering.h
-- Installing: /destdir/rocm-llvm-7.2.3/usr/include/llvm/Support/AutoConvert.h
-- Installing: /destdir/rocm-llvm-7.2.3/usr/include/llvm/Support/Automaton.h
-- Installing: /destdir/rocm-llvm-7.2.3/usr/include/llvm/Support/BCD.h
-- Installing: /destdir/rocm-llvm-7.2.3/usr/include/llvm/Support/BLAKE3.h
-- Installing: /destdir/rocm-llvm-7.2.3/usr/include/llvm/Support/BalancedPartitioning.h
-- Installing: /destdir/rocm-llvm-7.2.3/usr/include/llvm/Support/Base64.h
-- Installing: /destdir/rocm-llvm-7.2.3/usr/include/llvm/Support/BinaryByteStream.h
-- Installing: /destdir/rocm-llvm-7.2.3/usr/include/llvm/Support/BinaryItemStream.h
-- Installing: /destdir/rocm-llvm-7.2.3/usr/include/llvm/Support/BinaryStream.h
-- Installing: /destdir/rocm-llvm-7.2.3/usr/include/llvm/Support/BinaryStreamArray.h
-- Installing: /destdir/rocm-llvm-7.2.3/usr/include/llvm/Support/BinaryStreamError.h
-- Installing: /destdir/rocm-llvm-7.2.3/usr/include/llvm/Support/BinaryStreamReader.h
-- Installing: /destdir/rocm-llvm-7.2.3/usr/include/llvm/Support/BinaryStreamRef.h
-- Installing: /destdir/rocm-llvm-7.2.3/usr/include/llvm/Support/BinaryStreamWriter.h
-- Installing: /destdir/rocm-llvm-7.2.3/usr/include/llvm/Support/BlockFrequency.h
-- Installing: /destdir/rocm-llvm-7.2.3/usr/include/llvm/Support/BranchProbability.h
-- Installing: /destdir/rocm-llvm-7.2.3/usr/include/llvm/Support/BuryPointer.h
-- Installing: /destdir/rocm-llvm-7.2.3/usr/include/llvm/Support/CBindingWrapping.h
-- Installing: /destdir/rocm-llvm-7.2.3/usr/include/llvm/Support/CFGDiff.h
-- Installing: /destdir/rocm-llvm-7.2.3/usr/include/llvm/Support/CFGUpdate.h
-- Installing: /destdir/rocm-llvm-7.2.3/usr/include/llvm/Support/COM.h
-- Installing: /destdir/rocm-llvm-7.2.3/usr/include/llvm/Support/CRC.h
-- Installing: /destdir/rocm-llvm-7.2.3/usr/include/llvm/Support/CSKYAttributeParser.h
-- Installing: /destdir/rocm-llvm-7.2.3/usr/include/llvm/Support/CSKYAttributes.h
-- Installing: /destdir/rocm-llvm-7.2.3/usr/include/llvm/Support/CachePruning.h
-- Installing: /destdir/rocm-llvm-7.2.3/usr/include/llvm/Support/Caching.h
-- Installing: /destdir/rocm-llvm-7.2.3/usr/include/llvm/Support/Capacity.h
-- Installing: /destdir/rocm-llvm-7.2.3/usr/include/llvm/Support/Casting.h
-- Installing: /destdir/rocm-llvm-7.2.3/usr/include/llvm/Support/CheckedArithmetic.h
-- Installing: /destdir/rocm-llvm-7.2.3/usr/include/llvm/Support/Chrono.h
-- Installing: /destdir/rocm-llvm-7.2.3/usr/include/llvm/Support/CodeGen.h
-- Installing: /destdir/rocm-llvm-7.2.3/usr/include/llvm/Support/CodeGenCoverage.h
-- Installing: /destdir/rocm-llvm-7.2.3/usr/include/llvm/Support/CommandLine.h
-- Installing: /destdir/rocm-llvm-7.2.3/usr/include/llvm/Support/Compiler.h
-- Installing: /destdir/rocm-llvm-7.2.3/usr/include/llvm/Support/Compression.h
-- Installing: /destdir/rocm-llvm-7.2.3/usr/include/llvm/Support/ConvertEBCDIC.h
-- Installing: /destdir/rocm-llvm-7.2.3/usr/include/llvm/Support/ConvertUTF.h
-- Installing: /destdir/rocm-llvm-7.2.3/usr/include/llvm/Support/CrashRecoveryContext.h
-- Installing: /destdir/rocm-llvm-7.2.3/usr/include/llvm/Support/DJB.h
-- Installing: /destdir/rocm-llvm-7.2.3/usr/include/llvm/Support/DOTGraphTraits.h
-- Installing: /destdir/rocm-llvm-7.2.3/usr/include/llvm/Support/DXILABI.h
-- Installing: /destdir/rocm-llvm-7.2.3/usr/include/llvm/Support/DataExtractor.h
-- Installing: /destdir/rocm-llvm-7.2.3/usr/include/llvm/Support/DataTypes.h
-- Installing: /destdir/rocm-llvm-7.2.3/usr/include/llvm/Support/Debug.h
-- Installing: /destdir/rocm-llvm-7.2.3/usr/include/llvm/Support/DebugCounter.h
-- Installing: /destdir/rocm-llvm-7.2.3/usr/include/llvm/Support/DebugLog.h
-- Installing: /destdir/rocm-llvm-7.2.3/usr/include/llvm/Support/Discriminator.h
-- Installing: /destdir/rocm-llvm-7.2.3/usr/include/llvm/Support/DivisionByConstantInfo.h
-- Installing: /destdir/rocm-llvm-7.2.3/usr/include/llvm/Support/Duration.h
-- Installing: /destdir/rocm-llvm-7.2.3/usr/include/llvm/Support/DynamicLibrary.h
-- Installing: /destdir/rocm-llvm-7.2.3/usr/include/llvm/Support/ELFAttrParserCompact.h
-- Installing: /destdir/rocm-llvm-7.2.3/usr/include/llvm/Support/ELFAttrParserExtended.h
-- Installing: /destdir/rocm-llvm-7.2.3/usr/include/llvm/Support/ELFAttributeParser.h
-- Installing: /destdir/rocm-llvm-7.2.3/usr/include/llvm/Support/ELFAttributes.h
-- Installing: /destdir/rocm-llvm-7.2.3/usr/include/llvm/Support/Endian.h
-- Installing: /destdir/rocm-llvm-7.2.3/usr/include/llvm/Support/EndianStream.h
-- Installing: /destdir/rocm-llvm-7.2.3/usr/include/llvm/Support/Errc.h
-- Installing: /destdir/rocm-llvm-7.2.3/usr/include/llvm/Support/Errno.h
-- Installing: /destdir/rocm-llvm-7.2.3/usr/include/llvm/Support/Error.h
-- Installing: /destdir/rocm-llvm-7.2.3/usr/include/llvm/Support/ErrorHandling.h
-- Installing: /destdir/rocm-llvm-7.2.3/usr/include/llvm/Support/ErrorOr.h
-- Installing: /destdir/rocm-llvm-7.2.3/usr/include/llvm/Support/ExitCodes.h
-- Installing: /destdir/rocm-llvm-7.2.3/usr/include/llvm/Support/ExponentialBackoff.h
-- Installing: /destdir/rocm-llvm-7.2.3/usr/include/llvm/Support/ExtensibleRTTI.h
-- Installing: /destdir/rocm-llvm-7.2.3/usr/include/llvm/Support/FileCollector.h
-- Installing: /destdir/rocm-llvm-7.2.3/usr/include/llvm/Support/FileOutputBuffer.h
-- Installing: /destdir/rocm-llvm-7.2.3/usr/include/llvm/Support/FileSystem.h
-- Installing: /destdir/rocm-llvm-7.2.3/usr/include/llvm/Support/FileSystem
-- Installing: /destdir/rocm-llvm-7.2.3/usr/include/llvm/Support/FileSystem/UniqueID.h
-- Installing: /destdir/rocm-llvm-7.2.3/usr/include/llvm/Support/FileUtilities.h
-- Installing: /destdir/rocm-llvm-7.2.3/usr/include/llvm/Support/Format.h
-- Installing: /destdir/rocm-llvm-7.2.3/usr/include/llvm/Support/FormatAdapters.h
-- Installing: /destdir/rocm-llvm-7.2.3/usr/include/llvm/Support/FormatCommon.h
-- Installing: /destdir/rocm-llvm-7.2.3/usr/include/llvm/Support/FormatProviders.h
-- Installing: /destdir/rocm-llvm-7.2.3/usr/include/llvm/Support/FormatVariadic.h
-- Installing: /destdir/rocm-llvm-7.2.3/usr/include/llvm/Support/FormatVariadicDetails.h
-- Installing: /destdir/rocm-llvm-7.2.3/usr/include/llvm/Support/FormattedStream.h
-- Installing: /destdir/rocm-llvm-7.2.3/usr/include/llvm/Support/GenericDomTree.h
-- Installing: /destdir/rocm-llvm-7.2.3/usr/include/llvm/Support/GenericDomTreeConstruction.h
-- Installing: /destdir/rocm-llvm-7.2.3/usr/include/llvm/Support/GenericIteratedDominanceFrontier.h
-- Installing: /destdir/rocm-llvm-7.2.3/usr/include/llvm/Support/GenericLoopInfo.h
-- Installing: /destdir/rocm-llvm-7.2.3/usr/include/llvm/Support/GenericLoopInfoImpl.h
-- Installing: /destdir/rocm-llvm-7.2.3/usr/include/llvm/Support/GlobPattern.h
-- Installing: /destdir/rocm-llvm-7.2.3/usr/include/llvm/Support/GraphWriter.h
-- Installing: /destdir/rocm-llvm-7.2.3/usr/include/llvm/Support/HashBuilder.h
-- Installing: /destdir/rocm-llvm-7.2.3/usr/include/llvm/Support/HashingOutputBackend.h
-- Installing: /destdir/rocm-llvm-7.2.3/usr/include/llvm/Support/HexagonAttributeParser.h
-- Installing: /destdir/rocm-llvm-7.2.3/usr/include/llvm/Support/HexagonAttributes.h
-- Installing: /destdir/rocm-llvm-7.2.3/usr/include/llvm/Support/InitLLVM.h
-- Installing: /destdir/rocm-llvm-7.2.3/usr/include/llvm/Support/InstructionCost.h
-- Installing: /destdir/rocm-llvm-7.2.3/usr/include/llvm/Support/InterleavedRange.h
-- Installing: /destdir/rocm-llvm-7.2.3/usr/include/llvm/Support/JSON.h
-- Installing: /destdir/rocm-llvm-7.2.3/usr/include/llvm/Support/Jobserver.h
-- Installing: /destdir/rocm-llvm-7.2.3/usr/include/llvm/Support/KnownBits.h
-- Installing: /destdir/rocm-llvm-7.2.3/usr/include/llvm/Support/KnownFPClass.h
-- Installing: /destdir/rocm-llvm-7.2.3/usr/include/llvm/Support/LEB128.h
-- Installing: /destdir/rocm-llvm-7.2.3/usr/include/llvm/Support/LICENSE.TXT
-- Installing: /destdir/rocm-llvm-7.2.3/usr/include/llvm/Support/LLVMDriver.h
-- Installing: /destdir/rocm-llvm-7.2.3/usr/include/llvm/Support/LSP
-- Installing: /destdir/rocm-llvm-7.2.3/usr/include/llvm/Support/LSP/Logging.h
-- Installing: /destdir/rocm-llvm-7.2.3/usr/include/llvm/Support/LSP/Protocol.h
-- Installing: /destdir/rocm-llvm-7.2.3/usr/include/llvm/Support/LSP/Transport.h
-- Installing: /destdir/rocm-llvm-7.2.3/usr/include/llvm/Support/LineIterator.h
-- Installing: /destdir/rocm-llvm-7.2.3/usr/include/llvm/Support/Locale.h
-- Installing: /destdir/rocm-llvm-7.2.3/usr/include/llvm/Support/LockFileManager.h
-- Installing: /destdir/rocm-llvm-7.2.3/usr/include/llvm/Support/LogicalResult.h
-- Installing: /destdir/rocm-llvm-7.2.3/usr/include/llvm/Support/MD5.h
-- Installing: /destdir/rocm-llvm-7.2.3/usr/include/llvm/Support/MSP430AttributeParser.h
-- Installing: /destdir/rocm-llvm-7.2.3/usr/include/llvm/Support/MSP430Attributes.h
-- Installing: /destdir/rocm-llvm-7.2.3/usr/include/llvm/Support/MSVCErrorWorkarounds.h
-- Installing: /destdir/rocm-llvm-7.2.3/usr/include/llvm/Support/ManagedStatic.h
-- Installing: /destdir/rocm-llvm-7.2.3/usr/include/llvm/Support/MathExtras.h
-- Installing: /destdir/rocm-llvm-7.2.3/usr/include/llvm/Support/MemAlloc.h
-- Installing: /destdir/rocm-llvm-7.2.3/usr/include/llvm/Support/Memory.h
-- Installing: /destdir/rocm-llvm-7.2.3/usr/include/llvm/Support/MemoryBuffer.h
-- Installing: /destdir/rocm-llvm-7.2.3/usr/include/llvm/Support/MemoryBufferRef.h
-- Installing: /destdir/rocm-llvm-7.2.3/usr/include/llvm/Support/MipsABIFlags.h
-- Installing: /destdir/rocm-llvm-7.2.3/usr/include/llvm/Support/ModRef.h
-- Installing: /destdir/rocm-llvm-7.2.3/usr/include/llvm/Support/Mustache.h
-- Installing: /destdir/rocm-llvm-7.2.3/usr/include/llvm/Support/Mutex.h
-- Installing: /destdir/rocm-llvm-7.2.3/usr/include/llvm/Support/NVPTXAddrSpace.h
-- Installing: /destdir/rocm-llvm-7.2.3/usr/include/llvm/Support/NativeFormatting.h
-- Installing: /destdir/rocm-llvm-7.2.3/usr/include/llvm/Support/OnDiskHashTable.h
-- Installing: /destdir/rocm-llvm-7.2.3/usr/include/llvm/Support/OptimizedStructLayout.h
-- Installing: /destdir/rocm-llvm-7.2.3/usr/include/llvm/Support/OptionStrCmp.h
-- Installing: /destdir/rocm-llvm-7.2.3/usr/include/llvm/Support/PGOOptions.h
-- Installing: /destdir/rocm-llvm-7.2.3/usr/include/llvm/Support/Parallel.h
-- Installing: /destdir/rocm-llvm-7.2.3/usr/include/llvm/Support/Path.h
-- Installing: /destdir/rocm-llvm-7.2.3/usr/include/llvm/Support/PerThreadBumpPtrAllocator.h
-- Installing: /destdir/rocm-llvm-7.2.3/usr/include/llvm/Support/PluginLoader.h
-- Installing: /destdir/rocm-llvm-7.2.3/usr/include/llvm/Support/PointerLikeTypeTraits.h
-- Installing: /destdir/rocm-llvm-7.2.3/usr/include/llvm/Support/PrettyStackTrace.h
-- Installing: /destdir/rocm-llvm-7.2.3/usr/include/llvm/Support/Printable.h
-- Installing: /destdir/rocm-llvm-7.2.3/usr/include/llvm/Support/Process.h
-- Installing: /destdir/rocm-llvm-7.2.3/usr/include/llvm/Support/Program.h
-- Installing: /destdir/rocm-llvm-7.2.3/usr/include/llvm/Support/ProgramStack.h
-- Installing: /destdir/rocm-llvm-7.2.3/usr/include/llvm/Support/RISCVAttributeParser.h
-- Installing: /destdir/rocm-llvm-7.2.3/usr/include/llvm/Support/RISCVAttributes.h
-- Installing: /destdir/rocm-llvm-7.2.3/usr/include/llvm/Support/RISCVISAUtils.h
-- Installing: /destdir/rocm-llvm-7.2.3/usr/include/llvm/Support/RWMutex.h
-- Installing: /destdir/rocm-llvm-7.2.3/usr/include/llvm/Support/RandomNumberGenerator.h
-- Installing: /destdir/rocm-llvm-7.2.3/usr/include/llvm/Support/Recycler.h
-- Installing: /destdir/rocm-llvm-7.2.3/usr/include/llvm/Support/RecyclingAllocator.h
-- Installing: /destdir/rocm-llvm-7.2.3/usr/include/llvm/Support/Regex.h
-- Installing: /destdir/rocm-llvm-7.2.3/usr/include/llvm/Support/Registry.h
-- Installing: /destdir/rocm-llvm-7.2.3/usr/include/llvm/Support/ReverseIteration.h
-- Installing: /destdir/rocm-llvm-7.2.3/usr/include/llvm/Support/SHA1.h
-- Installing: /destdir/rocm-llvm-7.2.3/usr/include/llvm/Support/SHA256.h
-- Installing: /destdir/rocm-llvm-7.2.3/usr/include/llvm/Support/SMLoc.h
-- Installing: /destdir/rocm-llvm-7.2.3/usr/include/llvm/Support/SMTAPI.h
-- Installing: /destdir/rocm-llvm-7.2.3/usr/include/llvm/Support/SaveAndRestore.h
-- Installing: /destdir/rocm-llvm-7.2.3/usr/include/llvm/Support/ScaledNumber.h
-- Installing: /destdir/rocm-llvm-7.2.3/usr/include/llvm/Support/ScopedPrinter.h
-- Installing: /destdir/rocm-llvm-7.2.3/usr/include/llvm/Support/Signals.h
-- Installing: /destdir/rocm-llvm-7.2.3/usr/include/llvm/Support/Signposts.h
-- Installing: /destdir/rocm-llvm-7.2.3/usr/include/llvm/Support/SipHash.h
-- Installing: /destdir/rocm-llvm-7.2.3/usr/include/llvm/Support/SmallVectorMemoryBuffer.h
-- Installing: /destdir/rocm-llvm-7.2.3/usr/include/llvm/Support/Solaris
-- Installing: /destdir/rocm-llvm-7.2.3/usr/include/llvm/Support/Solaris/sys
-- Installing: /destdir/rocm-llvm-7.2.3/usr/include/llvm/Support/Solaris/sys/regset.h
-- Installing: /destdir/rocm-llvm-7.2.3/usr/include/llvm/Support/SourceMgr.h
-- Installing: /destdir/rocm-llvm-7.2.3/usr/include/llvm/Support/SpecialCaseList.h
-- Installing: /destdir/rocm-llvm-7.2.3/usr/include/llvm/Support/StringSaver.h
-- Installing: /destdir/rocm-llvm-7.2.3/usr/include/llvm/Support/SuffixTree.h
-- Installing: /destdir/rocm-llvm-7.2.3/usr/include/llvm/Support/SuffixTreeNode.h
-- Installing: /destdir/rocm-llvm-7.2.3/usr/include/llvm/Support/SwapByteOrder.h
-- Installing: /destdir/rocm-llvm-7.2.3/usr/include/llvm/Support/SystemUtils.h
-- Installing: /destdir/rocm-llvm-7.2.3/usr/include/llvm/Support/SystemZ
-- Installing: /destdir/rocm-llvm-7.2.3/usr/include/llvm/Support/SystemZ/zOSSupport.h
-- Installing: /destdir/rocm-llvm-7.2.3/usr/include/llvm/Support/TarWriter.h
-- Installing: /destdir/rocm-llvm-7.2.3/usr/include/llvm/Support/TargetOpcodes.def
-- Installing: /destdir/rocm-llvm-7.2.3/usr/include/llvm/Support/TargetSelect.h
-- Installing: /destdir/rocm-llvm-7.2.3/usr/include/llvm/Support/TextEncoding.h
-- Installing: /destdir/rocm-llvm-7.2.3/usr/include/llvm/Support/ThreadPool.h
-- Installing: /destdir/rocm-llvm-7.2.3/usr/include/llvm/Support/ThreadSafeAllocator.h
-- Installing: /destdir/rocm-llvm-7.2.3/usr/include/llvm/Support/Threading.h
-- Installing: /destdir/rocm-llvm-7.2.3/usr/include/llvm/Support/TimeProfiler.h
-- Installing: /destdir/rocm-llvm-7.2.3/usr/include/llvm/Support/Timer.h
-- Installing: /destdir/rocm-llvm-7.2.3/usr/include/llvm/Support/ToolOutputFile.h
-- Installing: /destdir/rocm-llvm-7.2.3/usr/include/llvm/Support/TrailingObjects.h
-- Installing: /destdir/rocm-llvm-7.2.3/usr/include/llvm/Support/TypeName.h
-- Installing: /destdir/rocm-llvm-7.2.3/usr/include/llvm/Support/TypeSize.h
-- Installing: /destdir/rocm-llvm-7.2.3/usr/include/llvm/Support/Unicode.h
-- Installing: /destdir/rocm-llvm-7.2.3/usr/include/llvm/Support/UnicodeCharRanges.h
-- Installing: /destdir/rocm-llvm-7.2.3/usr/include/llvm/Support/UniqueBBID.h
-- Installing: /destdir/rocm-llvm-7.2.3/usr/include/llvm/Support/Valgrind.h
-- Installing: /destdir/rocm-llvm-7.2.3/usr/include/llvm/Support/VersionTuple.h
-- Installing: /destdir/rocm-llvm-7.2.3/usr/include/llvm/Support/VirtualFileSystem.h
-- Installing: /destdir/rocm-llvm-7.2.3/usr/include/llvm/Support/VirtualOutputBackend.h
-- Installing: /destdir/rocm-llvm-7.2.3/usr/include/llvm/Support/VirtualOutputBackends.h
-- Installing: /destdir/rocm-llvm-7.2.3/usr/include/llvm/Support/VirtualOutputConfig.def
-- Installing: /destdir/rocm-llvm-7.2.3/usr/include/llvm/Support/VirtualOutputConfig.h
-- Installing: /destdir/rocm-llvm-7.2.3/usr/include/llvm/Support/VirtualOutputError.h
-- Installing: /destdir/rocm-llvm-7.2.3/usr/include/llvm/Support/VirtualOutputFile.h
-- Installing: /destdir/rocm-llvm-7.2.3/usr/include/llvm/Support/Watchdog.h
-- Installing: /destdir/rocm-llvm-7.2.3/usr/include/llvm/Support/Win64EH.h
-- Installing: /destdir/rocm-llvm-7.2.3/usr/include/llvm/Support/Windows
-- Installing: /destdir/rocm-llvm-7.2.3/usr/include/llvm/Support/Windows/WindowsSupport.h
-- Installing: /destdir/rocm-llvm-7.2.3/usr/include/llvm/Support/WindowsError.h
-- Installing: /destdir/rocm-llvm-7.2.3/usr/include/llvm/Support/WithColor.h
-- Installing: /destdir/rocm-llvm-7.2.3/usr/include/llvm/Support/X86DisassemblerDecoderCommon.h
-- Installing: /destdir/rocm-llvm-7.2.3/usr/include/llvm/Support/X86FoldTablesUtils.h
-- Installing: /destdir/rocm-llvm-7.2.3/usr/include/llvm/Support/YAMLParser.h
-- Installing: /destdir/rocm-llvm-7.2.3/usr/include/llvm/Support/YAMLTraits.h
-- Installing: /destdir/rocm-llvm-7.2.3/usr/include/llvm/Support/circular_raw_ostream.h
-- Installing: /destdir/rocm-llvm-7.2.3/usr/include/llvm/Support/float128.h
-- Installing: /destdir/rocm-llvm-7.2.3/usr/include/llvm/Support/raw_os_ostream.h
-- Installing: /destdir/rocm-llvm-7.2.3/usr/include/llvm/Support/raw_ostream.h
-- Installing: /destdir/rocm-llvm-7.2.3/usr/include/llvm/Support/raw_ostream_proxy.h
-- Installing: /destdir/rocm-llvm-7.2.3/usr/include/llvm/Support/raw_sha1_ostream.h
-- Installing: /destdir/rocm-llvm-7.2.3/usr/include/llvm/Support/raw_socket_stream.h
-- Installing: /destdir/rocm-llvm-7.2.3/usr/include/llvm/Support/thread.h
-- Installing: /destdir/rocm-llvm-7.2.3/usr/include/llvm/Support/type_traits.h
-- Installing: /destdir/rocm-llvm-7.2.3/usr/include/llvm/Support/xxhash.h
-- Installing: /destdir/rocm-llvm-7.2.3/usr/include/llvm/TableGen
-- Installing: /destdir/rocm-llvm-7.2.3/usr/include/llvm/TableGen/AArch64ImmCheck.h
-- Installing: /destdir/rocm-llvm-7.2.3/usr/include/llvm/TableGen/Automaton.td
-- Installing: /destdir/rocm-llvm-7.2.3/usr/include/llvm/TableGen/CodeGenHelpers.h
-- Installing: /destdir/rocm-llvm-7.2.3/usr/include/llvm/TableGen/DirectiveEmitter.h
-- Installing: /destdir/rocm-llvm-7.2.3/usr/include/llvm/TableGen/Error.h
-- Installing: /destdir/rocm-llvm-7.2.3/usr/include/llvm/TableGen/Main.h
-- Installing: /destdir/rocm-llvm-7.2.3/usr/include/llvm/TableGen/Parser.h
-- Installing: /destdir/rocm-llvm-7.2.3/usr/include/llvm/TableGen/Record.h
-- Installing: /destdir/rocm-llvm-7.2.3/usr/include/llvm/TableGen/SearchableTable.td
-- Installing: /destdir/rocm-llvm-7.2.3/usr/include/llvm/TableGen/SetTheory.h
-- Installing: /destdir/rocm-llvm-7.2.3/usr/include/llvm/TableGen/SetTheory.td
-- Installing: /destdir/rocm-llvm-7.2.3/usr/include/llvm/TableGen/StringMatcher.h
-- Installing: /destdir/rocm-llvm-7.2.3/usr/include/llvm/TableGen/StringToOffsetTable.h
-- Installing: /destdir/rocm-llvm-7.2.3/usr/include/llvm/TableGen/TGTimer.h
-- Installing: /destdir/rocm-llvm-7.2.3/usr/include/llvm/TableGen/TableGenBackend.h
-- Installing: /destdir/rocm-llvm-7.2.3/usr/include/llvm/Target
-- Installing: /destdir/rocm-llvm-7.2.3/usr/include/llvm/Target/CGPassBuilderOption.h
-- Installing: /destdir/rocm-llvm-7.2.3/usr/include/llvm/Target/CodeGenCWrappers.h
-- Installing: /destdir/rocm-llvm-7.2.3/usr/include/llvm/Target/GenericOpcodes.td
-- Installing: /destdir/rocm-llvm-7.2.3/usr/include/llvm/Target/GlobalISel
-- Installing: /destdir/rocm-llvm-7.2.3/usr/include/llvm/Target/GlobalISel/Combine.td
-- Installing: /destdir/rocm-llvm-7.2.3/usr/include/llvm/Target/GlobalISel/RegisterBank.td
-- Installing: /destdir/rocm-llvm-7.2.3/usr/include/llvm/Target/GlobalISel/SelectionDAGCompat.td
-- Installing: /destdir/rocm-llvm-7.2.3/usr/include/llvm/Target/GlobalISel/Target.td
-- Installing: /destdir/rocm-llvm-7.2.3/usr/include/llvm/Target/RegisterTargetPassConfigCallback.h
-- Installing: /destdir/rocm-llvm-7.2.3/usr/include/llvm/Target/Target.td
-- Installing: /destdir/rocm-llvm-7.2.3/usr/include/llvm/Target/TargetCallingConv.td
-- Installing: /destdir/rocm-llvm-7.2.3/usr/include/llvm/Target/TargetInstrPredicate.td
-- Installing: /destdir/rocm-llvm-7.2.3/usr/include/llvm/Target/TargetItinerary.td
-- Installing: /destdir/rocm-llvm-7.2.3/usr/include/llvm/Target/TargetLoweringObjectFile.h
-- Installing: /destdir/rocm-llvm-7.2.3/usr/include/llvm/Target/TargetMachine.h
-- Installing: /destdir/rocm-llvm-7.2.3/usr/include/llvm/Target/TargetMacroFusion.td
-- Installing: /destdir/rocm-llvm-7.2.3/usr/include/llvm/Target/TargetOptions.h
-- Installing: /destdir/rocm-llvm-7.2.3/usr/include/llvm/Target/TargetPfmCounters.td
-- Installing: /destdir/rocm-llvm-7.2.3/usr/include/llvm/Target/TargetSchedule.td
-- Installing: /destdir/rocm-llvm-7.2.3/usr/include/llvm/Target/TargetSelectionDAG.td
-- Installing: /destdir/rocm-llvm-7.2.3/usr/include/llvm/TargetParser
-- Installing: /destdir/rocm-llvm-7.2.3/usr/include/llvm/TargetParser/AArch64CPUFeatures.inc
-- Installing: /destdir/rocm-llvm-7.2.3/usr/include/llvm/TargetParser/AArch64FeatPriorities.inc
-- Installing: /destdir/rocm-llvm-7.2.3/usr/include/llvm/TargetParser/AArch64TargetParser.h
-- Installing: /destdir/rocm-llvm-7.2.3/usr/include/llvm/TargetParser/ARMTargetParser.def
-- Installing: /destdir/rocm-llvm-7.2.3/usr/include/llvm/TargetParser/ARMTargetParser.h
-- Installing: /destdir/rocm-llvm-7.2.3/usr/include/llvm/TargetParser/ARMTargetParserCommon.h
-- Installing: /destdir/rocm-llvm-7.2.3/usr/include/llvm/TargetParser/CSKYTargetParser.def
-- Installing: /destdir/rocm-llvm-7.2.3/usr/include/llvm/TargetParser/CSKYTargetParser.h
-- Installing: /destdir/rocm-llvm-7.2.3/usr/include/llvm/TargetParser/Host.h
-- Installing: /destdir/rocm-llvm-7.2.3/usr/include/llvm/TargetParser/LoongArchTargetParser.def
-- Installing: /destdir/rocm-llvm-7.2.3/usr/include/llvm/TargetParser/LoongArchTargetParser.h
-- Installing: /destdir/rocm-llvm-7.2.3/usr/include/llvm/TargetParser/PPCTargetParser.def
-- Installing: /destdir/rocm-llvm-7.2.3/usr/include/llvm/TargetParser/PPCTargetParser.h
-- Installing: /destdir/rocm-llvm-7.2.3/usr/include/llvm/TargetParser/RISCVISAInfo.h
-- Installing: /destdir/rocm-llvm-7.2.3/usr/include/llvm/TargetParser/RISCVTargetParser.h
-- Installing: /destdir/rocm-llvm-7.2.3/usr/include/llvm/TargetParser/SubtargetFeature.h
-- Installing: /destdir/rocm-llvm-7.2.3/usr/include/llvm/TargetParser/TargetParser.h
-- Installing: /destdir/rocm-llvm-7.2.3/usr/include/llvm/TargetParser/Triple.h
-- Installing: /destdir/rocm-llvm-7.2.3/usr/include/llvm/TargetParser/X86TargetParser.def
-- Installing: /destdir/rocm-llvm-7.2.3/usr/include/llvm/TargetParser/X86TargetParser.h
-- Installing: /destdir/rocm-llvm-7.2.3/usr/include/llvm/TargetParser/XtensaTargetParser.def
-- Installing: /destdir/rocm-llvm-7.2.3/usr/include/llvm/TargetParser/XtensaTargetParser.h
-- Installing: /destdir/rocm-llvm-7.2.3/usr/include/llvm/Telemetry
-- Installing: /destdir/rocm-llvm-7.2.3/usr/include/llvm/Telemetry/Telemetry.h
-- Installing: /destdir/rocm-llvm-7.2.3/usr/include/llvm/Testing
-- Installing: /destdir/rocm-llvm-7.2.3/usr/include/llvm/Testing/ADT
-- Installing: /destdir/rocm-llvm-7.2.3/usr/include/llvm/Testing/ADT/StringMap.h
-- Installing: /destdir/rocm-llvm-7.2.3/usr/include/llvm/Testing/ADT/StringMapEntry.h
-- Installing: /destdir/rocm-llvm-7.2.3/usr/include/llvm/Testing/Annotations
-- Installing: /destdir/rocm-llvm-7.2.3/usr/include/llvm/Testing/Annotations/Annotations.h
-- Installing: /destdir/rocm-llvm-7.2.3/usr/include/llvm/Testing/Demangle
-- Installing: /destdir/rocm-llvm-7.2.3/usr/include/llvm/Testing/Demangle/DemangleTestCases.inc
-- Installing: /destdir/rocm-llvm-7.2.3/usr/include/llvm/Testing/Support
-- Installing: /destdir/rocm-llvm-7.2.3/usr/include/llvm/Testing/Support/Error.h
-- Installing: /destdir/rocm-llvm-7.2.3/usr/include/llvm/Testing/Support/SupportHelpers.h
-- Installing: /destdir/rocm-llvm-7.2.3/usr/include/llvm/TextAPI
-- Installing: /destdir/rocm-llvm-7.2.3/usr/include/llvm/TextAPI/Architecture.def
-- Installing: /destdir/rocm-llvm-7.2.3/usr/include/llvm/TextAPI/Architecture.h
-- Installing: /destdir/rocm-llvm-7.2.3/usr/include/llvm/TextAPI/ArchitectureSet.h
-- Installing: /destdir/rocm-llvm-7.2.3/usr/include/llvm/TextAPI/DylibReader.h
-- Installing: /destdir/rocm-llvm-7.2.3/usr/include/llvm/TextAPI/FileTypes.h
-- Installing: /destdir/rocm-llvm-7.2.3/usr/include/llvm/TextAPI/InterfaceFile.h
-- Installing: /destdir/rocm-llvm-7.2.3/usr/include/llvm/TextAPI/PackedVersion.h
-- Installing: /destdir/rocm-llvm-7.2.3/usr/include/llvm/TextAPI/Platform.h
-- Installing: /destdir/rocm-llvm-7.2.3/usr/include/llvm/TextAPI/Record.h
-- Installing: /destdir/rocm-llvm-7.2.3/usr/include/llvm/TextAPI/RecordVisitor.h
-- Installing: /destdir/rocm-llvm-7.2.3/usr/include/llvm/TextAPI/RecordsSlice.h
-- Installing: /destdir/rocm-llvm-7.2.3/usr/include/llvm/TextAPI/Symbol.h
-- Installing: /destdir/rocm-llvm-7.2.3/usr/include/llvm/TextAPI/SymbolSet.h
-- Installing: /destdir/rocm-llvm-7.2.3/usr/include/llvm/TextAPI/Target.h
-- Installing: /destdir/rocm-llvm-7.2.3/usr/include/llvm/TextAPI/TextAPIError.h
-- Installing: /destdir/rocm-llvm-7.2.3/usr/include/llvm/TextAPI/TextAPIReader.h
-- Installing: /destdir/rocm-llvm-7.2.3/usr/include/llvm/TextAPI/TextAPIWriter.h
-- Installing: /destdir/rocm-llvm-7.2.3/usr/include/llvm/TextAPI/Utils.h
-- Installing: /destdir/rocm-llvm-7.2.3/usr/include/llvm/ToolDrivers
-- Installing: /destdir/rocm-llvm-7.2.3/usr/include/llvm/ToolDrivers/llvm-dlltool
-- Installing: /destdir/rocm-llvm-7.2.3/usr/include/llvm/ToolDrivers/llvm-dlltool/DlltoolDriver.h
-- Installing: /destdir/rocm-llvm-7.2.3/usr/include/llvm/ToolDrivers/llvm-lib
-- Installing: /destdir/rocm-llvm-7.2.3/usr/include/llvm/ToolDrivers/llvm-lib/LibDriver.h
-- Installing: /destdir/rocm-llvm-7.2.3/usr/include/llvm/Transforms
-- Installing: /destdir/rocm-llvm-7.2.3/usr/include/llvm/Transforms/AggressiveInstCombine
-- Installing: /destdir/rocm-llvm-7.2.3/usr/include/llvm/Transforms/AggressiveInstCombine/AggressiveInstCombine.h
-- Installing: /destdir/rocm-llvm-7.2.3/usr/include/llvm/Transforms/CFGuard.h
-- Installing: /destdir/rocm-llvm-7.2.3/usr/include/llvm/Transforms/Coroutines
-- Installing: /destdir/rocm-llvm-7.2.3/usr/include/llvm/Transforms/Coroutines/ABI.h
-- Installing: /destdir/rocm-llvm-7.2.3/usr/include/llvm/Transforms/Coroutines/CoroAnnotationElide.h
-- Installing: /destdir/rocm-llvm-7.2.3/usr/include/llvm/Transforms/Coroutines/CoroCleanup.h
-- Installing: /destdir/rocm-llvm-7.2.3/usr/include/llvm/Transforms/Coroutines/CoroConditionalWrapper.h
-- Installing: /destdir/rocm-llvm-7.2.3/usr/include/llvm/Transforms/Coroutines/CoroEarly.h
-- Installing: /destdir/rocm-llvm-7.2.3/usr/include/llvm/Transforms/Coroutines/CoroElide.h
-- Installing: /destdir/rocm-llvm-7.2.3/usr/include/llvm/Transforms/Coroutines/CoroInstr.h
-- Installing: /destdir/rocm-llvm-7.2.3/usr/include/llvm/Transforms/Coroutines/CoroShape.h
-- Installing: /destdir/rocm-llvm-7.2.3/usr/include/llvm/Transforms/Coroutines/CoroSplit.h
-- Installing: /destdir/rocm-llvm-7.2.3/usr/include/llvm/Transforms/Coroutines/MaterializationUtils.h
-- Installing: /destdir/rocm-llvm-7.2.3/usr/include/llvm/Transforms/Coroutines/SpillUtils.h
-- Installing: /destdir/rocm-llvm-7.2.3/usr/include/llvm/Transforms/Coroutines/SuspendCrossingInfo.h
-- Installing: /destdir/rocm-llvm-7.2.3/usr/include/llvm/Transforms/HipStdPar
-- Installing: /destdir/rocm-llvm-7.2.3/usr/include/llvm/Transforms/HipStdPar/HipStdPar.h
-- Installing: /destdir/rocm-llvm-7.2.3/usr/include/llvm/Transforms/IPO.h
-- Installing: /destdir/rocm-llvm-7.2.3/usr/include/llvm/Transforms/IPO
-- Installing: /destdir/rocm-llvm-7.2.3/usr/include/llvm/Transforms/IPO/AlwaysInliner.h
-- Installing: /destdir/rocm-llvm-7.2.3/usr/include/llvm/Transforms/IPO/Annotation2Metadata.h
-- Installing: /destdir/rocm-llvm-7.2.3/usr/include/llvm/Transforms/IPO/ArgumentPromotion.h
-- Installing: /destdir/rocm-llvm-7.2.3/usr/include/llvm/Transforms/IPO/Attributor.h
-- Installing: /destdir/rocm-llvm-7.2.3/usr/include/llvm/Transforms/IPO/BlockExtractor.h
-- Installing: /destdir/rocm-llvm-7.2.3/usr/include/llvm/Transforms/IPO/CalledValuePropagation.h
-- Installing: /destdir/rocm-llvm-7.2.3/usr/include/llvm/Transforms/IPO/ConstantMerge.h
-- Installing: /destdir/rocm-llvm-7.2.3/usr/include/llvm/Transforms/IPO/CrossDSOCFI.h
-- Installing: /destdir/rocm-llvm-7.2.3/usr/include/llvm/Transforms/IPO/DeadArgumentElimination.h
-- Installing: /destdir/rocm-llvm-7.2.3/usr/include/llvm/Transforms/IPO/ElimAvailExtern.h
-- Installing: /destdir/rocm-llvm-7.2.3/usr/include/llvm/Transforms/IPO/EmbedBitcodePass.h
-- Installing: /destdir/rocm-llvm-7.2.3/usr/include/llvm/Transforms/IPO/ExpandVariadics.h
-- Installing: /destdir/rocm-llvm-7.2.3/usr/include/llvm/Transforms/IPO/ExtractGV.h
-- Installing: /destdir/rocm-llvm-7.2.3/usr/include/llvm/Transforms/IPO/FatLTOCleanup.h
-- Installing: /destdir/rocm-llvm-7.2.3/usr/include/llvm/Transforms/IPO/ForceFunctionAttrs.h
-- Installing: /destdir/rocm-llvm-7.2.3/usr/include/llvm/Transforms/IPO/FunctionAttrs.h
-- Installing: /destdir/rocm-llvm-7.2.3/usr/include/llvm/Transforms/IPO/FunctionImport.h
-- Installing: /destdir/rocm-llvm-7.2.3/usr/include/llvm/Transforms/IPO/FunctionSpecialization.h
-- Installing: /destdir/rocm-llvm-7.2.3/usr/include/llvm/Transforms/IPO/GlobalDCE.h
-- Installing: /destdir/rocm-llvm-7.2.3/usr/include/llvm/Transforms/IPO/GlobalOpt.h
-- Installing: /destdir/rocm-llvm-7.2.3/usr/include/llvm/Transforms/IPO/GlobalSplit.h
-- Installing: /destdir/rocm-llvm-7.2.3/usr/include/llvm/Transforms/IPO/HotColdSplitting.h
-- Installing: /destdir/rocm-llvm-7.2.3/usr/include/llvm/Transforms/IPO/IROutliner.h
-- Installing: /destdir/rocm-llvm-7.2.3/usr/include/llvm/Transforms/IPO/InferFunctionAttrs.h
-- Installing: /destdir/rocm-llvm-7.2.3/usr/include/llvm/Transforms/IPO/Inliner.h
-- Installing: /destdir/rocm-llvm-7.2.3/usr/include/llvm/Transforms/IPO/Internalize.h
-- Installing: /destdir/rocm-llvm-7.2.3/usr/include/llvm/Transforms/IPO/LoopExtractor.h
-- Installing: /destdir/rocm-llvm-7.2.3/usr/include/llvm/Transforms/IPO/LowerTypeTests.h
-- Installing: /destdir/rocm-llvm-7.2.3/usr/include/llvm/Transforms/IPO/MemProfContextDisambiguation.h
-- Installing: /destdir/rocm-llvm-7.2.3/usr/include/llvm/Transforms/IPO/MergeFunctions.h
-- Installing: /destdir/rocm-llvm-7.2.3/usr/include/llvm/Transforms/IPO/ModuleInliner.h
-- Installing: /destdir/rocm-llvm-7.2.3/usr/include/llvm/Transforms/IPO/OpenMPOpt.h
-- Installing: /destdir/rocm-llvm-7.2.3/usr/include/llvm/Transforms/IPO/PartialInlining.h
-- Installing: /destdir/rocm-llvm-7.2.3/usr/include/llvm/Transforms/IPO/ProfiledCallGraph.h
-- Installing: /destdir/rocm-llvm-7.2.3/usr/include/llvm/Transforms/IPO/SCCP.h
-- Installing: /destdir/rocm-llvm-7.2.3/usr/include/llvm/Transforms/IPO/SampleContextTracker.h
-- Installing: /destdir/rocm-llvm-7.2.3/usr/include/llvm/Transforms/IPO/SampleProfile.h
-- Installing: /destdir/rocm-llvm-7.2.3/usr/include/llvm/Transforms/IPO/SampleProfileMatcher.h
-- Installing: /destdir/rocm-llvm-7.2.3/usr/include/llvm/Transforms/IPO/SampleProfileProbe.h
-- Installing: /destdir/rocm-llvm-7.2.3/usr/include/llvm/Transforms/IPO/StripDeadPrototypes.h
-- Installing: /destdir/rocm-llvm-7.2.3/usr/include/llvm/Transforms/IPO/StripSymbols.h
-- Installing: /destdir/rocm-llvm-7.2.3/usr/include/llvm/Transforms/IPO/ThinLTOBitcodeWriter.h
-- Installing: /destdir/rocm-llvm-7.2.3/usr/include/llvm/Transforms/IPO/WholeProgramDevirt.h
-- Installing: /destdir/rocm-llvm-7.2.3/usr/include/llvm/Transforms/InstCombine
-- Installing: /destdir/rocm-llvm-7.2.3/usr/include/llvm/Transforms/InstCombine/InstCombine.h
-- Installing: /destdir/rocm-llvm-7.2.3/usr/include/llvm/Transforms/InstCombine/InstCombiner.h
-- Installing: /destdir/rocm-llvm-7.2.3/usr/include/llvm/Transforms/Instrumentation
-- Installing: /destdir/rocm-llvm-7.2.3/usr/include/llvm/Transforms/Instrumentation/AddressSanitizer.h
-- Installing: /destdir/rocm-llvm-7.2.3/usr/include/llvm/Transforms/Instrumentation/AddressSanitizerCommon.h
-- Installing: /destdir/rocm-llvm-7.2.3/usr/include/llvm/Transforms/Instrumentation/AddressSanitizerOptions.h
-- Installing: /destdir/rocm-llvm-7.2.3/usr/include/llvm/Transforms/Instrumentation/BlockCoverageInference.h
-- Installing: /destdir/rocm-llvm-7.2.3/usr/include/llvm/Transforms/Instrumentation/BoundsChecking.h
-- Installing: /destdir/rocm-llvm-7.2.3/usr/include/llvm/Transforms/Instrumentation/CFGMST.h
-- Installing: /destdir/rocm-llvm-7.2.3/usr/include/llvm/Transforms/Instrumentation/CGProfile.h
-- Installing: /destdir/rocm-llvm-7.2.3/usr/include/llvm/Transforms/Instrumentation/ControlHeightReduction.h
-- Installing: /destdir/rocm-llvm-7.2.3/usr/include/llvm/Transforms/Instrumentation/DataFlowSanitizer.h
-- Installing: /destdir/rocm-llvm-7.2.3/usr/include/llvm/Transforms/Instrumentation/GCOVProfiler.h
-- Installing: /destdir/rocm-llvm-7.2.3/usr/include/llvm/Transforms/Instrumentation/HWAddressSanitizer.h
-- Installing: /destdir/rocm-llvm-7.2.3/usr/include/llvm/Transforms/Instrumentation/InstrProfiling.h
-- Installing: /destdir/rocm-llvm-7.2.3/usr/include/llvm/Transforms/Instrumentation/KCFI.h
-- Installing: /destdir/rocm-llvm-7.2.3/usr/include/llvm/Transforms/Instrumentation/LowerAllowCheckPass.h
-- Installing: /destdir/rocm-llvm-7.2.3/usr/include/llvm/Transforms/Instrumentation/MemProfInstrumentation.h
-- Installing: /destdir/rocm-llvm-7.2.3/usr/include/llvm/Transforms/Instrumentation/MemProfUse.h
-- Installing: /destdir/rocm-llvm-7.2.3/usr/include/llvm/Transforms/Instrumentation/MemorySanitizer.h
-- Installing: /destdir/rocm-llvm-7.2.3/usr/include/llvm/Transforms/Instrumentation/NumericalStabilitySanitizer.h
-- Installing: /destdir/rocm-llvm-7.2.3/usr/include/llvm/Transforms/Instrumentation/PGOCtxProfFlattening.h
-- Installing: /destdir/rocm-llvm-7.2.3/usr/include/llvm/Transforms/Instrumentation/PGOCtxProfLowering.h
-- Installing: /destdir/rocm-llvm-7.2.3/usr/include/llvm/Transforms/Instrumentation/PGOForceFunctionAttrs.h
-- Installing: /destdir/rocm-llvm-7.2.3/usr/include/llvm/Transforms/Instrumentation/PGOInstrumentation.h
-- Installing: /destdir/rocm-llvm-7.2.3/usr/include/llvm/Transforms/Instrumentation/RealtimeSanitizer.h
-- Installing: /destdir/rocm-llvm-7.2.3/usr/include/llvm/Transforms/Instrumentation/SanitizerBinaryMetadata.h
-- Installing: /destdir/rocm-llvm-7.2.3/usr/include/llvm/Transforms/Instrumentation/SanitizerCoverage.h
-- Installing: /destdir/rocm-llvm-7.2.3/usr/include/llvm/Transforms/Instrumentation/ThreadSanitizer.h
-- Installing: /destdir/rocm-llvm-7.2.3/usr/include/llvm/Transforms/Instrumentation/TypeSanitizer.h
-- Installing: /destdir/rocm-llvm-7.2.3/usr/include/llvm/Transforms/ObjCARC.h
-- Installing: /destdir/rocm-llvm-7.2.3/usr/include/llvm/Transforms/Scalar.h
-- Installing: /destdir/rocm-llvm-7.2.3/usr/include/llvm/Transforms/Scalar
-- Installing: /destdir/rocm-llvm-7.2.3/usr/include/llvm/Transforms/Scalar/ADCE.h
-- Installing: /destdir/rocm-llvm-7.2.3/usr/include/llvm/Transforms/Scalar/AlignmentFromAssumptions.h
-- Installing: /destdir/rocm-llvm-7.2.3/usr/include/llvm/Transforms/Scalar/AnnotationRemarks.h
-- Installing: /destdir/rocm-llvm-7.2.3/usr/include/llvm/Transforms/Scalar/BDCE.h
-- Installing: /destdir/rocm-llvm-7.2.3/usr/include/llvm/Transforms/Scalar/CallSiteSplitting.h
-- Installing: /destdir/rocm-llvm-7.2.3/usr/include/llvm/Transforms/Scalar/ConstantHoisting.h
-- Installing: /destdir/rocm-llvm-7.2.3/usr/include/llvm/Transforms/Scalar/ConstraintElimination.h
-- Installing: /destdir/rocm-llvm-7.2.3/usr/include/llvm/Transforms/Scalar/CorrelatedValuePropagation.h
-- Installing: /destdir/rocm-llvm-7.2.3/usr/include/llvm/Transforms/Scalar/DCE.h
-- Installing: /destdir/rocm-llvm-7.2.3/usr/include/llvm/Transforms/Scalar/DFAJumpThreading.h
-- Installing: /destdir/rocm-llvm-7.2.3/usr/include/llvm/Transforms/Scalar/DeadStoreElimination.h
-- Installing: /destdir/rocm-llvm-7.2.3/usr/include/llvm/Transforms/Scalar/DivRemPairs.h
-- Installing: /destdir/rocm-llvm-7.2.3/usr/include/llvm/Transforms/Scalar/DropUnnecessaryAssumes.h
-- Installing: /destdir/rocm-llvm-7.2.3/usr/include/llvm/Transforms/Scalar/EarlyCSE.h
-- Installing: /destdir/rocm-llvm-7.2.3/usr/include/llvm/Transforms/Scalar/FlattenCFG.h
-- Installing: /destdir/rocm-llvm-7.2.3/usr/include/llvm/Transforms/Scalar/Float2Int.h
-- Installing: /destdir/rocm-llvm-7.2.3/usr/include/llvm/Transforms/Scalar/GVN.h
-- Installing: /destdir/rocm-llvm-7.2.3/usr/include/llvm/Transforms/Scalar/GVNExpression.h
-- Installing: /destdir/rocm-llvm-7.2.3/usr/include/llvm/Transforms/Scalar/GuardWidening.h
-- Installing: /destdir/rocm-llvm-7.2.3/usr/include/llvm/Transforms/Scalar/IVUsersPrinter.h
-- Installing: /destdir/rocm-llvm-7.2.3/usr/include/llvm/Transforms/Scalar/IndVarSimplify.h
-- Installing: /destdir/rocm-llvm-7.2.3/usr/include/llvm/Transforms/Scalar/InductiveRangeCheckElimination.h
-- Installing: /destdir/rocm-llvm-7.2.3/usr/include/llvm/Transforms/Scalar/InferAddressSpaces.h
-- Installing: /destdir/rocm-llvm-7.2.3/usr/include/llvm/Transforms/Scalar/InferAlignment.h
-- Installing: /destdir/rocm-llvm-7.2.3/usr/include/llvm/Transforms/Scalar/InstSimplifyPass.h
-- Installing: /destdir/rocm-llvm-7.2.3/usr/include/llvm/Transforms/Scalar/JumpTableToSwitch.h
-- Installing: /destdir/rocm-llvm-7.2.3/usr/include/llvm/Transforms/Scalar/JumpThreading.h
-- Installing: /destdir/rocm-llvm-7.2.3/usr/include/llvm/Transforms/Scalar/LICM.h
-- Installing: /destdir/rocm-llvm-7.2.3/usr/include/llvm/Transforms/Scalar/LoopAccessAnalysisPrinter.h
-- Installing: /destdir/rocm-llvm-7.2.3/usr/include/llvm/Transforms/Scalar/LoopBoundSplit.h
-- Installing: /destdir/rocm-llvm-7.2.3/usr/include/llvm/Transforms/Scalar/LoopDataPrefetch.h
-- Installing: /destdir/rocm-llvm-7.2.3/usr/include/llvm/Transforms/Scalar/LoopDeletion.h
-- Installing: /destdir/rocm-llvm-7.2.3/usr/include/llvm/Transforms/Scalar/LoopDistribute.h
-- Installing: /destdir/rocm-llvm-7.2.3/usr/include/llvm/Transforms/Scalar/LoopFlatten.h
-- Installing: /destdir/rocm-llvm-7.2.3/usr/include/llvm/Transforms/Scalar/LoopFuse.h
-- Installing: /destdir/rocm-llvm-7.2.3/usr/include/llvm/Transforms/Scalar/LoopIdiomRecognize.h
-- Installing: /destdir/rocm-llvm-7.2.3/usr/include/llvm/Transforms/Scalar/LoopInstSimplify.h
-- Installing: /destdir/rocm-llvm-7.2.3/usr/include/llvm/Transforms/Scalar/LoopInterchange.h
-- Installing: /destdir/rocm-llvm-7.2.3/usr/include/llvm/Transforms/Scalar/LoopLoadElimination.h
-- Installing: /destdir/rocm-llvm-7.2.3/usr/include/llvm/Transforms/Scalar/LoopPassManager.h
-- Installing: /destdir/rocm-llvm-7.2.3/usr/include/llvm/Transforms/Scalar/LoopPredication.h
-- Installing: /destdir/rocm-llvm-7.2.3/usr/include/llvm/Transforms/Scalar/LoopRotation.h
-- Installing: /destdir/rocm-llvm-7.2.3/usr/include/llvm/Transforms/Scalar/LoopSimplifyCFG.h
-- Installing: /destdir/rocm-llvm-7.2.3/usr/include/llvm/Transforms/Scalar/LoopSink.h
-- Installing: /destdir/rocm-llvm-7.2.3/usr/include/llvm/Transforms/Scalar/LoopStrengthReduce.h
-- Installing: /destdir/rocm-llvm-7.2.3/usr/include/llvm/Transforms/Scalar/LoopTermFold.h
-- Installing: /destdir/rocm-llvm-7.2.3/usr/include/llvm/Transforms/Scalar/LoopUnrollAndJamPass.h
-- Installing: /destdir/rocm-llvm-7.2.3/usr/include/llvm/Transforms/Scalar/LoopUnrollPass.h
-- Installing: /destdir/rocm-llvm-7.2.3/usr/include/llvm/Transforms/Scalar/LoopVersioningLICM.h
-- Installing: /destdir/rocm-llvm-7.2.3/usr/include/llvm/Transforms/Scalar/LowerAtomicPass.h
-- Installing: /destdir/rocm-llvm-7.2.3/usr/include/llvm/Transforms/Scalar/LowerConstantIntrinsics.h
-- Installing: /destdir/rocm-llvm-7.2.3/usr/include/llvm/Transforms/Scalar/LowerExpectIntrinsic.h
-- Installing: /destdir/rocm-llvm-7.2.3/usr/include/llvm/Transforms/Scalar/LowerGuardIntrinsic.h
-- Installing: /destdir/rocm-llvm-7.2.3/usr/include/llvm/Transforms/Scalar/LowerMatrixIntrinsics.h
-- Installing: /destdir/rocm-llvm-7.2.3/usr/include/llvm/Transforms/Scalar/LowerWidenableCondition.h
-- Installing: /destdir/rocm-llvm-7.2.3/usr/include/llvm/Transforms/Scalar/MakeGuardsExplicit.h
-- Installing: /destdir/rocm-llvm-7.2.3/usr/include/llvm/Transforms/Scalar/MemCpyOptimizer.h
-- Installing: /destdir/rocm-llvm-7.2.3/usr/include/llvm/Transforms/Scalar/MergeICmps.h
-- Installing: /destdir/rocm-llvm-7.2.3/usr/include/llvm/Transforms/Scalar/MergedLoadStoreMotion.h
-- Installing: /destdir/rocm-llvm-7.2.3/usr/include/llvm/Transforms/Scalar/NaryReassociate.h
-- Installing: /destdir/rocm-llvm-7.2.3/usr/include/llvm/Transforms/Scalar/NewGVN.h
-- Installing: /destdir/rocm-llvm-7.2.3/usr/include/llvm/Transforms/Scalar/PartiallyInlineLibCalls.h
-- Installing: /destdir/rocm-llvm-7.2.3/usr/include/llvm/Transforms/Scalar/PlaceSafepoints.h
-- Installing: /destdir/rocm-llvm-7.2.3/usr/include/llvm/Transforms/Scalar/Reassociate.h
-- Installing: /destdir/rocm-llvm-7.2.3/usr/include/llvm/Transforms/Scalar/Reg2Mem.h
-- Installing: /destdir/rocm-llvm-7.2.3/usr/include/llvm/Transforms/Scalar/RewriteStatepointsForGC.h
-- Installing: /destdir/rocm-llvm-7.2.3/usr/include/llvm/Transforms/Scalar/SCCP.h
-- Installing: /destdir/rocm-llvm-7.2.3/usr/include/llvm/Transforms/Scalar/SROA.h
-- Installing: /destdir/rocm-llvm-7.2.3/usr/include/llvm/Transforms/Scalar/ScalarizeMaskedMemIntrin.h
-- Installing: /destdir/rocm-llvm-7.2.3/usr/include/llvm/Transforms/Scalar/Scalarizer.h
-- Installing: /destdir/rocm-llvm-7.2.3/usr/include/llvm/Transforms/Scalar/SeparateConstOffsetFromGEP.h
-- Installing: /destdir/rocm-llvm-7.2.3/usr/include/llvm/Transforms/Scalar/SimpleLoopUnswitch.h
-- Installing: /destdir/rocm-llvm-7.2.3/usr/include/llvm/Transforms/Scalar/SimplifyCFG.h
-- Installing: /destdir/rocm-llvm-7.2.3/usr/include/llvm/Transforms/Scalar/Sink.h
-- Installing: /destdir/rocm-llvm-7.2.3/usr/include/llvm/Transforms/Scalar/SpeculativeExecution.h
-- Installing: /destdir/rocm-llvm-7.2.3/usr/include/llvm/Transforms/Scalar/StraightLineStrengthReduce.h
-- Installing: /destdir/rocm-llvm-7.2.3/usr/include/llvm/Transforms/Scalar/StructurizeCFG.h
-- Installing: /destdir/rocm-llvm-7.2.3/usr/include/llvm/Transforms/Scalar/TailRecursionElimination.h
-- Installing: /destdir/rocm-llvm-7.2.3/usr/include/llvm/Transforms/Scalar/WarnMissedTransforms.h
-- Installing: /destdir/rocm-llvm-7.2.3/usr/include/llvm/Transforms/Utils.h
-- Installing: /destdir/rocm-llvm-7.2.3/usr/include/llvm/Transforms/Utils
-- Installing: /destdir/rocm-llvm-7.2.3/usr/include/llvm/Transforms/Utils/AMDGPUEmitPrintf.h
-- Installing: /destdir/rocm-llvm-7.2.3/usr/include/llvm/Transforms/Utils/ASanStackFrameLayout.h
-- Installing: /destdir/rocm-llvm-7.2.3/usr/include/llvm/Transforms/Utils/AddDiscriminators.h
-- Installing: /destdir/rocm-llvm-7.2.3/usr/include/llvm/Transforms/Utils/AssumeBundleBuilder.h
-- Installing: /destdir/rocm-llvm-7.2.3/usr/include/llvm/Transforms/Utils/BasicBlockUtils.h
-- Installing: /destdir/rocm-llvm-7.2.3/usr/include/llvm/Transforms/Utils/BreakCriticalEdges.h
-- Installing: /destdir/rocm-llvm-7.2.3/usr/include/llvm/Transforms/Utils/BuildLibCalls.h
-- Installing: /destdir/rocm-llvm-7.2.3/usr/include/llvm/Transforms/Utils/BypassSlowDivision.h
-- Installing: /destdir/rocm-llvm-7.2.3/usr/include/llvm/Transforms/Utils/CallGraphUpdater.h
-- Installing: /destdir/rocm-llvm-7.2.3/usr/include/llvm/Transforms/Utils/CallPromotionUtils.h
-- Installing: /destdir/rocm-llvm-7.2.3/usr/include/llvm/Transforms/Utils/CanonicalizeAliases.h
-- Installing: /destdir/rocm-llvm-7.2.3/usr/include/llvm/Transforms/Utils/CanonicalizeFreezeInLoops.h
-- Installing: /destdir/rocm-llvm-7.2.3/usr/include/llvm/Transforms/Utils/Cloning.h
-- Installing: /destdir/rocm-llvm-7.2.3/usr/include/llvm/Transforms/Utils/CodeExtractor.h
-- Installing: /destdir/rocm-llvm-7.2.3/usr/include/llvm/Transforms/Utils/CodeLayout.h
-- Installing: /destdir/rocm-llvm-7.2.3/usr/include/llvm/Transforms/Utils/CodeMoverUtils.h
-- Installing: /destdir/rocm-llvm-7.2.3/usr/include/llvm/Transforms/Utils/ControlFlowUtils.h
-- Installing: /destdir/rocm-llvm-7.2.3/usr/include/llvm/Transforms/Utils/CountVisits.h
-- Installing: /destdir/rocm-llvm-7.2.3/usr/include/llvm/Transforms/Utils/CtorUtils.h
-- Installing: /destdir/rocm-llvm-7.2.3/usr/include/llvm/Transforms/Utils/DXILUpgrade.h
-- Installing: /destdir/rocm-llvm-7.2.3/usr/include/llvm/Transforms/Utils/DebugSSAUpdater.h
-- Installing: /destdir/rocm-llvm-7.2.3/usr/include/llvm/Transforms/Utils/Debugify.h
-- Installing: /destdir/rocm-llvm-7.2.3/usr/include/llvm/Transforms/Utils/DeclareRuntimeLibcalls.h
-- Installing: /destdir/rocm-llvm-7.2.3/usr/include/llvm/Transforms/Utils/EntryExitInstrumenter.h
-- Installing: /destdir/rocm-llvm-7.2.3/usr/include/llvm/Transforms/Utils/EscapeEnumerator.h
-- Installing: /destdir/rocm-llvm-7.2.3/usr/include/llvm/Transforms/Utils/Evaluator.h
-- Installing: /destdir/rocm-llvm-7.2.3/usr/include/llvm/Transforms/Utils/ExtraPassManager.h
-- Installing: /destdir/rocm-llvm-7.2.3/usr/include/llvm/Transforms/Utils/FixIrreducible.h
-- Installing: /destdir/rocm-llvm-7.2.3/usr/include/llvm/Transforms/Utils/FunctionComparator.h
-- Installing: /destdir/rocm-llvm-7.2.3/usr/include/llvm/Transforms/Utils/FunctionImportUtils.h
-- Installing: /destdir/rocm-llvm-7.2.3/usr/include/llvm/Transforms/Utils/GlobalStatus.h
-- Installing: /destdir/rocm-llvm-7.2.3/usr/include/llvm/Transforms/Utils/GuardUtils.h
-- Installing: /destdir/rocm-llvm-7.2.3/usr/include/llvm/Transforms/Utils/HelloWorld.h
-- Installing: /destdir/rocm-llvm-7.2.3/usr/include/llvm/Transforms/Utils/IRNormalizer.h
-- Installing: /destdir/rocm-llvm-7.2.3/usr/include/llvm/Transforms/Utils/InjectTLIMappings.h
-- Installing: /destdir/rocm-llvm-7.2.3/usr/include/llvm/Transforms/Utils/InstructionNamer.h
-- Installing: /destdir/rocm-llvm-7.2.3/usr/include/llvm/Transforms/Utils/InstructionWorklist.h
-- Installing: /destdir/rocm-llvm-7.2.3/usr/include/llvm/Transforms/Utils/Instrumentation.h
-- Installing: /destdir/rocm-llvm-7.2.3/usr/include/llvm/Transforms/Utils/IntegerDivision.h
-- Installing: /destdir/rocm-llvm-7.2.3/usr/include/llvm/Transforms/Utils/LCSSA.h
-- Installing: /destdir/rocm-llvm-7.2.3/usr/include/llvm/Transforms/Utils/LibCallsShrinkWrap.h
-- Installing: /destdir/rocm-llvm-7.2.3/usr/include/llvm/Transforms/Utils/Local.h
-- Installing: /destdir/rocm-llvm-7.2.3/usr/include/llvm/Transforms/Utils/LockstepReverseIterator.h
-- Installing: /destdir/rocm-llvm-7.2.3/usr/include/llvm/Transforms/Utils/LongestCommonSequence.h
-- Installing: /destdir/rocm-llvm-7.2.3/usr/include/llvm/Transforms/Utils/LoopConstrainer.h
-- Installing: /destdir/rocm-llvm-7.2.3/usr/include/llvm/Transforms/Utils/LoopPeel.h
-- Installing: /destdir/rocm-llvm-7.2.3/usr/include/llvm/Transforms/Utils/LoopRotationUtils.h
-- Installing: /destdir/rocm-llvm-7.2.3/usr/include/llvm/Transforms/Utils/LoopSimplify.h
-- Installing: /destdir/rocm-llvm-7.2.3/usr/include/llvm/Transforms/Utils/LoopUtils.h
-- Installing: /destdir/rocm-llvm-7.2.3/usr/include/llvm/Transforms/Utils/LoopVersioning.h
-- Installing: /destdir/rocm-llvm-7.2.3/usr/include/llvm/Transforms/Utils/LowerAtomic.h
-- Installing: /destdir/rocm-llvm-7.2.3/usr/include/llvm/Transforms/Utils/LowerGlobalDtors.h
-- Installing: /destdir/rocm-llvm-7.2.3/usr/include/llvm/Transforms/Utils/LowerIFunc.h
-- Installing: /destdir/rocm-llvm-7.2.3/usr/include/llvm/Transforms/Utils/LowerInvoke.h
-- Installing: /destdir/rocm-llvm-7.2.3/usr/include/llvm/Transforms/Utils/LowerMemIntrinsics.h
-- Installing: /destdir/rocm-llvm-7.2.3/usr/include/llvm/Transforms/Utils/LowerSwitch.h
-- Installing: /destdir/rocm-llvm-7.2.3/usr/include/llvm/Transforms/Utils/LowerVectorIntrinsics.h
-- Installing: /destdir/rocm-llvm-7.2.3/usr/include/llvm/Transforms/Utils/MatrixUtils.h
-- Installing: /destdir/rocm-llvm-7.2.3/usr/include/llvm/Transforms/Utils/Mem2Reg.h
-- Installing: /destdir/rocm-llvm-7.2.3/usr/include/llvm/Transforms/Utils/MemoryOpRemark.h
-- Installing: /destdir/rocm-llvm-7.2.3/usr/include/llvm/Transforms/Utils/MemoryTaggingSupport.h
-- Installing: /destdir/rocm-llvm-7.2.3/usr/include/llvm/Transforms/Utils/MetaRenamer.h
-- Installing: /destdir/rocm-llvm-7.2.3/usr/include/llvm/Transforms/Utils/MisExpect.h
-- Installing: /destdir/rocm-llvm-7.2.3/usr/include/llvm/Transforms/Utils/ModuleUtils.h
-- Installing: /destdir/rocm-llvm-7.2.3/usr/include/llvm/Transforms/Utils/MoveAutoInit.h
-- Installing: /destdir/rocm-llvm-7.2.3/usr/include/llvm/Transforms/Utils/NameAnonGlobals.h
-- Installing: /destdir/rocm-llvm-7.2.3/usr/include/llvm/Transforms/Utils/PredicateInfo.h
-- Installing: /destdir/rocm-llvm-7.2.3/usr/include/llvm/Transforms/Utils/ProfileVerify.h
-- Installing: /destdir/rocm-llvm-7.2.3/usr/include/llvm/Transforms/Utils/PromoteMemToReg.h
-- Installing: /destdir/rocm-llvm-7.2.3/usr/include/llvm/Transforms/Utils/RelLookupTableConverter.h
-- Installing: /destdir/rocm-llvm-7.2.3/usr/include/llvm/Transforms/Utils/SCCPSolver.h
-- Installing: /destdir/rocm-llvm-7.2.3/usr/include/llvm/Transforms/Utils/SSAUpdater.h
-- Installing: /destdir/rocm-llvm-7.2.3/usr/include/llvm/Transforms/Utils/SSAUpdaterBulk.h
-- Installing: /destdir/rocm-llvm-7.2.3/usr/include/llvm/Transforms/Utils/SSAUpdaterImpl.h
-- Installing: /destdir/rocm-llvm-7.2.3/usr/include/llvm/Transforms/Utils/SampleProfileInference.h
-- Installing: /destdir/rocm-llvm-7.2.3/usr/include/llvm/Transforms/Utils/SampleProfileLoaderBaseImpl.h
-- Installing: /destdir/rocm-llvm-7.2.3/usr/include/llvm/Transforms/Utils/SampleProfileLoaderBaseUtil.h
-- Installing: /destdir/rocm-llvm-7.2.3/usr/include/llvm/Transforms/Utils/SanitizerStats.h
-- Installing: /destdir/rocm-llvm-7.2.3/usr/include/llvm/Transforms/Utils/ScalarEvolutionExpander.h
-- Installing: /destdir/rocm-llvm-7.2.3/usr/include/llvm/Transforms/Utils/SimplifyCFGOptions.h
-- Installing: /destdir/rocm-llvm-7.2.3/usr/include/llvm/Transforms/Utils/SimplifyIndVar.h
-- Installing: /destdir/rocm-llvm-7.2.3/usr/include/llvm/Transforms/Utils/SimplifyLibCalls.h
-- Installing: /destdir/rocm-llvm-7.2.3/usr/include/llvm/Transforms/Utils/SizeOpts.h
-- Installing: /destdir/rocm-llvm-7.2.3/usr/include/llvm/Transforms/Utils/SplitModule.h
-- Installing: /destdir/rocm-llvm-7.2.3/usr/include/llvm/Transforms/Utils/SplitModuleByCategory.h
-- Installing: /destdir/rocm-llvm-7.2.3/usr/include/llvm/Transforms/Utils/StripGCRelocates.h
-- Installing: /destdir/rocm-llvm-7.2.3/usr/include/llvm/Transforms/Utils/StripNonLineTableDebugInfo.h
-- Installing: /destdir/rocm-llvm-7.2.3/usr/include/llvm/Transforms/Utils/SymbolRewriter.h
-- Installing: /destdir/rocm-llvm-7.2.3/usr/include/llvm/Transforms/Utils/UnifyFunctionExitNodes.h
-- Installing: /destdir/rocm-llvm-7.2.3/usr/include/llvm/Transforms/Utils/UnifyLoopExits.h
-- Installing: /destdir/rocm-llvm-7.2.3/usr/include/llvm/Transforms/Utils/UnrollLoop.h
-- Installing: /destdir/rocm-llvm-7.2.3/usr/include/llvm/Transforms/Utils/VNCoercion.h
-- Installing: /destdir/rocm-llvm-7.2.3/usr/include/llvm/Transforms/Utils/ValueMapper.h
-- Installing: /destdir/rocm-llvm-7.2.3/usr/include/llvm/Transforms/Vectorize
-- Installing: /destdir/rocm-llvm-7.2.3/usr/include/llvm/Transforms/Vectorize/LoadStoreVectorizer.h
-- Installing: /destdir/rocm-llvm-7.2.3/usr/include/llvm/Transforms/Vectorize/LoopIdiomVectorize.h
-- Installing: /destdir/rocm-llvm-7.2.3/usr/include/llvm/Transforms/Vectorize/LoopVectorizationLegality.h
-- Installing: /destdir/rocm-llvm-7.2.3/usr/include/llvm/Transforms/Vectorize/LoopVectorize.h
-- Installing: /destdir/rocm-llvm-7.2.3/usr/include/llvm/Transforms/Vectorize/SLPVectorizer.h
-- Installing: /destdir/rocm-llvm-7.2.3/usr/include/llvm/Transforms/Vectorize/SandboxVectorizer
-- Installing: /destdir/rocm-llvm-7.2.3/usr/include/llvm/Transforms/Vectorize/SandboxVectorizer/Debug.h
-- Installing: /destdir/rocm-llvm-7.2.3/usr/include/llvm/Transforms/Vectorize/SandboxVectorizer/DependencyGraph.h
-- Installing: /destdir/rocm-llvm-7.2.3/usr/include/llvm/Transforms/Vectorize/SandboxVectorizer/InstrMaps.h
-- Installing: /destdir/rocm-llvm-7.2.3/usr/include/llvm/Transforms/Vectorize/SandboxVectorizer/Interval.h
-- Installing: /destdir/rocm-llvm-7.2.3/usr/include/llvm/Transforms/Vectorize/SandboxVectorizer/Legality.h
-- Installing: /destdir/rocm-llvm-7.2.3/usr/include/llvm/Transforms/Vectorize/SandboxVectorizer/Passes
-- Installing: /destdir/rocm-llvm-7.2.3/usr/include/llvm/Transforms/Vectorize/SandboxVectorizer/Passes/BottomUpVec.h
-- Installing: /destdir/rocm-llvm-7.2.3/usr/include/llvm/Transforms/Vectorize/SandboxVectorizer/Passes/NullPass.h
-- Installing: /destdir/rocm-llvm-7.2.3/usr/include/llvm/Transforms/Vectorize/SandboxVectorizer/Passes/PackReuse.h
-- Installing: /destdir/rocm-llvm-7.2.3/usr/include/llvm/Transforms/Vectorize/SandboxVectorizer/Passes/PrintInstructionCount.h
-- Installing: /destdir/rocm-llvm-7.2.3/usr/include/llvm/Transforms/Vectorize/SandboxVectorizer/Passes/PrintRegion.h
-- Installing: /destdir/rocm-llvm-7.2.3/usr/include/llvm/Transforms/Vectorize/SandboxVectorizer/Passes/RegionsFromBBs.h
-- Installing: /destdir/rocm-llvm-7.2.3/usr/include/llvm/Transforms/Vectorize/SandboxVectorizer/Passes/RegionsFromMetadata.h
-- Installing: /destdir/rocm-llvm-7.2.3/usr/include/llvm/Transforms/Vectorize/SandboxVectorizer/Passes/SeedCollection.h
-- Installing: /destdir/rocm-llvm-7.2.3/usr/include/llvm/Transforms/Vectorize/SandboxVectorizer/Passes/TransactionAcceptOrRevert.h
-- Installing: /destdir/rocm-llvm-7.2.3/usr/include/llvm/Transforms/Vectorize/SandboxVectorizer/Passes/TransactionAlwaysAccept.h
-- Installing: /destdir/rocm-llvm-7.2.3/usr/include/llvm/Transforms/Vectorize/SandboxVectorizer/Passes/TransactionAlwaysRevert.h
-- Installing: /destdir/rocm-llvm-7.2.3/usr/include/llvm/Transforms/Vectorize/SandboxVectorizer/Passes/TransactionSave.h
-- Installing: /destdir/rocm-llvm-7.2.3/usr/include/llvm/Transforms/Vectorize/SandboxVectorizer/SandboxVectorizer.h
-- Installing: /destdir/rocm-llvm-7.2.3/usr/include/llvm/Transforms/Vectorize/SandboxVectorizer/SandboxVectorizerPassBuilder.h
-- Installing: /destdir/rocm-llvm-7.2.3/usr/include/llvm/Transforms/Vectorize/SandboxVectorizer/Scheduler.h
-- Installing: /destdir/rocm-llvm-7.2.3/usr/include/llvm/Transforms/Vectorize/SandboxVectorizer/SeedCollector.h
-- Installing: /destdir/rocm-llvm-7.2.3/usr/include/llvm/Transforms/Vectorize/SandboxVectorizer/VecUtils.h
-- Installing: /destdir/rocm-llvm-7.2.3/usr/include/llvm/Transforms/Vectorize/VectorCombine.h
-- Installing: /destdir/rocm-llvm-7.2.3/usr/include/llvm/WindowsDriver
-- Installing: /destdir/rocm-llvm-7.2.3/usr/include/llvm/WindowsDriver/MSVCPaths.h
-- Installing: /destdir/rocm-llvm-7.2.3/usr/include/llvm/WindowsDriver/MSVCSetupApi.h
-- Installing: /destdir/rocm-llvm-7.2.3/usr/include/llvm/WindowsManifest
-- Installing: /destdir/rocm-llvm-7.2.3/usr/include/llvm/WindowsManifest/WindowsManifestMerger.h
-- Installing: /destdir/rocm-llvm-7.2.3/usr/include/llvm/WindowsResource
-- Installing: /destdir/rocm-llvm-7.2.3/usr/include/llvm/WindowsResource/ResourceProcessor.h
-- Installing: /destdir/rocm-llvm-7.2.3/usr/include/llvm/WindowsResource/ResourceScriptToken.h
-- Installing: /destdir/rocm-llvm-7.2.3/usr/include/llvm/WindowsResource/ResourceScriptTokenList.h
-- Installing: /destdir/rocm-llvm-7.2.3/usr/include/llvm/XRay
-- Installing: /destdir/rocm-llvm-7.2.3/usr/include/llvm/XRay/BlockIndexer.h
-- Installing: /destdir/rocm-llvm-7.2.3/usr/include/llvm/XRay/BlockPrinter.h
-- Installing: /destdir/rocm-llvm-7.2.3/usr/include/llvm/XRay/BlockVerifier.h
-- Installing: /destdir/rocm-llvm-7.2.3/usr/include/llvm/XRay/FDRLogBuilder.h
-- Installing: /destdir/rocm-llvm-7.2.3/usr/include/llvm/XRay/FDRRecordConsumer.h
-- Installing: /destdir/rocm-llvm-7.2.3/usr/include/llvm/XRay/FDRRecordProducer.h
-- Installing: /destdir/rocm-llvm-7.2.3/usr/include/llvm/XRay/FDRRecords.h
-- Installing: /destdir/rocm-llvm-7.2.3/usr/include/llvm/XRay/FDRTraceExpander.h
-- Installing: /destdir/rocm-llvm-7.2.3/usr/include/llvm/XRay/FDRTraceWriter.h
-- Installing: /destdir/rocm-llvm-7.2.3/usr/include/llvm/XRay/FileHeaderReader.h
-- Installing: /destdir/rocm-llvm-7.2.3/usr/include/llvm/XRay/Graph.h
-- Installing: /destdir/rocm-llvm-7.2.3/usr/include/llvm/XRay/InstrumentationMap.h
-- Installing: /destdir/rocm-llvm-7.2.3/usr/include/llvm/XRay/Profile.h
-- Installing: /destdir/rocm-llvm-7.2.3/usr/include/llvm/XRay/RecordPrinter.h
-- Installing: /destdir/rocm-llvm-7.2.3/usr/include/llvm/XRay/Trace.h
-- Installing: /destdir/rocm-llvm-7.2.3/usr/include/llvm/XRay/XRayRecord.h
-- Installing: /destdir/rocm-llvm-7.2.3/usr/include/llvm/XRay/YAMLXRayRecord.h
-- Up-to-date: /destdir/rocm-llvm-7.2.3/usr/include/llvm-c
-- Installing: /destdir/rocm-llvm-7.2.3/usr/include/llvm-c/Analysis.h
-- Installing: /destdir/rocm-llvm-7.2.3/usr/include/llvm-c/BitReader.h
-- Installing: /destdir/rocm-llvm-7.2.3/usr/include/llvm-c/BitWriter.h
-- Installing: /destdir/rocm-llvm-7.2.3/usr/include/llvm-c/Comdat.h
-- Installing: /destdir/rocm-llvm-7.2.3/usr/include/llvm-c/Core.h
-- Installing: /destdir/rocm-llvm-7.2.3/usr/include/llvm-c/DataTypes.h
-- Installing: /destdir/rocm-llvm-7.2.3/usr/include/llvm-c/DebugInfo.h
-- Installing: /destdir/rocm-llvm-7.2.3/usr/include/llvm-c/Deprecated.h
-- Installing: /destdir/rocm-llvm-7.2.3/usr/include/llvm-c/Disassembler.h
-- Installing: /destdir/rocm-llvm-7.2.3/usr/include/llvm-c/DisassemblerTypes.h
-- Installing: /destdir/rocm-llvm-7.2.3/usr/include/llvm-c/Error.h
-- Installing: /destdir/rocm-llvm-7.2.3/usr/include/llvm-c/ErrorHandling.h
-- Installing: /destdir/rocm-llvm-7.2.3/usr/include/llvm-c/ExecutionEngine.h
-- Installing: /destdir/rocm-llvm-7.2.3/usr/include/llvm-c/ExternC.h
-- Installing: /destdir/rocm-llvm-7.2.3/usr/include/llvm-c/IRReader.h
-- Installing: /destdir/rocm-llvm-7.2.3/usr/include/llvm-c/LLJIT.h
-- Installing: /destdir/rocm-llvm-7.2.3/usr/include/llvm-c/LLJITUtils.h
-- Installing: /destdir/rocm-llvm-7.2.3/usr/include/llvm-c/Linker.h
-- Installing: /destdir/rocm-llvm-7.2.3/usr/include/llvm-c/Object.h
-- Installing: /destdir/rocm-llvm-7.2.3/usr/include/llvm-c/Orc.h
-- Installing: /destdir/rocm-llvm-7.2.3/usr/include/llvm-c/OrcEE.h
-- Up-to-date: /destdir/rocm-llvm-7.2.3/usr/include/llvm-c/Remarks.h
-- Installing: /destdir/rocm-llvm-7.2.3/usr/include/llvm-c/Support.h
-- Installing: /destdir/rocm-llvm-7.2.3/usr/include/llvm-c/Target.h
-- Installing: /destdir/rocm-llvm-7.2.3/usr/include/llvm-c/TargetMachine.h
-- Installing: /destdir/rocm-llvm-7.2.3/usr/include/llvm-c/Transforms
-- Installing: /destdir/rocm-llvm-7.2.3/usr/include/llvm-c/Transforms/PassBuilder.h
-- Installing: /destdir/rocm-llvm-7.2.3/usr/include/llvm-c/Types.h
-- Installing: /destdir/rocm-llvm-7.2.3/usr/include/llvm-c/Visibility.h
-- Installing: /destdir/rocm-llvm-7.2.3/usr/include/llvm-c/blake3.h
-- Up-to-date: /destdir/rocm-llvm-7.2.3/usr/include/llvm-c/lto.h
-- Up-to-date: /destdir/rocm-llvm-7.2.3/usr/include/llvm
-- Up-to-date: /destdir/rocm-llvm-7.2.3/usr/include/llvm/Config
-- Installing: /destdir/rocm-llvm-7.2.3/usr/include/llvm/Config/AsmPrinters.def
-- Installing: /destdir/rocm-llvm-7.2.3/usr/include/llvm/Config/AsmParsers.def
-- Installing: /destdir/rocm-llvm-7.2.3/usr/include/llvm/Config/Disassemblers.def
-- Installing: /destdir/rocm-llvm-7.2.3/usr/include/llvm/Config/Targets.def
-- Installing: /destdir/rocm-llvm-7.2.3/usr/include/llvm/Config/TargetMCAs.def
-- Installing: /destdir/rocm-llvm-7.2.3/usr/include/llvm/Config/TargetExegesis.def
-- Installing: /destdir/rocm-llvm-7.2.3/usr/include/llvm/Config/llvm-config.h
-- Installing: /destdir/rocm-llvm-7.2.3/usr/include/llvm/Config/Targets.h
-- Installing: /destdir/rocm-llvm-7.2.3/usr/include/llvm/Config/abi-breaking.h
-- Up-to-date: /destdir/rocm-llvm-7.2.3/usr/include/llvm/CodeGen
-- Installing: /destdir/rocm-llvm-7.2.3/usr/include/llvm/CodeGen/GenVT.inc
-- Up-to-date: /destdir/rocm-llvm-7.2.3/usr/include/llvm/IR
-- Installing: /destdir/rocm-llvm-7.2.3/usr/include/llvm/IR/Attributes.inc
-- Installing: /destdir/rocm-llvm-7.2.3/usr/include/llvm/IR/IntrinsicEnums.inc
-- Installing: /destdir/rocm-llvm-7.2.3/usr/include/llvm/IR/IntrinsicsAArch64.h
-- Installing: /destdir/rocm-llvm-7.2.3/usr/include/llvm/IR/IntrinsicImpl.inc
-- Installing: /destdir/rocm-llvm-7.2.3/usr/include/llvm/IR/IntrinsicsAMDGPU.h
-- Installing: /destdir/rocm-llvm-7.2.3/usr/include/llvm/IR/IntrinsicsDirectX.h
-- Installing: /destdir/rocm-llvm-7.2.3/usr/include/llvm/IR/IntrinsicsARM.h
-- Installing: /destdir/rocm-llvm-7.2.3/usr/include/llvm/IR/IntrinsicsBPF.h
-- Installing: /destdir/rocm-llvm-7.2.3/usr/include/llvm/IR/IntrinsicsHexagon.h
-- Installing: /destdir/rocm-llvm-7.2.3/usr/include/llvm/IR/IntrinsicsMips.h
-- Installing: /destdir/rocm-llvm-7.2.3/usr/include/llvm/IR/IntrinsicsLoongArch.h
-- Installing: /destdir/rocm-llvm-7.2.3/usr/include/llvm/IR/RuntimeLibcalls.inc
-- Installing: /destdir/rocm-llvm-7.2.3/usr/include/llvm/IR/IntrinsicsPowerPC.h
-- Installing: /destdir/rocm-llvm-7.2.3/usr/include/llvm/IR/IntrinsicsNVPTX.h
-- Installing: /destdir/rocm-llvm-7.2.3/usr/include/llvm/IR/IntrinsicsR600.h
-- Installing: /destdir/rocm-llvm-7.2.3/usr/include/llvm/IR/IntrinsicsS390.h
-- Installing: /destdir/rocm-llvm-7.2.3/usr/include/llvm/IR/IntrinsicsRISCV.h
-- Installing: /destdir/rocm-llvm-7.2.3/usr/include/llvm/IR/IntrinsicsWebAssembly.h
-- Installing: /destdir/rocm-llvm-7.2.3/usr/include/llvm/IR/IntrinsicsX86.h
-- Installing: /destdir/rocm-llvm-7.2.3/usr/include/llvm/IR/IntrinsicsSPIRV.h
-- Installing: /destdir/rocm-llvm-7.2.3/usr/include/llvm/IR/IntrinsicsVE.h
-- Installing: /destdir/rocm-llvm-7.2.3/usr/include/llvm/IR/IntrinsicsXCore.h
-- Up-to-date: /destdir/rocm-llvm-7.2.3/usr/include/llvm/Support
-- Installing: /destdir/rocm-llvm-7.2.3/usr/include/llvm/Support/Extension.def
-- Installing: /destdir/rocm-llvm-7.2.3/usr/include/llvm/Support/VCSRevision.h
-- Up-to-date: /destdir/rocm-llvm-7.2.3/usr/include/llvm/Frontend
-- Up-to-date: /destdir/rocm-llvm-7.2.3/usr/include/llvm/Frontend/OpenACC
-- Installing: /destdir/rocm-llvm-7.2.3/usr/include/llvm/Frontend/OpenACC/ACC.inc
-- Installing: /destdir/rocm-llvm-7.2.3/usr/include/llvm/Frontend/OpenACC/ACC.h.inc
-- Up-to-date: /destdir/rocm-llvm-7.2.3/usr/include/llvm/Frontend/OpenMP
-- Installing: /destdir/rocm-llvm-7.2.3/usr/include/llvm/Frontend/OpenMP/OMP.h.inc
-- Installing: /destdir/rocm-llvm-7.2.3/usr/include/llvm/Frontend/OpenMP/OMP.inc
-- Up-to-date: /destdir/rocm-llvm-7.2.3/usr/include/llvm/TargetParser
-- Installing: /destdir/rocm-llvm-7.2.3/usr/include/llvm/TargetParser/PPCGenTargetFeatures.inc
-- Installing: /destdir/rocm-llvm-7.2.3/usr/include/llvm/TargetParser/ARMTargetParserDef.inc
-- Installing: /destdir/rocm-llvm-7.2.3/usr/include/llvm/TargetParser/AArch64TargetParserDef.inc
-- Installing: /destdir/rocm-llvm-7.2.3/usr/include/llvm/TargetParser/RISCVTargetParserDef.inc
-- Installing: /destdir/rocm-llvm-7.2.3/usr/lib/cmake/llvm/LLVMConfigExtensions.cmake
=> rocm-llvm-7.2.3_1: running post-install hook: 00-compress-info-files ...
=> rocm-llvm-7.2.3_1: running post-install hook: 00-fixup-gir-path ...
=> rocm-llvm-7.2.3_1: running post-install hook: 00-libdir ...
=> rocm-llvm-7.2.3_1: running post-install hook: 00-uncompress-manpages ...
=> rocm-llvm-7.2.3_1: running post-install hook: 01-remove-misc ...
=> rocm-llvm-7.2.3_1: running post-install hook: 02-remove-libtool-archives ...
=> rocm-llvm-7.2.3_1: running post-install hook: 02-remove-perl-files ...
=> rocm-llvm-7.2.3_1: running post-install hook: 02-remove-python-bytecode-files ...
=> rocm-llvm-7.2.3_1: running post-install hook: 03-remove-empty-dirs ...
=> WARNING: rocm-llvm-7.2.3_1: removed empty dir: /usr/include/clang/Basic/Target/MSP430
=> WARNING: rocm-llvm-7.2.3_1: removed empty dir: /usr/include/clang/Basic/Target
=> rocm-llvm-7.2.3_1: running post-install hook: 04-create-xbps-metadata-scripts ...
=> rocm-llvm-7.2.3_1: running post-install hook: 05-generate-gitrevs ...
=> rocm-llvm-7.2.3_1: running post-install hook: 06-strip-and-debug-pkgs ...
   Stripped static library: /usr/lib/libLLVMDemangle.a
   Stripped static library: /usr/lib/libLLVMSupportLSP.a
   Stripped static library: /usr/lib/libLLVMSupport.a
   Stripped static library: /usr/lib/libLLVMTableGen.a
   Stripped static library: /usr/lib/libLLVMTableGenBasic.a
   Stripped static library: /usr/lib/libLLVMTableGenCommon.a
   Stripped static library: /usr/lib/libLLVMCore.a
   Stripped static library: /usr/lib/libLLVMFuzzerCLI.a
   Stripped static library: /usr/lib/libLLVMFuzzMutate.a
   Stripped static library: /usr/lib/libLLVMFileCheck.a
   Stripped static library: /usr/lib/libLLVMInterfaceStub.a
   Stripped static library: /usr/lib/libLLVMIRPrinter.a
   Stripped static library: /usr/lib/libLLVMIRReader.a
   Stripped static library: /usr/lib/libLLVMCAS.a
   Stripped static library: /usr/lib/libLLVMCGData.a
   Stripped static library: /usr/lib/libLLVMCodeGen.a
   Stripped static library: /usr/lib/libLLVMSelectionDAG.a
   Stripped static library: /usr/lib/libLLVMAsmPrinter.a
   Stripped static library: /usr/lib/libLLVMMIRParser.a
   Stripped static library: /usr/lib/libLLVMGlobalISel.a
   Stripped static library: /usr/lib/libLLVMCodeGenTypes.a
   Stripped static library: /usr/lib/libLLVMBinaryFormat.a
   Stripped static library: /usr/lib/libLLVMBitReader.a
   Stripped static library: /usr/lib/libLLVMBitWriter.a
   Stripped static library: /usr/lib/libLLVMBitstreamReader.a
   Stripped static library: /usr/lib/libLLVMDWARFLinker.a
   Stripped static library: /usr/lib/libLLVMDWARFLinkerClassic.a
   Stripped static library: /usr/lib/libLLVMDWARFLinkerParallel.a
   Stripped static library: /usr/lib/libLLVMExtensions.a
   Stripped static library: /usr/lib/libLLVMFrontendAtomic.a
   Stripped static library: /usr/lib/libLLVMFrontendDirective.a
   Stripped static library: /usr/lib/libLLVMFrontendDriver.a
   Stripped static library: /usr/lib/libLLVMFrontendHLSL.a
   Stripped static library: /usr/lib/libLLVMFrontendOpenACC.a
   Stripped static library: /usr/lib/libLLVMFrontendOpenMP.a
   Stripped static library: /usr/lib/libLLVMFrontendOffloading.a
   Stripped static library: /usr/lib/libLLVMTransformUtils.a
   Stripped static library: /usr/lib/libLLVMInstrumentation.a
   Stripped static library: /usr/lib/libLLVMAggressiveInstCombine.a
   Stripped static library: /usr/lib/libLLVMInstCombine.a
   Stripped static library: /usr/lib/libLLVMScalarOpts.a
   Stripped static library: /usr/lib/libLLVMipo.a
   Stripped static library: /usr/lib/libLLVMVectorize.a
   Stripped static library: /usr/lib/libLLVMObjCARCOpts.a
   Stripped static library: /usr/lib/libLLVMCoroutines.a
   Stripped static library: /usr/lib/libLLVMCFGuard.a
   Stripped static library: /usr/lib/libLLVMHipStdPar.a
   Stripped static library: /usr/lib/libLLVMLinker.a
   Stripped static library: /usr/lib/libLLVMAnalysis.a
   Stripped static library: /usr/lib/libLLVMLTO.a
   Stripped static library: /usr/lib/libLLVMMC.a
   Stripped static library: /usr/lib/libLLVMMCParser.a
   Stripped static library: /usr/lib/libLLVMMCDisassembler.a
   Stripped static library: /usr/lib/libLLVMMCA.a
   Stripped static library: /usr/lib/libLLVMObjCopy.a
   Stripped static library: /usr/lib/libLLVMObject.a
   Stripped static library: /usr/lib/libLLVMObjectYAML.a
   Stripped static library: /usr/lib/libLLVMOption.a
   Stripped static library: /usr/lib/libLLVMRemarks.a
   Stripped static library: /usr/lib/libLLVMDebuginfod.a
   Stripped static library: /usr/lib/libLLVMDebugInfoDWARFLowLevel.a
   Stripped static library: /usr/lib/libLLVMDebugInfoDWARF.a
   Stripped static library: /usr/lib/libLLVMDebugInfoGSYM.a
   Stripped static library: /usr/lib/libLLVMDebugInfoLogicalView.a
   Stripped static library: /usr/lib/libLLVMDebugInfoMSF.a
   Stripped static library: /usr/lib/libLLVMDebugInfoCodeView.a
   Stripped static library: /usr/lib/libLLVMDebugInfoPDB.a
   Stripped static library: /usr/lib/libLLVMSymbolize.a
   Stripped static library: /usr/lib/libLLVMDebugInfoBTF.a
   Stripped static library: /usr/lib/libLLVMDWARFCFIChecker.a
   Stripped static library: /usr/lib/libLLVMDWP.a
   Stripped static library: /usr/lib/libLLVMExecutionEngine.a
   Stripped static library: /usr/lib/libLLVMInterpreter.a
   Stripped static library: /usr/lib/libLLVMJITLink.a
   Stripped static library: /usr/lib/libLLVMMCJIT.a
   Stripped static library: /usr/lib/libLLVMOrcJIT.a
   Stripped static library: /usr/lib/libLLVMOrcDebugging.a
   Stripped static library: /usr/lib/libLLVMOrcShared.a
   Stripped static library: /usr/lib/libLLVMOrcTargetProcess.a
   Stripped static library: /usr/lib/libLLVMRuntimeDyld.a
   Stripped static library: /usr/lib/libLLVMTarget.a
   Stripped static library: /usr/lib/libLLVMAMDGPUCodeGen.a
   Stripped static library: /usr/lib/libLLVMAMDGPUAsmParser.a
   Stripped static library: /usr/lib/libLLVMAMDGPUDisassembler.a
   Stripped static library: /usr/lib/libLLVMAMDGPUTargetMCA.a
   Stripped static library: /usr/lib/libLLVMAMDGPUDesc.a
   Stripped static library: /usr/lib/libLLVMAMDGPUInfo.a
   Stripped static library: /usr/lib/libLLVMAMDGPUUtils.a
   Stripped static library: /usr/lib/libLLVMX86CodeGen.a
   Stripped static library: /usr/lib/libLLVMX86AsmParser.a
   Stripped static library: /usr/lib/libLLVMX86Disassembler.a
   Stripped static library: /usr/lib/libLLVMX86TargetMCA.a
   Stripped static library: /usr/lib/libLLVMX86Desc.a
   Stripped static library: /usr/lib/libLLVMX86Info.a
   Stripped static library: /usr/lib/libLLVMSandboxIR.a
   Stripped static library: /usr/lib/libLLVMAsmParser.a
   Stripped static library: /usr/lib/libLLVMLineEditor.a
   Stripped static library: /usr/lib/libLLVMProfileData.a
   Stripped static library: /usr/lib/libLLVMCoverage.a
   Stripped static library: /usr/lib/libLLVMPasses.a
   Stripped static library: /usr/lib/libLLVMTargetParser.a
   Stripped static library: /usr/lib/libLLVMTextAPI.a
   Stripped static library: /usr/lib/libLLVMTextAPIBinaryReader.a
   Stripped static library: /usr/lib/libLLVMTelemetry.a
   Stripped static library: /usr/lib/libLLVMDlltoolDriver.a
   Stripped static library: /usr/lib/libLLVMLibDriver.a
   Stripped static library: /usr/lib/libLLVMXRay.a
   Stripped static library: /usr/lib/libLLVMWindowsDriver.a
   Stripped static library: /usr/lib/libLLVMWindowsManifest.a
   Stripped library: /usr/lib/libLTO.so.22.0git
   Stripped static library: /usr/lib/liblldCommon.a
   Stripped static library: /usr/lib/liblldCOFF.a
   Stripped static library: /usr/lib/liblldELF.a
   Stripped static library: /usr/lib/liblldMachO.a
   Stripped static library: /usr/lib/liblldMinGW.a
   Stripped static library: /usr/lib/liblldWasm.a
   Stripped static library: /usr/lib/libclangBasic.a
   Stripped static library: /usr/lib/libclangAPINotes.a
   Stripped static library: /usr/lib/libclangLex.a
   Stripped static library: /usr/lib/libclangParse.a
   Stripped static library: /usr/lib/libclangAST.a
   Stripped static library: /usr/lib/libclangDynamicASTMatchers.a
   Stripped static library: /usr/lib/libclangASTMatchers.a
   Stripped static library: /usr/lib/libclangCrossTU.a
   Stripped static library: /usr/lib/libclangSema.a
   Stripped static library: /usr/lib/libclangCodeGen.a
   Stripped static library: /usr/lib/libclangAnalysis.a
   Stripped static library: /usr/lib/libclangAnalysisFlowSensitive.a
   Stripped static library: /usr/lib/libclangAnalysisFlowSensitiveModels.a
   Stripped static library: /usr/lib/libclangEdit.a
   Stripped static library: /usr/lib/libclangExtractAPI.a
   Stripped static library: /usr/lib/libclangRewrite.a
   Stripped static library: /usr/lib/libclangDriver.a
   Stripped static library: /usr/lib/libclangSerialization.a
   Stripped static library: /usr/lib/libclangRewriteFrontend.a
   Stripped static library: /usr/lib/libclangFrontend.a
   Stripped static library: /usr/lib/libclangFrontendTool.a
   Stripped static library: /usr/lib/libclangToolingCore.a
   Stripped static library: /usr/lib/libclangToolingInclusions.a
   Stripped static library: /usr/lib/libclangToolingInclusionsStdlib.a
   Stripped static library: /usr/lib/libclangToolingRefactoring.a
   Stripped static library: /usr/lib/libclangToolingASTDiff.a
   Stripped static library: /usr/lib/libclangToolingSyntax.a
   Stripped static library: /usr/lib/libclangDependencyScanning.a
   Stripped static library: /usr/lib/libclangTransformer.a
   Stripped static library: /usr/lib/libclangTooling.a
   Stripped static library: /usr/lib/libclangDirectoryWatcher.a
   Stripped static library: /usr/lib/libclangIndex.a
   Stripped static library: /usr/lib/libclangIndexSerialization.a
   Stripped static library: /usr/lib/libclangInstallAPI.a
   Stripped static library: /usr/lib/libclangStaticAnalyzerCore.a
   Stripped static library: /usr/lib/libclangStaticAnalyzerCheckers.a
   Stripped static library: /usr/lib/libclangStaticAnalyzerFrontend.a
   Stripped static library: /usr/lib/libclangFormat.a
   Stripped static library: /usr/lib/libclangInterpreter.a
   Stripped static library: /usr/lib/libclangSupport.a
   Stripped static library: /usr/lib/libclangHandleCXX.a
   Stripped static library: /usr/lib/libclangHandleLLVM.a
   Stripped library: /usr/lib/libclang-cpp.so.22.0git
   Stripped library: /usr/lib/libclang.so.22.0.0git
   Stripped static library: /usr/lib/libLLVMCFIVerify.a
   Stripped static library: /usr/lib/libLLVMDiff.a
   Stripped static library: /usr/lib/libLLVMExegesisX86.a
   Stripped static library: /usr/lib/libLLVMExegesis.a
   Stripped static library: /usr/lib/libLLVMOptDriver.a
   Stripped library: /usr/lib/libRemarks.so.22.0git
   Stripped position-independent executable: /usr/bin/llvm-tblgen
   Stripped position-independent executable: /usr/bin/llvm-ar
   Stripped position-independent executable: /usr/bin/llvm-config
   Stripped position-independent executable: /usr/bin/llvm-ctxprof-util
   Stripped position-independent executable: /usr/bin/llvm-lto
   Stripped position-independent executable: /usr/bin/llvm-profdata
   Stripped position-independent executable: /usr/bin/lld
   Stripped position-independent executable: /usr/bin/clang-tblgen
   Stripped position-independent executable: /usr/bin/diagtool
   Stripped position-independent executable: /usr/bin/clang-22
   Stripped position-independent executable: /usr/bin/clang-format
   Stripped position-independent executable: /usr/bin/clang-nvlink-wrapper
   Stripped position-independent executable: /usr/bin/clang-linker-wrapper
   Stripped position-independent executable: /usr/bin/clang-offload-packager
   Stripped position-independent executable: /usr/bin/clang-offload-bundler
   Stripped position-independent executable: /usr/bin/clang-offload-wrapper
   Stripped position-independent executable: /usr/bin/clang-scan-deps
   Stripped position-independent executable: /usr/bin/clang-sycl-linker
   Stripped position-independent executable: /usr/bin/clang-installapi
   Stripped position-independent executable: /usr/bin/clang-repl
   Stripped position-independent executable: /usr/bin/clang-build-select-link
   Stripped position-independent executable: /usr/bin/c-index-test
   Stripped position-independent executable: /usr/bin/clang-refactor
   Stripped position-independent executable: /usr/bin/clang-check
   Stripped position-independent executable: /usr/bin/clang-extdef-mapping
   Stripped position-independent executable: /usr/bin/amdllvm
   Stripped position-independent executable: /usr/bin/offload-arch
   Stripped position-independent executable: /usr/bin/bugpoint
   Stripped position-independent executable: /usr/bin/dsymutil
   Stripped position-independent executable: /usr/bin/llc
   Stripped position-independent executable: /usr/bin/lli
   Stripped position-independent executable: /usr/bin/llvm-as
   Stripped position-independent executable: /usr/bin/llvm-bcanalyzer
   Stripped position-independent executable: /usr/bin/llvm-c-test
   Stripped position-independent executable: /usr/bin/llvm-cat
   Stripped position-independent executable: /usr/bin/llvm-cfi-verify
   Stripped position-independent executable: /usr/bin/llvm-cgdata
   Stripped position-independent executable: /usr/bin/llvm-cov
   Stripped position-independent executable: /usr/bin/llvm-cvtres
   Stripped position-independent executable: /usr/bin/llvm-cxxdump
   Stripped position-independent executable: /usr/bin/llvm-cxxfilt
   Stripped position-independent executable: /usr/bin/llvm-cxxmap
   Stripped position-independent executable: /usr/bin/llvm-debuginfo-analyzer
   Stripped position-independent executable: /usr/bin/llvm-debuginfod
   Stripped position-independent executable: /usr/bin/llvm-debuginfod-find
   Stripped position-independent executable: /usr/bin/llvm-diff
   Stripped position-independent executable: /usr/bin/llvm-dis
   Stripped position-independent executable: /usr/bin/llvm-dwarfdump
   Stripped position-independent executable: /usr/bin/llvm-dwarfutil
   Stripped position-independent executable: /usr/bin/llvm-dwp
   Stripped position-independent executable: /usr/bin/llvm-exegesis
   Stripped position-independent executable: /usr/bin/llvm-extract
   Stripped position-independent executable: /usr/bin/llvm-gsymutil
   Stripped position-independent executable: /usr/bin/llvm-ifs
   Stripped position-independent executable: /usr/bin/llvm-ir2vec
   Stripped position-independent executable: /usr/bin/llvm-jitlink
   Stripped position-independent executable: /usr/bin/llvm-libtool-darwin
   Stripped position-independent executable: /usr/bin/llvm-link
   Stripped position-independent executable: /usr/bin/llvm-lipo
   Stripped position-independent executable: /usr/bin/llvm-lto2
   Stripped position-independent executable: /usr/bin/llvm-mc
   Stripped position-independent executable: /usr/bin/llvm-mca
   Stripped position-independent executable: /usr/bin/llvm-ml
   Stripped position-independent executable: /usr/bin/llvm-modextract
   Stripped position-independent executable: /usr/bin/llvm-nm
   Stripped position-independent executable: /usr/bin/llvm-objcopy
   Stripped position-independent executable: /usr/bin/llvm-objdump
   Stripped position-independent executable: /usr/bin/llvm-offload-wrapper
   Stripped position-independent executable: /usr/bin/llvm-opt-report
   Stripped position-independent executable: /usr/bin/llvm-pdbutil
   Stripped position-independent executable: /usr/bin/llvm-profgen
   Stripped position-independent executable: /usr/bin/llvm-rc
   Stripped position-independent executable: /usr/bin/llvm-readobj
   Stripped position-independent executable: /usr/bin/llvm-readtapi
   Stripped position-independent executable: /usr/bin/llvm-reduce
   Stripped position-independent executable: /usr/bin/llvm-remarkutil
   Stripped position-independent executable: /usr/bin/llvm-rtdyld
   Stripped position-independent executable: /usr/bin/llvm-sim
   Stripped position-independent executable: /usr/bin/llvm-size
   Stripped position-independent executable: /usr/bin/llvm-split
   Stripped position-independent executable: /usr/bin/llvm-stress
   Stripped position-independent executable: /usr/bin/llvm-strings
   Stripped position-independent executable: /usr/bin/llvm-symbolizer
   Stripped position-independent executable: /usr/bin/llvm-tli-checker
   Stripped position-independent executable: /usr/bin/llvm-undname
   Stripped position-independent executable: /usr/bin/llvm-xray
   Stripped position-independent executable: /usr/bin/opt
   Stripped position-independent executable: /usr/bin/reduce-chunk-list
   Stripped position-independent executable: /usr/bin/sancov
   Stripped position-independent executable: /usr/bin/sanstats
   Stripped position-independent executable: /usr/bin/verify-uselistorder
=> rocm-llvm-7.2.3_1: running post-install hook: 10-pkglint-devel-paths ...
=> rocm-llvm-7.2.3_1: running post-install hook: 11-pkglint-elf-in-usrshare ...
=> rocm-llvm-7.2.3_1: running post-install hook: 12-rename-python3-c-bindings ...
=> rocm-llvm-7.2.3_1: running post-install hook: 13-pkg-config-clean-xbps-cross-base-ref ...
=> rocm-llvm-7.2.3_1: running post-install hook: 14-fix-permissions ...
=> rocm-llvm-7.2.3_1: running post-install hook: 15-qt-private-api ...
=> rocm-llvm-7.2.3_1: running post-install hook: 80-prepare-32bit ...
=> rocm-llvm-7.2.3_1: running post-install hook: 98-shlib-provides ...
=> rocm-llvm-7.2.3_1: running post-install hook: 99-pkglint-warn-cross-cruft ...
=> rocm-llvm-7.2.3_1: running pre-pkg hook: 03-restrict-py3-version ...
=> rocm-llvm-7.2.3_1: running pre-pkg hook: 03-rewrite-python-shebang ...
   Shebang converted to '#!/usr/bin/python3': /usr/bin/git-clang-format
   Shebang converted to '#!/usr/bin/python3': /usr/bin/analyze-build
   Shebang converted to '#!/usr/bin/python3': /usr/bin/intercept-build
   Shebang converted to '#!/usr/bin/python3': /usr/bin/scan-build-py
   Shebang converted to '#!/usr/bin/python3': /usr/bin/scan-view
   Shebang converted to '#!/usr/bin/python3': /usr/bin/hmaptool
   Shebang converted to '#!/usr/bin/python3': /usr/share/clang/clang-format-diff.py
   Shebang converted to '#!/usr/bin/python3': /usr/share/scan-view/Reporter.py
   Shebang converted to '#!/usr/bin/python3': /usr/share/scan-view/startfile.py
   Shebang converted to '#!/usr/bin/python3': /usr/share/opt-viewer/opt-diff.py
   Shebang converted to '#!/usr/bin/python3': /usr/share/opt-viewer/opt-stats.py
   Shebang converted to '#!/usr/bin/python3': /usr/share/opt-viewer/opt-viewer.py
   Shebang converted to '#!/usr/bin/python3': /usr/share/opt-viewer/optrecord.py
   Shebang converted to '#!/usr/bin/python3': /usr/libexec/analyze-c++
   Shebang converted to '#!/usr/bin/python3': /usr/libexec/analyze-cc
   Shebang converted to '#!/usr/bin/python3': /usr/libexec/intercept-c++
   Shebang converted to '#!/usr/bin/python3': /usr/libexec/intercept-cc
=> rocm-llvm-7.2.3_1: running pre-pkg hook: 04-generate-provides ...
   cmd:amdclang++-7.2.3_1 cmd:amdclang-22-7.2.3_1 cmd:amdclang-7.2.3_1 cmd:amdclang-cl-7.2.3_1 cmd:amdclang-cpp-7.2.3_1 cmd:amdflang-7.2.3_1 cmd:amdgpu-arch-7.2.3_1 cmd:amdlld-7.2.3_1 cmd:amdllvm-7.2.3_1 cmd:analyze-build-7.2.3_1 cmd:bugpoint-7.2.3_1 cmd:c-index-test-7.2.3_1 cmd:clang++-7.2.3_1 cmd:clang-22-7.2.3_1 cmd:clang-7.2.3_1 cmd:clang-build-select-link-7.2.3_1 cmd:clang-check-7.2.3_1 cmd:clang-cl-7.2.3_1 cmd:clang-cpp-7.2.3_1 cmd:clang-extdef-mapping-7.2.3_1 cmd:clang-format-7.2.3_1 cmd:clang-installapi-7.2.3_1 cmd:clang-linker-wrapper-7.2.3_1 cmd:clang-nvlink-wrapper-7.2.3_1 cmd:clang-offload-bundler-7.2.3_1 cmd:clang-offload-packager-7.2.3_1 cmd:clang-offload-wrapper-7.2.3_1 cmd:clang-refactor-7.2.3_1 cmd:clang-repl-7.2.3_1 cmd:clang-scan-deps-7.2.3_1 cmd:clang-sycl-linker-7.2.3_1 cmd:clang-tblgen-7.2.3_1 cmd:diagtool-7.2.3_1 cmd:dsymutil-7.2.3_1 cmd:flang-7.2.3_1 cmd:git-clang-format-7.2.3_1 cmd:hmaptool-7.2.3_1 cmd:intercept-build-7.2.3_1 cmd:ld.lld-7.2.3_1 cmd:ld64.lld-7.2.3_1 cmd:llc-7.2.3_1 cmd:lld-7.2.3_1 cmd:lld-link-7.2.3_1 cmd:lli-7.2.3_1 cmd:llvm-addr2line-7.2.3_1 cmd:llvm-ar-7.2.3_1 cmd:llvm-as-7.2.3_1 cmd:llvm-bcanalyzer-7.2.3_1 cmd:llvm-bitcode-strip-7.2.3_1 cmd:llvm-c-test-7.2.3_1 cmd:llvm-cat-7.2.3_1 cmd:llvm-cfi-verify-7.2.3_1 cmd:llvm-cgdata-7.2.3_1 cmd:llvm-config-7.2.3_1 cmd:llvm-cov-7.2.3_1 cmd:llvm-ctxprof-util-7.2.3_1 cmd:llvm-cvtres-7.2.3_1 cmd:llvm-cxxdump-7.2.3_1 cmd:llvm-cxxfilt-7.2.3_1 cmd:llvm-cxxmap-7.2.3_1 cmd:llvm-debuginfo-analyzer-7.2.3_1 cmd:llvm-debuginfod-7.2.3_1 cmd:llvm-debuginfod-find-7.2.3_1 cmd:llvm-diff-7.2.3_1 cmd:llvm-dis-7.2.3_1 cmd:llvm-dlltool-7.2.3_1 cmd:llvm-dwarfdump-7.2.3_1 cmd:llvm-dwarfutil-7.2.3_1 cmd:llvm-dwp-7.2.3_1 cmd:llvm-exegesis-7.2.3_1 cmd:llvm-extract-7.2.3_1 cmd:llvm-gsymutil-7.2.3_1 cmd:llvm-ifs-7.2.3_1 cmd:llvm-install-name-tool-7.2.3_1 cmd:llvm-ir2vec-7.2.3_1 cmd:llvm-jitlink-7.2.3_1 cmd:llvm-lib-7.2.3_1 cmd:llvm-libtool-darwin-7.2.3_1 cmd:llvm-link-7.2.3_1 cmd:llvm-lipo-7.2.3_1 cmd:llvm-lto-7.2.3_1 cmd:llvm-lto2-7.2.3_1 cmd:llvm-mc-7.2.3_1 cmd:llvm-mca-7.2.3_1 cmd:llvm-ml-7.2.3_1 cmd:llvm-ml64-7.2.3_1 cmd:llvm-modextract-7.2.3_1 cmd:llvm-nm-7.2.3_1 cmd:llvm-objcopy-7.2.3_1 cmd:llvm-objdump-7.2.3_1 cmd:llvm-offload-wrapper-7.2.3_1 cmd:llvm-opt-report-7.2.3_1 cmd:llvm-otool-7.2.3_1 cmd:llvm-pdbutil-7.2.3_1 cmd:llvm-profdata-7.2.3_1 cmd:llvm-profgen-7.2.3_1 cmd:llvm-ranlib-7.2.3_1 cmd:llvm-rc-7.2.3_1 cmd:llvm-readelf-7.2.3_1 cmd:llvm-readobj-7.2.3_1 cmd:llvm-readtapi-7.2.3_1 cmd:llvm-reduce-7.2.3_1 cmd:llvm-remarkutil-7.2.3_1 cmd:llvm-rtdyld-7.2.3_1 cmd:llvm-sim-7.2.3_1 cmd:llvm-size-7.2.3_1 cmd:llvm-split-7.2.3_1 cmd:llvm-stress-7.2.3_1 cmd:llvm-strings-7.2.3_1 cmd:llvm-strip-7.2.3_1 cmd:llvm-symbolizer-7.2.3_1 cmd:llvm-tblgen-7.2.3_1 cmd:llvm-tli-checker-7.2.3_1 cmd:llvm-undname-7.2.3_1 cmd:llvm-windres-7.2.3_1 cmd:llvm-xray-7.2.3_1 cmd:nvptx-arch-7.2.3_1 cmd:offload-arch-7.2.3_1 cmd:opt-7.2.3_1 cmd:reduce-chunk-list-7.2.3_1 cmd:sancov-7.2.3_1 cmd:sanstats-7.2.3_1 cmd:scan-build-7.2.3_1 cmd:scan-build-py-7.2.3_1 cmd:scan-view-7.2.3_1 cmd:verify-uselistorder-7.2.3_1 cmd:wasm-ld-7.2.3_1
=> rocm-llvm-7.2.3_1: running pre-pkg hook: 04-generate-runtime-deps ...
   SONAME: ld-linux-x86-64.so.2 <-> glibc>=2.41_1
   SONAME: libc.so.6 <-> glibc>=2.41_1
   SONAME: libclang.so.22.0git <-> rocm-llvm (ignored)
   SONAME: libgcc_s.so.1 <-> libgcc>=4.4.0_1
   SONAME: libm.so.6 <-> glibc>=2.41_1
   SONAME: libstdc++.so.6 <-> libstdc++>=4.4.0_1
=> rocm-llvm-7.2.3_1: running pre-pkg hook: 05-generate-32bit-runtime-deps ...
=> rocm-llvm-7.2.3_1: running pre-pkg hook: 06-verify-python-deps ...
=> rocm-llvm-7.2.3_1: running pre-pkg hook: 90-set-timestamps ...
=> rocm-llvm-7.2.3_1: setting mtimes to Tue May 26 03:33:26 AM UTC 2026
=> rocm-llvm-7.2.3_1: running pre-pkg hook: 99-pkglint-subpkgs ...
=> rocm-llvm-7.2.3_1: running pre-pkg hook: 99-pkglint ...
=> rocm-llvm-7.2.3_1: running pre-pkg hook: 999-collected-rdeps ...
   glibc>=2.41_1 libgcc>=4.4.0_1 libstdc++>=4.4.0_1 
=> rocm-llvm-7.2.3_1: running do-pkg hook: 00-gen-pkg ...
=> Creating rocm-llvm-7.2.3_1.x86_64.xbps for repository /host/binpkgs ...
=> rocm-llvm-7.2.3_1: running post-pkg hook: 00-register-pkg ...
=> Registering new packages to /host/binpkgs
index: added `rocm-llvm-7.2.3_1' (x86_64).
index: 9 packages registered.
=> rocm-llvm-7.2.3_1: removing autodeps, please wait...
=> rocm-llvm-7.2.3_1: cleaning build directory...
=> rocm-llvm: removing files from destdir...
